Date,Time,Location,Vehicle_Count,Average_Speed,Congestion_Level,Weather
2025-01-16,11:15,Maharajgunj,812,37.5,Low,Rain
2025-02-28,13:15,Baneshwor,96,37.6,Medium,Cloudy
2025-04-24,15:15,Lalitpur,799,33.2,Low,Fog
2025-02-06,8:00,Bhaktapur,48,34.7,High,Rain
2025-01-18,14:15,Chabahil,102,34.7,Low,Rain
2025-01-10,10:30,Koteshwor,570,34.9,Medium,Clear
2025-03-31,13:45,Lalitpur,50,35.1,Medium,Fog
2025-01-04,14:30,Lalitpur,456,43.9,High,Clear
2025-03-21,8:30,Ratnapark,166,33.5,High,Rain
2025-01-18,8:45,Baneshwor,97,48.3,Low,Cloudy
2025-03-03,14:30,Lalitpur,476,37.5,Medium,Clear
2025-01-31,12:30,Lalitpur,53,34.1,High,Cloudy
2025-02-12,13:00,Baneshwor,53,32.5,Medium,Clear
2025-02-28,14:45,Maharajgunj,317,34.0,High,Rain
2025-01-13,12:00,Kalanki,97,34.3,High,Cloudy
2025-02-16,13:15,Baneshwor,96,38.1,High,Cloudy
2025-01-15,8:15,Ratnapark,102,36.8,High,Rain
2025-04-27,10:30,Bhaktapur,311,37.3,High,Clear
2025-03-25,12:15,Lalitpur,54,36.6,High,Fog
2025-01-20,8:45,Kalanki,55,36.9,Medium,Rain
2025-03-29,13:30,Koteshwor,188,33.6,High,Clear
2025-02-09,15:00,Maharajgunj,45,3.6,Medium,Cloudy
2025-04-12,15:15,Chabahil,45,33.0,High,Rain
2025-02-15,14:00,Chabahil,1001,34.6,High,Rain
2025-03-08,8:30,Ratnapark,215,23.4,High,Cloudy
2025-02-24,12:30,Kalanki,367,35.3,Low,Clear
2025-04-14,13:15,Baneshwor,97,54.6,High,Clear
2025-02-20,9:30,Bhaktapur,45,4.7,High,Rain
2025-01-27,13:00,Chabahil,99,21.0,High,Cloudy
2025-05-04,15:15,Koteshwor,97,32.5,High,Fog
2025-02-06,14:00,Lalitpur,95,28.2,Medium,Clear
2025-01-24,11:30,Chabahil,102,36.5,High,Cloudy
2025-03-03,9:15,Bhaktapur,105,34.6,Medium,Rain
2025-02-11,13:45,Bhaktapur,50,36.1,Medium,Cloudy
2025-01-05,15:45,Bhaktapur,53,8.1,High,Clear
2025-01-25,13:15,Bhaktapur,97,17.7,High,Fog
2025-04-08,10:45,Baneshwor,103,36.1,High,Clear
2025-04-24,11:15,Maharajgunj,53,9.5,Medium,Clear
2025-03-12,9:15,Koteshwor,45,1.0,Low,Rain
2025-03-05,8:15,Lalitpur,352,37.4,High,Cloudy
2025-01-08,14:45,Baneshwor,149,35.1,Low,Cloudy
2025-03-06,14:30,Kalanki,52,32.3,Medium,Clear
2025-04-01,8:30,Lalitpur,48,30.7,High,Clear
2025-03-03,9:15,Ratnapark,49,32.0,Low,Cloudy
2025-04-04,12:30,Bhaktapur,103,34.2,High,Cloudy
2025-04-11,13:15,Ratnapark,739,32.4,Low,Rain
2025-01-25,11:15,Ratnapark,331,15.6,High,Cloudy
2025-04-01,12:00,Lalitpur,51,33.3,Medium,Clear
2025-03-16,8:45,Maharajgunj,98,35.4,High,Clear
2025-04-24,14:15,Bhaktapur,48,16.0,Low,Clear
2025-03-12,10:00,Ratnapark,48,20.0,Medium,Fog
2025-02-02,8:45,Ratnapark,772,18.4,High,Clear
2025-04-19,9:30,Bhaktapur,99,24.1,High,Cloudy
2025-03-09,15:45,Bhaktapur,49,44.8,Low,Fog
2025-01-18,8:45,Kalanki,52,34.8,Medium,Rain
2025-03-03,12:15,Chabahil,441,36.9,High,Fog
2025-04-18,10:15,Bhaktapur,96,33.1,High,Rain
2025-03-24,11:00,Baneshwor,105,34.6,Medium,Rain
2025-01-02,14:30,Lalitpur,452,41.6,High,Clear
2025-04-23,9:30,Chabahil,95,32.5,Low,Fog
2025-01-23,12:30,Kalanki,95,34.2,Medium,Rain
2025-02-05,12:45,Ratnapark,48,30.9,High,Clear
2025-02-19,8:00,Lalitpur,104,38.8,Low,Rain
2025-03-22,9:15,Bhaktapur,51,33.1,Low,Rain
2025-02-11,15:00,Kalanki,672,56.2,Medium,Clear
2025-01-02,13:45,Kalanki,105,35.1,Low,Fog
2025-01-31,12:00,Koteshwor,46,46.1,High,Cloudy
2025-04-11,15:45,Baneshwor,45,21.0,Medium,Rain
2025-02-14,12:00,Chabahil,104,35.4,High,Clear
2025-03-12,13:00,Ratnapark,96,36.3,Low,Clear
2025-04-26,12:00,Koteshwor,101,36.3,High,Cloudy
2025-02-12,9:15,Maharajgunj,126,36.5,High,Clear
2025-01-13,9:00,Koteshwor,934,34.3,High,Rain
2025-02-19,15:00,Ratnapark,54,34.0,Low,Rain
2025-05-04,15:15,Koteshwor,96,31.8,High,Fog
2025-03-02,11:45,Koteshwor,732,36.0,Medium,Fog
2025-02-23,9:00,Baneshwor,392,37.2,High,Cloudy
2025-03-07,11:45,Chabahil,127,38.2,Low,Rain
2025-04-12,14:00,Lalitpur,51,37.6,Low,Rain
2025-05-03,10:45,Ratnapark,55,33.5,Medium,Rain
2025-01-04,9:45,Kalanki,45,31.6,Low,Clear
2025-01-27,15:45,Ratnapark,138,37.1,Low,Cloudy
2025-01-11,11:30,Kalanki,780,31.4,Low,Cloudy
2025-04-30,14:30,Baneshwor,98,15.3,Medium,Cloudy
2025-03-15,13:45,Koteshwor,53,34.6,Low,Fog
2025-04-27,10:30,Bhaktapur,309,34.9,High,Clear
2025-02-18,8:00,Lalitpur,97,35.1,Low,Rain
2025-01-02,9:45,Bhaktapur,45,24.3,Low,Rain
2025-02-20,13:00,Chabahil,301,30.2,Low,Cloudy
2025-03-13,11:45,Koteshwor,298,35.0,Low,Clear
2025-01-16,9:45,Ratnapark,104,3.5,High,Clear
2025-04-13,10:00,Baneshwor,98,36.5,Low,Rain
2025-04-16,13:45,Maharajgunj,50,37.9,Low,Clear
2025-03-04,10:00,Chabahil,50,38.7,Low,Clear
2025-04-01,8:30,Bhaktapur,98,33.4,High,Fog
2025-02-21,15:45,Ratnapark,50,33.9,Low,Fog
2025-04-04,15:15,Baneshwor,104,19.4,Medium,Clear
2025-03-15,10:45,Kalanki,810,35.4,Low,Clear
2025-01-22,8:15,Chabahil,660,49.7,Low,Cloudy
2025-01-28,8:00,Baneshwor,907,37.4,Low,Rain
2025-02-02,15:45,Chabahil,936,7.8,Medium,Rain
2025-04-24,9:30,Lalitpur,54,36.5,Low,Clear
2025-04-16,14:45,Baneshwor,850,36.4,Low,Fog
2025-02-04,8:00,Bhaktapur,48,32.4,High,Rain
2025-02-27,13:30,Koteshwor,773,54.9,Low,Rain
2025-03-01,10:15,Lalitpur,54,32.2,Medium,Cloudy
2025-04-07,10:15,Maharajgunj,54,36.8,Medium,Clear
2025-02-02,15:15,Ratnapark,103,32.0,High,Rain
2025-04-04,14:15,Bhaktapur,52,36.2,Low,Fog
2025-02-08,13:30,Kalanki,228,12.7,Medium,Cloudy
2025-04-06,8:00,Kalanki,98,34.6,Low,Cloudy
2025-04-07,11:00,Ratnapark,51,34.5,Low,Cloudy
2025-04-08,11:30,Kalanki,280,36.2,Medium,Fog
2025-02-12,12:30,Baneshwor,97,34.3,Medium,Rain
2025-04-26,11:00,Koteshwor,103,38.6,Medium,Cloudy
2025-01-07,10:45,Maharajgunj,104,14.4,Low,Rain
2025-04-15,15:00,Kalanki,188,34.4,High,Cloudy
2025-05-02,13:45,Lalitpur,96,28.9,Medium,Clear
2025-01-31,9:00,Baneshwor,651,33.1,Medium,Rain
2025-04-11,9:00,Chabahil,49,33.7,High,Fog
2025-01-26,14:15,Lalitpur,131,30.3,High,Clear
2025-02-17,10:00,Koteshwor,736,50.0,Low,Cloudy
2025-03-05,10:30,Ratnapark,204,33.7,Medium,Fog
2025-01-06,10:45,Baneshwor,55,39.2,Medium,Cloudy
2025-01-22,12:00,Lalitpur,108,19.9,Low,Rain
2025-01-04,14:15,Ratnapark,551,47.3,Medium,Fog
2025-04-18,13:45,Chabahil,659,36.2,High,Fog
2025-01-07,9:30,Maharajgunj,237,42.3,Low,Fog
2025-04-24,11:15,Maharajgunj,47,5.9,Medium,Clear
2025-04-21,8:15,Lalitpur,418,34.5,Medium,Cloudy
2025-03-12,9:00,Lalitpur,51,35.9,Low,Fog
2025-02-16,14:00,Chabahil,1000,35.5,High,Rain
2025-01-16,10:30,Ratnapark,47,34.5,High,Clear
2025-03-26,12:00,Lalitpur,100,31.9,Low,Rain
2025-03-01,12:15,Baneshwor,504,34.1,Medium,Rain
2025-01-06,14:30,Baneshwor,46,32.7,High,Clear
2025-01-17,9:30,Lalitpur,101,33.7,High,Cloudy
2025-03-08,12:30,Lalitpur,745,18.1,Low,Rain
2025-03-18,10:15,Baneshwor,49,35.7,Medium,Fog
2025-02-21,11:30,Baneshwor,291,55.6,Low,Cloudy
2025-03-30,12:45,Kalanki,126,46.9,Medium,Fog
2025-02-22,10:30,Maharajgunj,103,36.5,Medium,Clear
2025-02-05,12:30,Chabahil,48,35.6,High,Fog
2025-02-18,8:00,Ratnapark,53,37.6,Low,Clear
2025-04-14,11:30,Baneshwor,690,36.2,High,Rain
2025-03-04,9:45,Koteshwor,54,24.0,High,Clear
2025-02-02,13:45,Lalitpur,103,36.6,Low,Clear
2025-01-04,10:45,Baneshwor,48,35.6,Medium,Cloudy
2025-01-04,13:15,Ratnapark,47,33.9,Low,Clear
2025-01-18,10:00,Ratnapark,46,33.0,Medium,Clear
2025-01-28,15:30,Koteshwor,622,32.5,Low,Rain
2025-04-21,10:45,Chabahil,434,16.3,Medium,Clear
2025-04-14,11:45,Bhaktapur,50,38.0,High,Clear
2025-05-02,13:30,Maharajgunj,932,34.2,Low,Clear
2025-01-03,10:30,Ratnapark,49,18.2,High,Cloudy
2025-01-06,9:15,Kalanki,98,34.8,Low,Fog
2025-03-05,13:00,Chabahil,50,31.4,Low,Rain
2025-02-21,12:30,Chabahil,49,36.5,High,Clear
2025-03-17,13:00,Lalitpur,936,32.8,Low,Rain
2025-04-06,11:30,Lalitpur,860,35.0,Medium,Clear
2025-04-15,12:00,Kalanki,53,34.3,High,Clear
2025-01-15,15:30,Ratnapark,100,36.8,Low,Cloudy
2025-03-29,15:00,Chabahil,105,32.9,High,Cloudy
2025-04-23,10:30,Bhaktapur,315,35.8,High,Clear
2025-04-05,9:15,Maharajgunj,104,53.3,High,Cloudy
2025-03-14,8:00,Chabahil,104,34.0,Low,Rain
2025-04-10,8:45,Baneshwor,97,5.7,Medium,Clear
2025-03-22,14:15,Lalitpur,698,39.2,High,Rain
2025-05-02,10:45,Ratnapark,50,36.1,Medium,Rain
2025-02-28,10:15,Lalitpur,45,33.5,Medium,Cloudy
2025-03-25,11:45,Baneshwor,99,32.8,Medium,Cloudy
2025-04-10,14:45,Bhaktapur,54,34.0,Low,Rain
2025-01-01,12:45,Koteshwor,50,36.4,Low,Fog
2025-01-30,8:45,Bhaktapur,55,35.2,Medium,Rain
2025-03-05,13:00,Chabahil,52,33.7,Low,Rain
2025-04-13,12:45,Bhaktapur,55,38.5,Low,Clear
2025-02-21,13:00,Koteshwor,355,32.7,Medium,Rain
2025-04-23,13:45,Maharajgunj,55,33.2,High,Cloudy
2025-04-17,10:30,Maharajgunj,97,39.4,High,Rain
2025-02-21,15:00,Kalanki,96,36.3,High,Cloudy
2025-01-26,10:45,Bhaktapur,98,35.3,Low,Rain
2025-01-03,14:15,Ratnapark,558,48.0,Medium,Fog
2025-04-21,10:30,Baneshwor,105,34.2,High,Clear
2025-03-13,12:15,Ratnapark,190,37.6,Low,Cloudy
2025-04-28,14:30,Chabahil,47,34.2,Low,Cloudy
2025-03-02,8:45,Ratnapark,98,1.1,Medium,Clear
2025-04-01,9:15,Ratnapark,47,34.2,High,Rain
2025-03-17,8:15,Lalitpur,54,0.0,Low,Clear
2025-04-25,10:30,Chabahil,96,50.4,Medium,Clear
2025-04-09,10:15,Koteshwor,48,34.5,Medium,Clear
2025-02-02,14:15,Maharajgunj,50,37.4,Medium,Cloudy
2025-03-14,14:00,Chabahil,884,36.4,Medium,Clear
2025-01-13,12:45,Bhaktapur,647,58.5,High,Cloudy
2025-04-27,14:00,Maharajgunj,49,35.0,Low,Fog
2025-04-05,9:00,Koteshwor,47,0.0,Medium,Fog
2025-03-06,12:15,Chabahil,434,30.6,High,Fog
2025-02-24,12:30,Chabahil,53,35.2,High,Clear
2025-01-30,13:45,Lalitpur,95,41.6,Low,Clear
2025-04-09,11:30,Kalanki,279,34.8,Medium,Fog
2025-03-27,15:30,Chabahil,45,33.9,Medium,Fog
2025-01-22,11:00,Lalitpur,51,35.9,High,Cloudy
2025-03-13,14:45,Baneshwor,100,34.8,Low,Clear
2025-01-06,13:45,Lalitpur,101,38.4,High,Clear
2025-03-08,11:45,Koteshwor,47,58.5,High,Rain
2025-01-17,12:00,Kalanki,97,36.9,Medium,Cloudy
2025-04-19,8:15,Lalitpur,427,36.5,Medium,Cloudy
2025-04-04,10:45,Bhaktapur,45,32.4,High,Clear
2025-01-31,10:30,Koteshwor,48,36.3,Medium,Fog
2025-01-11,10:00,Baneshwor,46,35.8,High,Cloudy
2025-04-15,13:00,Maharajgunj,54,50.2,High,Cloudy
2025-03-16,15:00,Maharajgunj,189,36.0,High,Rain
2025-04-01,8:30,Lalitpur,47,33.9,High,Clear
2025-03-13,11:30,Bhaktapur,813,40.4,Low,Clear
2025-03-15,13:00,Lalitpur,932,34.8,Low,Rain
2025-05-03,12:45,Chabahil,561,36.9,High,Clear
2025-03-27,10:00,Kalanki,350,34.1,Medium,Fog
2025-04-17,13:00,Maharajgunj,45,50.6,High,Cloudy
2025-01-02,13:15,Ratnapark,52,36.9,Low,Clear
2025-03-22,11:30,Lalitpur,45,35.7,High,Rain
2025-03-16,10:45,Kalanki,802,38.3,Low,Clear
2025-02-16,9:15,Maharajgunj,128,33.2,High,Clear
2025-04-17,14:45,Ratnapark,49,34.0,High,Rain
2025-02-10,13:00,Baneshwor,52,35.4,Medium,Clear
2025-03-26,13:45,Chabahil,53,36.8,Low,Fog
2025-03-06,8:15,Bhaktapur,200,43.4,Medium,Fog
2025-02-12,11:00,Maharajgunj,53,29.6,High,Clear
2025-03-03,13:45,Ratnapark,55,8.7,High,Rain
2025-02-02,13:45,Lalitpur,97,37.7,Low,Clear
2025-01-26,11:15,Ratnapark,329,19.6,High,Cloudy
2025-02-01,8:00,Chabahil,54,34.8,Low,Rain
2025-02-18,15:00,Maharajgunj,52,51.1,High,Rain
2025-02-20,14:00,Koteshwor,95,48.9,Low,Clear
2025-02-06,12:30,Koteshwor,811,39.3,High,Clear
2025-03-27,9:15,Maharajgunj,51,34.9,High,Cloudy
2025-03-23,15:00,Lalitpur,95,35.1,Low,Cloudy
2025-04-06,15:00,Lalitpur,54,34.4,Medium,Clear
2025-02-02,8:30,Lalitpur,54,34.6,Medium,Clear
2025-02-15,11:15,Ratnapark,100,34.2,High,Clear
2025-04-03,11:15,Chabahil,534,36.7,High,Cloudy
2025-02-28,13:30,Koteshwor,764,52.4,Low,Rain
2025-02-25,9:00,Bhaktapur,49,39.5,Medium,Fog
2025-03-25,13:45,Ratnapark,241,35.3,Low,Rain
2025-02-10,10:45,Kalanki,310,37.9,Low,Clear
2025-03-29,10:15,Baneshwor,45,40.3,Medium,Fog
2025-02-02,8:00,Chabahil,50,35.8,Low,Rain
2025-04-18,10:15,Bhaktapur,102,37.0,High,Rain
2025-01-29,13:00,Chabahil,102,36.2,Medium,Clear
2025-03-28,15:00,Chabahil,102,36.2,High,Cloudy
2025-03-28,12:15,Lalitpur,55,36.1,High,Fog
2025-04-20,10:00,Kalanki,119,32.8,Low,Cloudy
2025-02-16,11:45,Ratnapark,587,35.7,High,Clear
2025-03-31,10:15,Ratnapark,577,32.4,High,Rain
2025-03-19,9:15,Baneshwor,402,58.7,Medium,Rain
2025-03-01,12:15,Baneshwor,497,33.5,Medium,Rain
2025-01-28,12:15,Kalanki,49,35.7,Low,Fog
2025-03-30,10:45,Lalitpur,104,35.7,High,Rain
2025-01-13,12:30,Chabahil,228,36.0,Medium,Rain
2025-04-18,14:00,Bhaktapur,104,35.6,Medium,Rain
2025-03-08,9:30,Koteshwor,45,33.8,High,Cloudy
2025-02-25,13:00,Lalitpur,45,34.5,Low,Fog
2025-03-13,14:00,Chabahil,882,36.8,Medium,Clear
2025-02-06,13:45,Chabahil,850,37.1,Medium,Clear
2025-03-06,12:45,Baneshwor,560,42.7,Medium,Rain
2025-04-16,14:00,Kalanki,104,3.9,Low,Clear
2025-02-22,9:30,Bhaktapur,48,5.5,High,Rain
2025-02-18,10:45,Lalitpur,51,37.1,Medium,Rain
2025-01-15,12:30,Chabahil,231,37.4,Medium,Rain
2025-03-22,14:15,Lalitpur,693,33.2,High,Rain
2025-03-21,12:15,Ratnapark,99,35.6,High,Fog
2025-05-05,11:30,Chabahil,682,31.7,Medium,Clear
2025-01-09,11:30,Kalanki,788,35.8,Low,Cloudy
2025-04-04,10:45,Bhaktapur,47,37.8,High,Clear
2025-01-17,12:30,Chabahil,233,37.0,Medium,Rain
2025-01-01,9:45,Bhaktapur,49,22.2,Low,Rain
2025-03-24,8:00,Baneshwor,54,34.6,Medium,Clear
2025-01-31,9:45,Kalanki,104,11.1,Low,Fog
2025-03-10,11:45,Koteshwor,298,35.2,Low,Clear
2025-04-24,8:45,Ratnapark,332,23.8,Low,Cloudy
2025-04-08,12:00,Baneshwor,539,35.8,Medium,Fog
2025-01-30,8:00,Chabahil,47,29.1,Low,Rain
2025-02-18,15:00,Maharajgunj,45,47.4,High,Rain
2025-02-21,8:15,Ratnapark,54,30.6,Medium,Cloudy
2025-03-24,12:00,Ratnapark,47,10.4,Low,Cloudy
2025-01-15,13:15,Chabahil,103,35.5,High,Fog
2025-01-10,10:45,Maharajgunj,104,14.6,Low,Rain
2025-04-01,15:00,Chabahil,105,33.1,High,Cloudy
2025-04-02,15:15,Baneshwor,105,18.3,Medium,Clear
2025-03-31,10:15,Ratnapark,580,36.4,High,Rain
2025-04-02,11:15,Chabahil,544,32.5,High,Cloudy
2025-02-25,14:45,Lalitpur,100,32.1,Low,Rain
2025-01-26,9:30,Koteshwor,98,35.0,Low,Rain
2025-04-22,11:00,Ratnapark,52,38.6,High,Cloudy
2025-03-01,9:30,Chabahil,316,63.4,Medium,Fog
2025-01-29,9:30,Baneshwor,51,36.1,Medium,Rain
2025-01-27,9:00,Kalanki,941,33.5,High,Rain
2025-01-13,13:00,Bhaktapur,925,36.8,Low,Rain
2025-02-16,10:45,Baneshwor,130,34.1,Medium,Fog
2025-04-13,12:45,Bhaktapur,49,33.5,Low,Clear
2025-02-07,10:15,Bhaktapur,98,30.7,Medium,Cloudy
2025-02-04,9:00,Lalitpur,100,35.2,Low,Rain
2025-04-21,12:45,Ratnapark,96,17.7,High,Cloudy
2025-04-26,15:00,Ratnapark,97,17.2,Low,Rain
2025-03-19,11:45,Ratnapark,45,30.4,High,Cloudy
2025-01-27,11:15,Ratnapark,96,56.3,Low,Cloudy
2025-05-01,14:45,Ratnapark,305,30.1,High,Clear
2025-03-06,14:30,Kalanki,52,37.2,Medium,Clear
2025-04-08,13:45,Ratnapark,102,36.0,High,Rain
2025-01-21,10:00,Baneshwor,96,42.4,Low,Cloudy
2025-03-20,10:00,Baneshwor,100,36.1,High,Rain
2025-01-28,15:30,Koteshwor,618,33.0,Low,Rain
2025-01-19,11:30,Baneshwor,362,35.1,Low,Cloudy
2025-01-25,8:30,Lalitpur,773,36.6,Low,Rain
2025-02-14,9:30,Baneshwor,99,28.8,Medium,Fog
2025-03-02,12:15,Baneshwor,99,6.1,Low,Fog
2025-02-16,10:00,Lalitpur,97,35.0,Medium,Clear
2025-04-11,8:00,Lalitpur,649,34.6,High,Rain
2025-03-30,13:15,Maharajgunj,48,37.9,Low,Clear
2025-04-10,9:00,Chabahil,51,32.8,High,Fog
2025-05-03,14:30,Maharajgunj,46,33.8,Medium,Rain
2025-05-03,14:30,Baneshwor,104,12.2,Medium,Cloudy
2025-02-20,8:15,Ratnapark,48,38.0,Medium,Cloudy
2025-02-13,12:00,Chabahil,98,34.5,High,Clear
2025-03-08,14:30,Kalanki,45,34.1,Medium,Clear
2025-01-21,15:45,Bhaktapur,711,34.9,High,Fog
2025-01-20,14:30,Koteshwor,102,36.3,Medium,Fog
2025-04-24,10:30,Chabahil,95,51.7,Medium,Clear
2025-04-03,13:15,Bhaktapur,102,40.3,Low,Fog
2025-04-20,11:00,Baneshwor,51,35.9,Medium,Fog
2025-03-07,15:45,Ratnapark,641,34.1,Low,Rain
2025-05-01,11:15,Bhaktapur,102,33.9,Low,Clear
2025-05-04,11:30,Bhaktapur,445,34.2,Medium,Fog
2025-03-25,13:45,Chabahil,52,32.0,Low,Fog
2025-03-15,11:30,Chabahil,105,35.1,High,Fog
2025-02-11,12:30,Baneshwor,104,36.6,Medium,Rain
2025-04-27,10:30,Bhaktapur,308,33.8,High,Clear
2025-03-23,15:00,Koteshwor,54,24.4,High,Fog
2025-04-13,10:45,Bhaktapur,51,38.0,Medium,Clear
2025-05-05,12:45,Chabahil,556,32.1,High,Clear
2025-03-04,13:45,Ratnapark,49,5.9,High,Rain
2025-05-02,13:00,Koteshwor,53,32.7,Low,Clear
2025-01-22,13:00,Chabahil,51,31.9,High,Rain
2025-02-22,13:30,Maharajgunj,98,23.8,Medium,Fog
2025-02-10,10:30,Ratnapark,100,34.3,High,Clear
2025-03-20,12:00,Chabahil,54,16.6,High,Rain
2025-02-06,9:45,Ratnapark,978,6.3,Medium,Fog
2025-04-09,9:00,Chabahil,51,33.6,High,Fog
2025-01-22,10:00,Baneshwor,104,44.6,Low,Cloudy
2025-02-14,12:00,Chabahil,103,38.0,High,Clear
2025-03-25,11:30,Ratnapark,98,34.1,High,Cloudy
2025-03-14,10:45,Lalitpur,54,36.5,Medium,Rain
2025-04-24,9:00,Kalanki,97,34.5,Medium,Cloudy
2025-01-03,9:45,Bhaktapur,52,25.8,Low,Rain
2025-04-26,11:00,Chabahil,95,23.9,High,Fog
2025-02-09,11:00,Bhaktapur,103,31.7,Low,Clear
2025-01-31,15:00,Koteshwor,95,34.2,High,Clear
2025-03-29,8:30,Maharajgunj,46,33.2,Low,Rain
2025-02-25,15:30,Chabahil,102,34.0,Low,Fog
2025-01-04,14:30,Lalitpur,214,34.6,High,Fog
2025-01-19,12:00,Kalanki,101,36.4,Medium,Cloudy
2025-01-04,8:15,Chabahil,97,34.2,High,Cloudy
2025-01-26,12:15,Kalanki,51,33.4,Low,Fog
2025-01-14,15:30,Ratnapark,100,34.3,Low,Cloudy
2025-03-29,12:00,Maharajgunj,589,33.5,Low,Clear
2025-04-18,14:45,Baneshwor,852,33.1,Low,Fog
2025-01-27,13:00,Chabahil,105,31.8,High,Cloudy
2025-01-18,8:45,Kalanki,54,35.1,Medium,Rain
2025-02-21,9:45,Bhaktapur,54,6.9,Medium,Rain
2025-01-22,14:45,Maharajgunj,99,59.9,Medium,Rain
2025-01-06,15:15,Bhaktapur,54,15.1,Low,Clear
2025-01-16,12:30,Baneshwor,393,22.9,Low,Clear
2025-03-28,8:00,Ratnapark,46,34.6,Low,Cloudy
2025-05-01,10:15,Koteshwor,98,33.1,Low,Rain
2025-03-22,15:00,Lalitpur,102,34.5,Low,Cloudy
2025-03-17,12:15,Kalanki,99,32.6,Low,Fog
2025-03-25,12:15,Ratnapark,103,32.3,High,Fog
2025-02-22,11:00,Maharajgunj,54,54.1,Low,Fog
2025-02-23,13:15,Chabahil,259,35.3,Medium,Cloudy
2025-01-14,12:15,Kalanki,102,35.3,Low,Rain
2025-04-20,13:45,Maharajgunj,697,31.6,High,Clear
2025-01-30,15:00,Koteshwor,96,35.7,High,Clear
2025-01-31,11:15,Maharajgunj,96,37.3,Low,Cloudy
2025-01-15,8:30,Koteshwor,972,18.3,Medium,Rain
2025-03-06,12:45,Baneshwor,560,46.3,Medium,Rain
2025-03-01,13:45,Ratnapark,54,7.7,High,Rain
2025-01-15,15:30,Ratnapark,103,35.6,Low,Cloudy
2025-01-23,10:30,Maharajgunj,651,36.3,Medium,Cloudy
2025-04-24,15:15,Lalitpur,799,31.4,Low,Fog
2025-04-29,11:45,Ratnapark,95,9.8,High,Fog
2025-04-26,10:15,Bhaktapur,871,24.8,High,Clear
2025-04-26,8:00,Koteshwor,100,36.8,Low,Cloudy
2025-02-11,12:30,Baneshwor,97,31.9,Medium,Rain
2025-03-31,15:15,Chabahil,97,45.6,High,Cloudy
2025-04-16,13:45,Maharajgunj,47,39.2,Low,Clear
2025-01-20,13:15,Chabahil,97,8.6,Low,Clear
2025-04-07,11:00,Ratnapark,51,33.7,Low,Cloudy
2025-03-30,9:15,Baneshwor,104,36.3,Low,Clear
2025-01-21,11:30,Chabahil,105,36.7,High,Cloudy
2025-03-17,12:30,Kalanki,96,54.3,Low,Rain
2025-04-17,11:45,Bhaktapur,54,37.0,Low,Clear
2025-02-23,13:00,Koteshwor,356,33.7,Medium,Rain
2025-02-04,14:00,Lalitpur,96,31.3,Medium,Clear
2025-04-17,14:45,Baneshwor,852,34.8,Low,Fog
2025-05-03,9:00,Koteshwor,54,33.2,High,Rain
2025-03-07,10:00,Koteshwor,101,1.6,High,Rain
2025-04-27,10:15,Bhaktapur,868,23.3,High,Clear
2025-02-18,11:30,Baneshwor,287,53.5,Low,Cloudy
2025-01-21,10:00,Ratnapark,53,32.3,Medium,Clear
2025-01-26,8:30,Ratnapark,105,38.7,Low,Fog
2025-02-14,10:45,Baneshwor,129,35.6,Medium,Fog
2025-03-24,13:45,Chabahil,55,35.9,Low,Fog
2025-01-06,10:30,Ratnapark,48,16.8,High,Cloudy
2025-04-02,10:30,Chabahil,51,35.0,High,Clear
2025-03-04,9:15,Bhaktapur,103,34.7,Medium,Rain
2025-05-05,14:30,Maharajgunj,52,37.0,Medium,Rain
2025-04-25,14:30,Bhaktapur,52,34.0,Low,Cloudy
2025-03-02,11:45,Bhaktapur,347,33.5,Low,Fog
2025-02-20,15:30,Chabahil,667,34.1,High,Clear
2025-01-05,15:45,Bhaktapur,49,10.4,High,Clear
2025-04-08,13:45,Baneshwor,97,33.4,High,Cloudy
2025-03-30,8:00,Ratnapark,607,10.4,High,Fog
2025-01-06,15:45,Chabahil,102,33.3,High,Fog
2025-01-30,11:45,Bhaktapur,99,8.4,Medium,Cloudy
2025-02-17,10:00,Kalanki,48,15.4,Medium,Rain
2025-03-12,8:45,Maharajgunj,102,34.3,High,Clear
2025-02-28,15:00,Chabahil,101,36.4,High,Clear
2025-04-13,14:00,Lalitpur,50,36.4,Low,Rain
2025-02-07,12:30,Koteshwor,808,42.8,High,Clear
2025-01-05,11:15,Lalitpur,49,33.4,Low,Clear
2025-01-31,9:45,Ratnapark,224,35.3,Low,Cloudy
2025-02-07,14:00,Lalitpur,96,26.4,Medium,Clear
2025-04-14,14:45,Ratnapark,48,35.8,High,Rain
2025-03-20,10:00,Baneshwor,102,35.0,High,Rain
2025-02-07,13:00,Ratnapark,106,31.7,High,Rain
2025-04-25,11:00,Koteshwor,105,37.4,Medium,Cloudy
2025-03-06,15:30,Koteshwor,45,6.7,High,Clear
2025-03-01,15:30,Chabahil,96,36.2,Low,Fog
2025-04-18,12:45,Maharajgunj,749,33.5,Low,Rain
2025-04-19,14:45,Baneshwor,858,35.2,Low,Fog
2025-03-27,12:00,Maharajgunj,597,32.6,Low,Clear
2025-03-08,11:00,Baneshwor,105,49.7,Low,Fog
2025-03-16,8:00,Chabahil,105,34.8,Low,Rain
2025-01-26,13:00,Chabahil,101,23.6,High,Cloudy
2025-01-09,10:30,Ratnapark,715,35.2,Low,Rain
2025-03-10,15:30,Koteshwor,49,9.3,High,Cloudy
2025-01-04,8:15,Kalanki,45,6.4,Medium,Fog
2025-01-21,9:15,Koteshwor,191,34.2,High,Clear
2025-02-01,9:45,Kalanki,102,14.1,Low,Fog
2025-01-20,14:30,Chabahil,101,35.9,Medium,Clear
2025-03-05,10:00,Chabahil,46,41.7,Low,Clear
2025-01-06,15:30,Lalitpur,99,47.9,Low,Rain
2025-02-16,13:15,Baneshwor,105,34.4,High,Cloudy
2025-03-07,12:15,Lalitpur,417,31.0,High,Clear
2025-01-16,15:30,Ratnapark,103,36.9,Low,Cloudy
2025-04-27,14:30,Chabahil,54,37.2,Low,Cloudy
2025-04-07,15:00,Lalitpur,45,38.7,Medium,Clear
2025-01-06,14:30,Lalitpur,211,35.8,High,Fog
2025-02-05,9:00,Lalitpur,97,34.5,Low,Rain
2025-02-15,10:00,Lalitpur,105,36.7,Medium,Clear
2025-03-08,9:30,Koteshwor,53,36.7,High,Cloudy
2025-02-10,9:30,Ratnapark,49,38.3,Medium,Rain
2025-01-23,10:00,Chabahil,857,53.9,Low,Clear
2025-03-22,8:45,Kalanki,409,34.7,Low,Rain
2025-01-15,15:30,Ratnapark,103,33.6,Low,Cloudy
2025-04-03,12:30,Bhaktapur,103,36.1,High,Cloudy
2025-01-16,11:00,Chabahil,114,31.9,High,Rain
2025-01-25,12:30,Maharajgunj,53,36.6,Medium,Fog
2025-01-25,13:15,Bhaktapur,98,22.2,High,Fog
2025-05-01,10:00,Bhaktapur,100,55.2,Low,Rain
2025-01-22,11:30,Chabahil,99,35.3,High,Cloudy
2025-02-01,10:15,Koteshwor,99,38.1,Medium,Rain
2025-02-09,15:00,Koteshwor,98,36.7,High,Clear
2025-01-17,12:30,Baneshwor,342,58.8,High,Rain
2025-01-01,10:45,Maharajgunj,50,51.8,Medium,Clear
2025-04-13,8:45,Koteshwor,53,33.2,Medium,Cloudy
2025-04-09,10:30,Maharajgunj,45,28.1,Medium,Cloudy
2025-03-13,11:45,Koteshwor,299,33.0,Low,Clear
2025-03-18,9:15,Koteshwor,100,36.2,Low,Rain
2025-02-12,15:00,Koteshwor,97,37.6,High,Clear
2025-04-23,10:30,Bhaktapur,306,33.2,High,Clear
2025-04-01,13:45,Lalitpur,48,27.6,High,Fog
2025-04-16,15:00,Kalanki,193,35.0,High,Cloudy
2025-03-22,14:15,Maharajgunj,454,36.8,High,Rain
2025-02-06,9:15,Chabahil,97,38.2,High,Cloudy
2025-05-05,10:45,Ratnapark,46,31.6,Medium,Rain
2025-04-21,11:00,Lalitpur,824,34.4,Low,Cloudy
2025-03-29,8:45,Maharajgunj,104,34.5,High,Fog
2025-03-24,14:00,Ratnapark,552,32.2,Low,Fog
2025-01-22,8:45,Bhaktapur,105,34.0,High,Fog
2025-03-04,9:45,Koteshwor,52,26.9,High,Clear
2025-02-22,9:30,Bhaktapur,47,6.4,High,Rain
2025-04-13,9:15,Ratnapark,51,31.9,Medium,Fog
2025-01-17,12:15,Kalanki,102,40.7,Low,Rain
2025-05-04,11:15,Bhaktapur,97,35.5,Low,Clear
2025-02-20,15:00,Kalanki,96,35.2,High,Cloudy
2025-04-15,11:30,Kalanki,665,53.8,Medium,Rain
2025-02-04,9:45,Chabahil,47,35.5,Low,Fog
2025-01-25,15:30,Lalitpur,825,3.7,High,Fog
2025-01-07,8:45,Chabahil,45,31.2,High,Cloudy
2025-03-04,10:00,Chabahil,50,40.9,Low,Clear
2025-03-30,8:30,Lalitpur,53,34.6,High,Clear
2025-04-10,12:00,Lalitpur,47,38.9,High,Rain
2025-03-09,9:15,Baneshwor,51,53.7,Medium,Fog
2025-04-23,14:30,Bhaktapur,100,37.2,High,Rain
2025-04-18,9:00,Bhaktapur,52,52.7,Low,Fog
2025-04-29,12:30,Chabahil,47,8.8,Medium,Rain
2025-02-24,13:30,Ratnapark,47,37.2,Low,Clear
2025-03-12,11:45,Koteshwor,48,59.3,High,Rain
2025-04-21,11:30,Baneshwor,928,37.6,Low,Rain
2025-03-10,8:15,Bhaktapur,202,40.9,Medium,Fog
2025-04-28,8:30,Maharajgunj,105,34.9,Low,Rain
2025-04-21,8:30,Kalanki,48,49.6,Low,Fog
2025-01-04,13:45,Lalitpur,100,34.5,High,Clear
2025-03-30,11:15,Bhaktapur,293,2.8,High,Cloudy
2025-01-03,13:00,Baneshwor,105,45.6,Medium,Cloudy
2025-02-13,12:45,Lalitpur,102,42.0,Medium,Clear
2025-04-13,14:00,Lalitpur,49,40.4,Low,Rain
2025-03-10,15:30,Koteshwor,49,5.3,High,Cloudy
2025-02-22,14:45,Baneshwor,50,32.3,Medium,Rain
2025-03-29,10:45,Lalitpur,104,35.7,Medium,Fog
2025-04-25,14:30,Bhaktapur,51,37.8,Low,Cloudy
2025-03-05,9:15,Maharajgunj,54,34.0,Low,Fog
2025-01-22,9:30,Baneshwor,763,8.4,Low,Cloudy
2025-01-15,9:00,Koteshwor,932,36.4,High,Rain
2025-02-17,13:15,Lalitpur,278,35.4,Medium,Rain
2025-04-20,13:45,Lalitpur,601,35.0,Low,Rain
2025-04-16,8:45,Koteshwor,99,33.2,Medium,Rain
2025-04-05,10:15,Maharajgunj,49,30.4,Medium,Clear
2025-04-21,11:00,Lalitpur,824,32.8,Low,Cloudy
2025-01-08,11:15,Bhaktapur,101,34.2,High,Rain
2025-03-27,14:45,Baneshwor,148,37.2,Medium,Fog
2025-04-02,9:30,Bhaktapur,259,34.8,High,Clear
2025-03-16,8:15,Lalitpur,45,0.0,Low,Clear
2025-01-26,11:15,Ratnapark,328,17.2,High,Cloudy
2025-01-18,9:00,Maharajgunj,97,8.3,Low,Cloudy
2025-01-19,15:00,Koteshwor,97,37.7,Medium,Fog
2025-02-09,13:45,Bhaktapur,51,37.1,Medium,Cloudy
2025-03-17,9:15,Koteshwor,105,35.2,Low,Rain
2025-02-13,11:45,Baneshwor,104,44.0,High,Fog
2025-02-08,13:30,Maharajgunj,48,34.3,Medium,Clear
2025-04-01,10:45,Lalitpur,102,38.9,High,Rain
2025-03-31,8:30,Lalitpur,55,35.2,High,Clear
2025-04-19,15:00,Lalitpur,103,31.9,Low,Cloudy
2025-04-15,13:15,Ratnapark,736,34.9,Low,Rain
2025-01-09,15:15,Bhaktapur,49,18.7,Low,Clear
2025-02-26,8:15,Baneshwor,559,33.5,High,Fog
2025-03-19,14:15,Lalitpur,698,30.4,High,Rain
2025-01-27,11:00,Ratnapark,624,35.2,High,Fog
2025-01-08,10:45,Maharajgunj,105,12.4,Low,Rain
2025-03-15,10:45,Lalitpur,54,33.4,Medium,Rain
2025-03-23,11:30,Lalitpur,48,34.3,High,Rain
2025-01-01,12:45,Koteshwor,52,34.7,Low,Fog
2025-01-15,11:15,Maharajgunj,812,35.0,Low,Rain
2025-01-24,9:30,Chabahil,105,3.2,Low,Rain
2025-04-11,13:00,Baneshwor,802,10.6,High,Rain
2025-04-23,15:00,Bhaktapur,966,0.0,Low,Cloudy
2025-04-25,15:00,Ratnapark,100,17.6,Low,Rain
2025-02-15,15:15,Lalitpur,105,29.3,Medium,Rain
2025-01-09,8:00,Chabahil,442,29.4,Low,Fog
2025-04-26,14:30,Bhaktapur,102,36.8,High,Rain
2025-04-18,15:30,Baneshwor,103,32.9,Low,Cloudy
2025-05-04,11:30,Bhaktapur,448,36.4,Medium,Fog
2025-04-17,11:00,Baneshwor,52,37.3,Medium,Fog
2025-03-28,14:15,Chabahil,47,8.4,Low,Fog
2025-02-03,14:15,Maharajgunj,98,34.7,Medium,Clear
2025-02-19,10:00,Koteshwor,105,29.2,Low,Rain
2025-03-25,14:30,Baneshwor,98,34.8,Low,Cloudy
2025-01-18,9:45,Ratnapark,105,8.0,High,Clear
2025-03-31,8:00,Ratnapark,607,3.0,High,Fog
2025-03-29,12:00,Maharajgunj,596,38.8,Low,Clear
2025-03-26,13:45,Baneshwor,747,35.6,Low,Rain
2025-01-12,12:30,Baneshwor,399,22.3,Low,Clear
2025-04-21,8:30,Bhaktapur,877,37.9,Medium,Rain
2025-04-11,15:15,Bhaktapur,52,31.4,Medium,Rain
2025-03-22,12:30,Lalitpur,45,32.5,High,Cloudy
2025-01-06,11:45,Maharajgunj,96,42.4,High,Fog
2025-05-05,8:00,Lalitpur,101,38.6,Medium,Rain
2025-02-14,12:00,Chabahil,102,35.7,High,Clear
2025-04-10,11:15,Chabahil,462,36.3,Medium,Cloudy
2025-03-03,14:00,Maharajgunj,47,35.6,High,Rain
2025-01-13,9:30,Ratnapark,51,41.1,High,Fog
2025-04-19,14:00,Bhaktapur,103,35.2,Medium,Rain
2025-04-15,14:30,Kalanki,52,35.5,High,Cloudy
2025-01-17,10:30,Baneshwor,612,35.2,High,Clear
2025-02-19,15:00,Kalanki,103,33.8,High,Cloudy
2025-05-01,15:45,Ratnapark,1002,0.9,High,Cloudy
2025-03-25,15:00,Koteshwor,47,26.5,High,Fog
2025-01-07,11:45,Maharajgunj,102,47.2,High,Fog
2025-03-25,11:00,Maharajgunj,658,8.0,Medium,Clear
2025-03-07,8:15,Chabahil,331,36.3,High,Cloudy
2025-04-07,12:00,Baneshwor,675,37.2,High,Fog
2025-04-18,9:30,Ratnapark,52,58.4,High,Clear
2025-01-15,12:45,Bhaktapur,637,59.2,High,Cloudy
2025-03-23,12:00,Ratnapark,50,7.8,Low,Cloudy
2025-01-12,10:15,Chabahil,101,32.1,High,Fog
2025-03-16,12:30,Koteshwor,105,33.3,High,Fog
2025-03-18,9:15,Bhaktapur,49,34.6,Low,Rain
2025-03-05,11:30,Kalanki,786,32.7,Low,Cloudy
2025-01-27,14:00,Koteshwor,101,45.6,Medium,Fog
2025-04-29,8:30,Ratnapark,105,35.4,Low,Fog
2025-04-27,11:00,Chabahil,97,30.7,High,Fog
2025-02-06,9:30,Maharajgunj,112,18.8,Medium,Clear
2025-01-26,10:00,Ratnapark,101,2.2,High,Clear
2025-04-01,15:15,Chabahil,45,23.1,Low,Clear
2025-03-01,12:30,Maharajgunj,906,32.0,High,Cloudy
2025-03-19,13:15,Maharajgunj,98,42.5,Low,Rain
2025-04-14,13:15,Lalitpur,468,28.5,High,Clear
2025-04-23,15:15,Lalitpur,805,39.3,Low,Fog
2025-01-30,9:30,Koteshwor,104,37.9,Low,Rain
2025-01-08,15:15,Koteshwor,50,33.5,High,Fog
2025-01-20,11:00,Maharajgunj,95,34.7,Low,Clear
2025-03-29,14:15,Chabahil,54,15.5,Low,Fog
2025-02-24,12:45,Bhaktapur,99,36.7,Low,Clear
2025-01-09,10:00,Baneshwor,51,35.1,High,Cloudy
2025-04-02,11:45,Bhaktapur,407,33.0,Medium,Clear
2025-02-06,14:45,Ratnapark,454,33.6,Medium,Clear
2025-01-31,9:45,Kalanki,102,11.0,Low,Fog
2025-01-10,14:30,Ratnapark,98,37.5,High,Fog
2025-01-08,8:00,Chabahil,448,30.9,Low,Fog
2025-01-13,10:00,Baneshwor,767,58.5,Medium,Rain
2025-04-10,13:45,Baneshwor,101,36.3,High,Cloudy
2025-03-01,15:30,Chabahil,102,34.2,Low,Fog
2025-01-29,11:15,Ratnapark,49,16.8,Low,Rain
2025-05-02,12:15,Baneshwor,53,40.1,Medium,Cloudy
2025-02-01,8:45,Bhaktapur,54,38.3,Medium,Rain
2025-03-02,14:00,Maharajgunj,48,36.6,High,Rain
2025-02-25,9:45,Koteshwor,767,33.5,Medium,Rain
2025-02-14,10:15,Maharajgunj,52,34.8,High,Fog
2025-03-14,11:30,Chabahil,95,35.1,High,Fog
2025-03-23,13:45,Maharajgunj,102,34.6,High,Rain
2025-02-08,12:30,Chabahil,49,39.9,High,Fog
2025-02-03,15:00,Koteshwor,105,34.4,High,Clear
2025-04-05,9:00,Koteshwor,45,1.2,Medium,Fog
2025-02-17,13:30,Ratnapark,48,0.0,Medium,Rain
2025-01-01,11:15,Kalanki,294,35.9,High,Clear
2025-04-08,15:15,Maharajgunj,112,37.3,Low,Rain
2025-03-09,14:30,Ratnapark,52,33.9,Low,Rain
2025-04-08,11:45,Chabahil,49,14.0,Low,Clear
2025-04-19,12:45,Ratnapark,95,18.9,High,Cloudy
2025-01-15,8:15,Ratnapark,101,35.0,High,Rain
2025-04-14,9:30,Ratnapark,45,60.4,High,Clear
2025-01-24,11:15,Baneshwor,103,39.0,High,Clear
2025-01-28,15:00,Maharajgunj,47,34.2,High,Clear
2025-04-30,13:15,Ratnapark,47,33.3,Low,Clear
2025-04-11,15:15,Maharajgunj,114,32.7,Low,Rain
2025-03-30,12:00,Maharajgunj,597,35.4,Low,Clear
2025-02-28,13:00,Lalitpur,50,36.0,Low,Fog
2025-03-19,9:15,Baneshwor,412,57.9,Medium,Rain
2025-04-13,14:45,Bhaktapur,55,36.6,Low,Rain
2025-02-14,11:15,Chabahil,466,35.9,Medium,Clear
2025-03-10,11:00,Baneshwor,95,51.1,Low,Fog
2025-01-02,15:00,Chabahil,49,19.2,High,Clear
2025-04-14,15:00,Kalanki,190,34.0,High,Cloudy
2025-02-11,14:30,Koteshwor,446,30.1,Medium,Clear
2025-04-12,12:00,Lalitpur,45,35.5,High,Rain
2025-02-01,13:15,Lalitpur,49,35.1,High,Rain
2025-03-06,9:30,Koteshwor,47,35.4,High,Cloudy
2025-04-29,10:15,Bhaktapur,867,24.0,High,Clear
2025-01-18,12:00,Kalanki,105,35.8,Medium,Cloudy
2025-03-03,8:15,Lalitpur,357,34.8,High,Cloudy
2025-04-22,13:45,Maharajgunj,698,35.1,High,Clear
2025-03-29,12:15,Lalitpur,54,32.2,High,Fog
2025-04-30,15:45,Ratnapark,999,0.0,High,Cloudy
2025-03-30,12:30,Ratnapark,99,35.1,Medium,Rain
2025-03-31,12:45,Kalanki,128,46.5,Medium,Fog
2025-02-17,10:00,Koteshwor,731,52.7,Low,Cloudy
2025-03-12,14:15,Chabahil,96,44.7,High,Rain
2025-05-04,11:15,Bhaktapur,97,35.4,Low,Clear
2025-03-31,9:15,Ratnapark,48,35.2,High,Rain
2025-02-23,12:15,Ratnapark,496,36.5,High,Clear
2025-03-23,14:15,Lalitpur,691,36.8,High,Rain
2025-02-03,13:45,Chabahil,855,36.4,Medium,Clear
2025-04-19,14:45,Chabahil,49,30.8,Low,Fog
2025-03-18,10:30,Bhaktapur,99,37.4,Low,Clear
2025-02-24,15:30,Chabahil,100,38.1,High,Cloudy
2025-01-23,10:00,Maharajgunj,842,34.0,Medium,Cloudy
2025-04-21,11:15,Maharajgunj,104,35.5,Medium,Rain
2025-01-05,12:00,Lalitpur,1002,33.2,Low,Fog
2025-03-14,10:45,Kalanki,807,31.1,Low,Clear
2025-02-07,14:45,Ratnapark,454,33.5,Medium,Clear
2025-02-23,12:15,Chabahil,106,33.9,High,Fog
2025-01-03,11:00,Baneshwor,48,34.3,Medium,Clear
2025-03-19,8:45,Kalanki,403,33.1,Low,Rain
2025-02-11,9:30,Ratnapark,49,33.5,Medium,Rain
2025-04-30,12:00,Koteshwor,102,35.0,High,Cloudy
2025-01-26,13:15,Bhaktapur,103,19.5,High,Fog
2025-03-07,12:30,Lalitpur,747,19.1,Low,Rain
2025-04-08,8:00,Baneshwor,105,36.4,Low,Rain
2025-01-07,9:45,Kalanki,47,39.8,Low,Clear
2025-04-06,10:15,Maharajgunj,45,37.3,Medium,Clear
2025-04-22,9:00,Kalanki,876,35.5,High,Clear
2025-01-10,14:00,Chabahil,689,35.8,Low,Rain
2025-04-10,14:00,Lalitpur,49,37.6,Low,Rain
2025-03-21,14:15,Ratnapark,53,32.7,Medium,Cloudy
2025-05-02,13:45,Lalitpur,104,29.0,Medium,Clear
2025-03-22,10:45,Koteshwor,617,36.6,High,Rain
2025-02-26,8:15,Kalanki,367,32.2,Medium,Clear
2025-01-17,10:45,Chabahil,48,34.5,High,Rain
2025-03-23,10:00,Kalanki,890,36.1,Medium,Cloudy
2025-05-01,8:30,Maharajgunj,95,34.4,Low,Rain
2025-01-28,9:30,Chabahil,102,4.6,Low,Rain
2025-04-20,9:00,Bhaktapur,98,34.7,Low,Cloudy
2025-03-08,11:45,Ratnapark,49,33.3,High,Clear
2025-03-25,14:15,Maharajgunj,458,37.3,High,Rain
2025-03-08,10:30,Ratnapark,206,33.0,Medium,Fog
2025-01-10,14:30,Maharajgunj,356,36.6,Low,Rain
2025-02-22,11:00,Maharajgunj,102,35.8,Low,Clear
2025-02-19,12:45,Baneshwor,101,33.1,High,Rain
2025-02-23,11:00,Maharajgunj,48,51.1,Low,Fog
2025-04-07,13:45,Lalitpur,100,0.0,Medium,Clear
2025-02-05,14:00,Lalitpur,98,30.8,Medium,Clear
2025-04-09,14:00,Ratnapark,101,32.7,Low,Rain
2025-03-30,14:15,Lalitpur,55,33.7,Medium,Fog
2025-02-19,8:00,Kalanki,95,32.6,Medium,Cloudy
2025-04-24,8:45,Koteshwor,49,7.3,High,Clear
2025-02-28,12:15,Ratnapark,104,38.2,Medium,Fog
2025-04-30,10:15,Koteshwor,104,36.1,Low,Rain
2025-01-23,13:00,Chabahil,98,20.3,High,Cloudy
2025-04-06,8:45,Baneshwor,105,11.7,Medium,Clear
2025-03-31,15:30,Maharajgunj,101,36.8,High,Fog
2025-01-13,15:30,Ratnapark,103,33.4,Low,Cloudy
2025-03-16,9:15,Ratnapark,884,14.6,Low,Rain
2025-01-15,12:45,Bhaktapur,640,56.3,High,Cloudy
2025-03-26,12:15,Lalitpur,53,33.7,High,Fog
2025-03-29,8:45,Maharajgunj,99,36.5,High,Fog
2025-01-25,11:15,Ratnapark,333,20.7,High,Cloudy
2025-04-07,12:00,Baneshwor,540,36.2,Medium,Fog
2025-01-05,14:30,Lalitpur,209,32.9,High,Fog
2025-04-12,11:45,Bhaktapur,55,34.1,High,Clear
2025-02-17,14:00,Ratnapark,55,35.3,Low,Fog
2025-03-31,13:45,Baneshwor,101,27.3,Low,Clear
2025-03-10,11:45,Koteshwor,49,58.7,High,Rain
2025-02-06,8:30,Chabahil,54,30.2,Low,Rain
2025-01-31,9:00,Baneshwor,645,33.4,Medium,Rain
2025-04-25,14:30,Bhaktapur,99,34.0,High,Rain
2025-04-23,11:15,Baneshwor,672,29.3,Medium,Clear
2025-04-13,14:45,Ratnapark,55,32.2,High,Rain
2025-02-03,11:30,Koteshwor,286,36.3,High,Clear
2025-04-27,9:00,Kalanki,103,35.1,Medium,Cloudy
2025-01-07,13:00,Lalitpur,50,38.1,High,Clear
2025-03-17,11:45,Koteshwor,877,44.1,Medium,Fog
2025-04-24,10:00,Koteshwor,46,57.9,High,Cloudy
2025-04-04,13:45,Lalitpur,97,0.6,Medium,Clear
2025-02-13,11:45,Baneshwor,96,47.1,High,Fog
2025-02-22,12:15,Chabahil,100,29.7,High,Fog
2025-04-03,10:45,Bhaktapur,50,32.2,High,Clear
2025-01-02,12:30,Kalanki,907,35.2,Low,Cloudy
2025-01-26,8:15,Lalitpur,939,36.2,High,Fog
2025-03-21,13:45,Maharajgunj,96,35.6,High,Rain
2025-02-20,11:15,Maharajgunj,49,13.2,Low,Clear
2025-02-28,11:30,Baneshwor,991,50.9,Low,Fog
2025-01-29,12:15,Kalanki,48,38.0,Low,Fog
2025-04-30,14:45,Ratnapark,548,7.9,High,Clear
2025-01-08,15:15,Koteshwor,46,37.0,High,Fog
2025-02-04,10:00,Kalanki,97,33.9,Medium,Clear
2025-03-01,11:45,Koteshwor,725,37.2,Medium,Fog
2025-04-16,13:00,Maharajgunj,53,49.3,High,Cloudy
2025-04-07,9:15,Koteshwor,48,36.0,High,Cloudy
2025-04-07,10:30,Maharajgunj,45,27.7,Medium,Cloudy
2025-02-20,13:30,Bhaktapur,95,34.8,High,Rain
2025-03-13,14:00,Chabahil,880,33.3,Medium,Clear
2025-04-22,12:00,Ratnapark,51,34.8,Medium,Clear
2025-03-08,8:15,Bhaktapur,195,45.0,Medium,Fog
2025-02-15,15:00,Ratnapark,53,34.1,Low,Rain
2025-01-19,10:00,Baneshwor,103,44.8,Low,Cloudy
2025-04-29,8:30,Ratnapark,99,36.5,Low,Fog
2025-01-07,14:30,Ratnapark,97,34.4,High,Fog
2025-01-13,15:30,Ratnapark,97,37.8,Low,Cloudy
2025-02-19,11:15,Maharajgunj,47,14.3,Low,Clear
2025-01-03,9:45,Maharajgunj,258,6.0,Medium,Clear
2025-05-03,9:00,Baneshwor,98,35.9,Low,Cloudy
2025-04-26,13:00,Baneshwor,52,35.0,Medium,Cloudy
2025-03-05,10:45,Koteshwor,158,34.2,Low,Cloudy
2025-03-03,14:00,Chabahil,907,34.8,High,Fog
2025-03-14,13:00,Ratnapark,105,34.6,Low,Clear
2025-01-22,13:00,Chabahil,49,32.5,High,Rain
2025-01-22,10:00,Baneshwor,95,42.6,Low,Cloudy
2025-03-17,8:45,Koteshwor,103,57.4,Low,Fog
2025-01-08,8:45,Chabahil,45,36.2,High,Cloudy
2025-01-13,14:15,Kalanki,852,20.6,High,Rain
2025-04-01,14:30,Maharajgunj,220,32.5,High,Rain
2025-01-04,11:00,Kalanki,490,38.4,Low,Cloudy
2025-01-22,15:45,Koteshwor,578,34.7,Low,Rain
2025-05-03,10:00,Bhaktapur,99,33.0,Medium,Fog
2025-02-23,13:00,Koteshwor,356,36.5,Medium,Rain
2025-01-30,15:00,Maharajgunj,51,34.1,High,Clear
2025-03-26,11:00,Maharajgunj,667,10.8,Medium,Clear
2025-01-20,9:45,Baneshwor,52,42.2,Low,Cloudy
2025-01-21,13:15,Chabahil,103,5.4,Low,Clear
2025-01-29,12:30,Lalitpur,50,36.4,High,Cloudy
2025-04-04,14:00,Chabahil,55,34.4,Low,Fog
2025-01-29,11:30,Koteshwor,363,47.1,Low,Clear
2025-04-17,13:00,Maharajgunj,102,36.1,Medium,Fog
2025-03-29,11:15,Baneshwor,103,32.6,Low,Rain
2025-04-10,12:00,Baneshwor,678,32.7,High,Fog
2025-03-18,13:15,Kalanki,98,37.4,High,Fog
2025-01-04,8:15,Chabahil,103,32.6,High,Cloudy
2025-01-09,13:15,Maharajgunj,488,30.4,Medium,Rain
2025-05-03,13:15,Maharajgunj,99,36.2,High,Rain
2025-03-04,8:30,Ratnapark,218,21.4,High,Cloudy
2025-04-30,13:45,Koteshwor,95,36.6,Medium,Fog
2025-01-25,13:15,Bhaktapur,96,20.4,High,Fog
2025-01-30,11:45,Bhaktapur,104,9.5,Medium,Cloudy
2025-03-10,15:30,Lalitpur,47,33.5,High,Rain
2025-01-20,12:45,Bhaktapur,102,38.0,Low,Clear
2025-03-28,9:30,Bhaktapur,100,32.0,High,Rain
2025-01-23,10:00,Maharajgunj,845,35.9,Medium,Cloudy
2025-01-21,10:15,Bhaktapur,55,36.3,High,Cloudy
2025-02-22,15:00,Kalanki,99,33.5,High,Cloudy
2025-05-02,13:00,Koteshwor,45,33.0,Low,Clear
2025-04-13,10:30,Maharajgunj,105,37.0,High,Rain
2025-03-25,11:00,Maharajgunj,666,9.0,Medium,Clear
2025-01-24,15:30,Bhaktapur,672,33.8,Low,Fog
2025-03-07,13:30,Lalitpur,382,36.8,Low,Clear
2025-01-05,12:30,Ratnapark,96,35.1,Low,Clear
2025-01-23,9:30,Baneshwor,98,31.4,Low,Clear
2025-02-22,13:15,Chabahil,258,38.5,Medium,Cloudy
2025-02-16,8:30,Maharajgunj,474,33.9,Low,Rain
2025-03-24,12:00,Lalitpur,104,34.2,Low,Rain
2025-03-04,14:45,Koteshwor,101,35.5,High,Cloudy
2025-02-17,10:00,Kalanki,52,17.3,Medium,Rain
2025-04-18,10:15,Chabahil,47,38.9,Medium,Rain
2025-02-16,11:45,Baneshwor,100,43.7,High,Fog
2025-03-04,15:30,Kalanki,54,36.7,High,Clear
2025-03-28,13:45,Baneshwor,744,36.5,Low,Rain
2025-03-10,14:30,Kalanki,45,34.7,Medium,Clear
2025-02-13,15:00,Lalitpur,100,36.6,Medium,Fog
2025-01-29,9:00,Baneshwor,644,36.9,Medium,Rain
2025-02-08,9:15,Lalitpur,960,32.2,Low,Cloudy
2025-01-19,14:00,Koteshwor,97,38.5,Low,Clear
2025-04-15,11:30,Lalitpur,97,0.0,Medium,Cloudy
2025-01-09,8:15,Chabahil,104,20.7,High,Rain
2025-02-04,15:15,Ratnapark,105,34.5,High,Rain
2025-02-25,13:30,Maharajgunj,105,26.8,Medium,Fog
2025-04-14,15:15,Bhaktapur,54,34.4,Medium,Rain
2025-02-28,11:30,Baneshwor,993,48.9,Low,Fog
2025-04-27,14:15,Bhaktapur,52,18.9,Low,Clear
2025-01-22,13:15,Maharajgunj,99,3.4,Medium,Rain
2025-01-23,12:30,Kalanki,98,32.6,Medium,Rain
2025-01-12,15:00,Kalanki,53,34.2,High,Rain
2025-04-05,8:30,Baneshwor,347,51.7,Low,Fog
2025-04-23,10:30,Baneshwor,95,35.1,High,Clear
2025-03-09,11:45,Bhaktapur,46,23.9,Low,Clear
2025-01-06,8:45,Chabahil,52,36.5,High,Cloudy
2025-01-18,15:45,Kalanki,401,33.7,High,Clear
2025-03-01,9:00,Baneshwor,101,35.1,High,Fog
2025-01-24,13:15,Kalanki,95,54.3,Medium,Clear
2025-03-29,9:30,Bhaktapur,104,33.7,High,Rain
2025-04-08,8:00,Baneshwor,105,44.0,Low,Rain
2025-02-01,9:45,Kalanki,105,13.0,Low,Fog
2025-03-24,12:00,Ratnapark,47,11.7,Low,Cloudy
2025-01-07,11:45,Maharajgunj,104,45.8,High,Fog
2025-03-29,13:15,Maharajgunj,46,38.1,Low,Clear
2025-03-06,9:15,Ratnapark,46,34.2,Low,Cloudy
2025-03-03,13:30,Koteshwor,771,55.8,Low,Rain
2025-04-18,12:45,Maharajgunj,748,38.7,Low,Rain
2025-04-28,9:00,Maharajgunj,98,32.0,Low,Fog
2025-02-19,12:45,Ratnapark,101,32.8,High,Cloudy
2025-05-05,10:00,Bhaktapur,104,33.0,Medium,Fog
2025-01-01,8:15,Maharajgunj,54,41.1,High,Unknown
2025-02-21,10:45,Lalitpur,46,35.6,Medium,Rain
2025-02-12,11:00,Maharajgunj,47,25.9,High,Clear
2025-01-27,11:15,Ratnapark,327,23.1,High,Cloudy
2025-03-08,15:45,Bhaktapur,50,47.8,Low,Fog
2025-01-26,12:30,Maharajgunj,47,35.0,Medium,Fog
2025-03-09,10:45,Chabahil,55,31.9,High,Clear
2025-02-18,14:00,Ratnapark,49,38.0,Low,Fog
2025-02-20,15:00,Lalitpur,48,34.1,High,Fog
2025-04-16,14:30,Baneshwor,47,31.0,Low,Cloudy
2025-05-02,11:15,Bhaktapur,102,34.6,Low,Clear
2025-05-02,9:45,Bhaktapur,104,33.7,High,Fog
2025-01-14,9:30,Ratnapark,47,40.4,High,Fog
2025-01-16,11:45,Baneshwor,679,48.2,High,Cloudy
2025-01-08,11:45,Maharajgunj,101,47.1,High,Fog
2025-03-14,10:45,Kalanki,806,36.0,Low,Clear
2025-04-01,11:15,Bhaktapur,287,0.0,High,Cloudy
2025-03-31,10:15,Ratnapark,577,35.8,High,Rain
2025-01-21,13:15,Kalanki,104,55.1,Medium,Clear
2025-04-17,12:45,Maharajgunj,754,35.4,Low,Rain
2025-04-17,15:45,Baneshwor,98,32.9,Low,Fog
2025-01-22,12:45,Ratnapark,51,32.6,Low,Cloudy
2025-01-11,13:45,Bhaktapur,96,18.4,Medium,Fog
2025-04-26,9:15,Ratnapark,816,19.8,Low,Fog
2025-01-28,10:15,Koteshwor,101,34.0,High,Cloudy
2025-01-28,9:30,Baneshwor,51,36.8,Medium,Rain
2025-04-12,9:00,Chabahil,54,33.6,High,Fog
2025-02-02,12:45,Ratnapark,170,55.9,High,Fog
2025-03-28,14:15,Lalitpur,45,33.6,Medium,Fog
2025-01-29,11:15,Maharajgunj,97,37.2,Low,Cloudy
2025-03-30,12:00,Maharajgunj,592,34.0,Low,Clear
2025-03-09,12:00,Kalanki,478,35.9,Low,Rain
2025-02-28,12:45,Ratnapark,549,39.0,Low,Fog
2025-02-20,15:45,Ratnapark,55,34.9,Low,Fog
2025-01-06,8:00,Chabahil,448,32.2,Low,Fog
2025-01-27,12:15,Kalanki,45,38.3,Low,Fog
2025-02-09,13:30,Maharajgunj,50,37.1,Medium,Clear
2025-03-09,13:00,Koteshwor,901,35.0,High,Clear
2025-01-22,9:30,Baneshwor,759,8.3,Low,Cloudy
2025-02-25,13:30,Maharajgunj,98,20.4,Medium,Fog
2025-03-11,8:15,Chabahil,329,37.4,High,Cloudy
2025-02-17,13:15,Baneshwor,100,33.8,High,Cloudy
2025-03-11,11:45,Koteshwor,299,39.5,Low,Clear
2025-04-26,9:15,Ratnapark,818,18.4,Low,Fog
2025-02-01,8:30,Lalitpur,51,33.3,Medium,Clear
2025-03-25,14:15,Chabahil,46,12.9,Low,Fog
2025-03-02,9:15,Maharajgunj,45,36.1,Low,Fog
2025-05-05,12:45,Chabahil,562,35.3,High,Clear
2025-01-04,11:00,Baneshwor,52,37.2,Medium,Clear
2025-02-12,12:45,Ratnapark,794,42.3,Low,Cloudy
2025-04-09,12:00,Baneshwor,534,32.2,Medium,Fog
2025-04-14,14:15,Ratnapark,55,44.4,Low,Fog
2025-02-14,9:30,Ratnapark,685,37.7,High,Clear
2025-02-21,13:30,Ratnapark,50,34.6,Low,Clear
2025-03-26,9:15,Maharajgunj,457,37.4,High,Clear
2025-02-16,13:15,Baneshwor,104,34.7,High,Cloudy
2025-01-02,15:45,Kalanki,290,33.1,Medium,Rain
2025-01-15,8:45,Baneshwor,101,49.4,Low,Cloudy
2025-02-11,11:00,Maharajgunj,52,25.1,High,Clear
2025-04-01,14:15,Lalitpur,48,33.9,Medium,Fog
2025-01-14,14:00,Chabahil,683,37.4,Low,Rain
2025-03-27,12:00,Lalitpur,95,36.0,Low,Rain
2025-04-01,9:30,Bhaktapur,257,31.8,High,Clear
2025-02-12,15:00,Kalanki,680,53.0,Medium,Clear
2025-01-21,12:45,Lalitpur,50,33.8,Medium,Fog
2025-03-13,9:45,Baneshwor,307,20.7,Medium,Clear
2025-04-09,8:00,Koteshwor,53,7.3,Medium,Fog
2025-04-25,8:45,Koteshwor,45,8.9,High,Clear
2025-01-05,10:45,Baneshwor,50,37.8,Medium,Cloudy
2025-04-06,9:00,Koteshwor,194,52.4,Low,Fog
2025-04-03,15:15,Chabahil,55,23.4,Low,Clear
2025-04-29,15:15,Maharajgunj,50,34.0,Medium,Clear
2025-03-08,14:30,Lalitpur,105,11.1,Low,Clear
2025-01-18,11:00,Baneshwor,459,35.2,Low,Clear
2025-01-27,15:30,Koteshwor,618,34.7,Low,Rain
2025-05-03,11:15,Bhaktapur,96,33.8,Low,Clear
2025-04-07,15:45,Chabahil,96,32.6,Low,Clear
2025-03-02,8:45,Ratnapark,104,4.9,Medium,Clear
2025-04-08,8:00,Koteshwor,49,6.2,Medium,Fog
2025-04-07,13:45,Ratnapark,97,36.4,High,Rain
2025-05-03,15:00,Maharajgunj,104,36.3,High,Rain
2025-04-30,10:15,Chabahil,97,37.2,High,Cloudy
2025-03-15,14:00,Lalitpur,296,33.5,Low,Rain
2025-03-13,8:00,Chabahil,101,35.8,Low,Rain
2025-01-29,13:15,Bhaktapur,95,19.5,High,Fog
2025-02-22,13:00,Chabahil,299,32.6,Low,Cloudy
2025-03-19,14:45,Lalitpur,53,51.1,High,Fog
2025-04-25,14:30,Bhaktapur,48,36.1,Low,Cloudy
2025-02-05,10:15,Koteshwor,95,34.3,Medium,Rain
2025-04-04,12:45,Maharajgunj,52,38.1,Medium,Cloudy
2025-04-15,15:45,Baneshwor,99,32.1,Low,Fog
2025-04-29,12:30,Chabahil,46,8.2,Medium,Rain
2025-02-28,8:15,Lalitpur,45,37.3,Medium,Clear
2025-01-01,9:00,Chabahil,969,35.9,Medium,Clear
2025-04-19,14:30,Baneshwor,53,33.1,Low,Cloudy
2025-04-14,14:45,Ratnapark,45,38.7,High,Rain
2025-01-30,12:00,Koteshwor,48,45.5,High,Cloudy
2025-02-01,14:15,Chabahil,102,35.0,High,Cloudy
2025-04-24,15:00,Bhaktapur,973,0.3,Low,Cloudy
2025-01-02,12:45,Koteshwor,54,37.4,Low,Fog
2025-01-13,8:30,Maharajgunj,105,22.0,Low,Fog
2025-04-16,11:45,Bhaktapur,55,38.3,Low,Clear
2025-02-16,11:45,Ratnapark,584,34.0,High,Clear
2025-01-07,9:30,Maharajgunj,243,42.7,Low,Fog
2025-01-21,13:00,Kalanki,52,2.8,Low,Clear
2025-01-31,14:30,Baneshwor,98,33.7,Medium,Rain
2025-01-28,8:45,Kalanki,282,32.2,Medium,Clear
2025-01-22,8:15,Lalitpur,943,36.2,High,Fog
2025-04-15,10:45,Bhaktapur,51,31.9,Medium,Clear
2025-04-22,14:00,Maharajgunj,46,35.3,Low,Clear
2025-02-07,10:30,Koteshwor,199,34.1,High,Rain
2025-01-09,14:30,Baneshwor,55,37.4,High,Clear
2025-01-28,9:00,Baneshwor,649,34.2,Medium,Rain
2025-04-22,11:00,Lalitpur,827,37.2,Low,Cloudy
2025-04-20,10:00,Kalanki,116,34.0,Low,Cloudy
2025-04-15,10:30,Maharajgunj,101,37.0,High,Rain
2025-03-30,15:30,Maharajgunj,96,39.1,High,Fog
2025-02-28,8:45,Ratnapark,97,2.9,Medium,Clear
2025-05-04,11:15,Bhaktapur,103,35.6,Low,Clear
2025-03-20,11:45,Ratnapark,48,40.5,High,Cloudy
2025-01-15,13:15,Baneshwor,98,35.1,High,Rain
2025-01-14,15:30,Ratnapark,97,35.1,Low,Cloudy
2025-03-10,14:30,Kalanki,49,36.6,Medium,Clear
2025-02-20,15:00,Maharajgunj,47,50.1,High,Rain
2025-02-22,10:15,Chabahil,823,31.6,High,Fog
2025-04-16,15:30,Baneshwor,97,37.3,Low,Cloudy
2025-03-07,12:15,Lalitpur,415,31.0,High,Clear
2025-03-06,9:15,Ratnapark,49,31.2,Low,Cloudy
2025-04-01,12:45,Maharajgunj,50,37.4,Medium,Cloudy
2025-04-26,9:30,Lalitpur,45,34.3,Low,Clear
2025-03-28,9:15,Kalanki,345,39.6,Medium,Rain
2025-04-25,9:30,Koteshwor,559,36.8,Low,Cloudy
2025-04-12,8:00,Lalitpur,656,33.3,High,Rain
2025-02-28,14:45,Chabahil,97,32.6,High,Clear
2025-01-03,11:15,Kalanki,296,35.5,High,Clear
2025-03-13,13:00,Ratnapark,100,34.6,Low,Clear
2025-03-29,10:15,Baneshwor,52,32.5,Medium,Fog
2025-04-02,8:30,Baneshwor,347,50.3,Low,Fog
2025-02-27,15:00,Ratnapark,50,35.9,Medium,Fog
2025-01-09,15:15,Koteshwor,101,34.3,Low,Cloudy
2025-01-17,11:00,Baneshwor,456,34.4,Low,Clear
2025-01-13,10:15,Ratnapark,53,35.9,High,Cloudy
2025-01-12,9:30,Chabahil,98,57.4,Medium,Clear
2025-02-28,12:15,Ratnapark,104,34.4,Medium,Fog
2025-04-28,8:00,Koteshwor,105,36.3,Low,Cloudy
2025-01-01,8:15,Maharajgunj,50,44.1,High,Unknown
2025-01-06,11:15,Bhaktapur,99,36.8,High,Rain
2025-03-29,11:15,Bhaktapur,286,2.1,High,Cloudy
2025-04-04,14:45,Baneshwor,49,18.2,High,Rain
2025-04-11,10:00,Baneshwor,99,34.1,Low,Rain
2025-02-25,8:30,Baneshwor,784,35.7,Low,Fog
2025-02-27,15:30,Bhaktapur,778,49.6,Medium,Cloudy
2025-04-24,9:00,Kalanki,99,34.0,Medium,Cloudy
2025-03-03,11:30,Kalanki,788,35.6,Low,Cloudy
2025-04-17,8:45,Koteshwor,105,34.3,Medium,Rain
2025-01-03,11:30,Koteshwor,50,35.2,Medium,Cloudy
2025-02-12,11:00,Maharajgunj,50,30.0,High,Clear
2025-01-13,11:30,Ratnapark,51,31.5,High,Rain
2025-01-11,10:30,Koteshwor,569,32.5,Medium,Clear
2025-03-15,11:30,Chabahil,99,33.9,High,Fog
2025-01-23,11:00,Maharajgunj,104,37.5,Low,Clear
2025-02-02,13:00,Chabahil,49,59.3,High,Cloudy
2025-03-31,11:30,Kalanki,53,32.7,Low,Cloudy
2025-02-28,15:00,Chabahil,102,33.4,High,Clear
2025-01-15,10:15,Chabahil,104,36.4,High,Fog
2025-04-12,8:00,Lalitpur,650,37.0,High,Rain
2025-04-25,13:00,Baneshwor,48,35.0,Medium,Cloudy
2025-02-11,8:00,Kalanki,302,40.0,Medium,Clear
2025-02-05,13:45,Chabahil,853,36.6,Medium,Clear
2025-01-05,15:15,Bhaktapur,47,17.5,Low,Clear
2025-01-28,13:30,Kalanki,102,33.4,Low,Fog
2025-02-21,12:15,Lalitpur,51,47.1,Low,Fog
2025-04-09,9:00,Koteshwor,49,0.7,Medium,Fog
2025-04-09,8:15,Koteshwor,398,34.0,High,Rain
2025-04-18,8:30,Kalanki,47,52.3,Low,Fog
2025-02-17,10:45,Baneshwor,124,37.9,Medium,Fog
2025-03-25,11:30,Ratnapark,97,36.3,High,Cloudy
2025-04-11,12:45,Bhaktapur,54,32.6,Low,Clear
2025-02-08,10:30,Ratnapark,49,33.7,Low,Rain
2025-04-29,11:30,Koteshwor,95,40.5,Medium,Clear
2025-01-30,10:45,Bhaktapur,100,33.9,Low,Rain
2025-01-30,12:45,Ratnapark,177,59.2,High,Fog
2025-04-23,14:00,Maharajgunj,48,35.9,Low,Clear
2025-04-28,8:00,Chabahil,48,35.1,Medium,Rain
2025-03-15,15:00,Maharajgunj,189,33.6,High,Rain
2025-01-08,14:30,Maharajgunj,347,35.8,Low,Rain
2025-02-24,12:45,Bhaktapur,98,35.4,Low,Clear
2025-01-17,11:15,Maharajgunj,811,37.1,Low,Rain
2025-02-26,13:15,Chabahil,257,33.2,Medium,Cloudy
2025-03-31,15:15,Chabahil,54,20.5,Low,Clear
2025-04-09,9:00,Chabahil,47,35.1,High,Fog
2025-04-08,15:30,Maharajgunj,843,36.3,Low,Cloudy
2025-04-17,13:15,Baneshwor,100,50.2,High,Clear
2025-02-11,8:00,Kalanki,299,32.4,Medium,Clear
2025-01-17,14:30,Chabahil,96,36.3,Medium,Cloudy
2025-04-20,10:30,Bhaktapur,100,32.0,Medium,Clear
2025-04-15,14:45,Ratnapark,52,37.6,High,Rain
2025-02-12,15:00,Koteshwor,52,34.7,Medium,Clear
2025-04-23,12:00,Baneshwor,98,31.9,High,Cloudy
2025-02-28,12:45,Bhaktapur,100,34.0,Low,Clear
2025-02-26,12:30,Maharajgunj,909,35.8,High,Cloudy
2025-02-09,14:15,Chabahil,703,33.9,Medium,Clear
2025-02-02,11:00,Koteshwor,811,51.0,High,Cloudy
2025-01-23,8:00,Bhaktapur,46,36.5,Medium,Rain
2025-03-03,15:30,Koteshwor,51,7.6,High,Clear
2025-02-11,15:00,Koteshwor,51,33.1,Medium,Clear
2025-03-13,15:15,Chabahil,105,4.4,Low,Clear
2025-04-08,12:00,Lalitpur,45,37.8,High,Rain
2025-01-16,9:45,Ratnapark,95,11.4,High,Clear
2025-03-12,8:45,Maharajgunj,98,31.0,High,Clear
2025-01-12,11:30,Kalanki,783,37.2,Low,Cloudy
2025-01-17,9:45,Baneshwor,48,43.5,Low,Cloudy
2025-04-13,12:45,Lalitpur,542,31.8,Medium,Cloudy
2025-04-26,14:00,Maharajgunj,47,33.9,Low,Fog
2025-01-18,8:15,Ratnapark,361,31.5,High,Cloudy
2025-01-24,9:00,Kalanki,940,36.2,High,Rain
2025-02-16,10:45,Baneshwor,125,33.1,Medium,Fog
2025-02-12,12:45,Ratnapark,799,38.2,Low,Cloudy
2025-04-13,9:15,Ratnapark,52,32.4,Medium,Fog
2025-03-09,10:45,Chabahil,52,29.2,High,Clear
2025-04-22,13:45,Maharajgunj,698,35.3,High,Clear
2025-01-10,14:30,Ratnapark,100,36.6,High,Fog
2025-03-13,15:45,Ratnapark,507,36.3,Low,Rain
2025-04-10,13:00,Baneshwor,807,10.2,High,Rain
2025-01-07,10:45,Maharajgunj,105,13.9,Low,Rain
2025-02-28,8:15,Lalitpur,50,34.0,Medium,Clear
2025-01-29,12:30,Maharajgunj,102,34.6,Low,Cloudy
2025-01-16,15:45,Kalanki,397,33.1,High,Clear
2025-04-09,9:15,Baneshwor,459,35.8,Medium,Clear
2025-01-04,12:00,Lalitpur,995,37.2,Low,Fog
2025-04-10,13:45,Ratnapark,102,33.4,High,Rain
2025-04-28,14:30,Bhaktapur,55,36.6,Low,Cloudy
2025-01-14,15:15,Bhaktapur,50,53.2,High,Rain
2025-04-08,14:00,Ratnapark,96,35.5,Low,Rain
2025-03-30,8:45,Maharajgunj,101,31.6,High,Fog
2025-01-22,12:45,Ratnapark,51,31.4,High,Rain
2025-04-22,8:00,Kalanki,49,35.3,High,Clear
2025-01-11,11:30,Ratnapark,52,31.6,High,Rain
2025-02-17,11:45,Ratnapark,581,33.7,High,Clear
2025-04-28,12:15,Baneshwor,45,38.3,Medium,Cloudy
2025-03-09,8:45,Maharajgunj,530,31.5,Low,Fog
2025-04-28,14:00,Maharajgunj,48,33.2,Low,Fog
2025-02-18,8:45,Ratnapark,46,23.1,High,Fog
2025-04-27,14:00,Maharajgunj,48,40.0,Low,Fog
2025-03-30,14:45,Baneshwor,53,56.5,Low,Clear
2025-02-04,11:45,Lalitpur,46,17.1,Low,Rain
2025-01-24,8:30,Ratnapark,98,34.4,Low,Fog
2025-04-24,10:30,Chabahil,96,52.4,Medium,Clear
2025-01-27,8:30,Ratnapark,99,37.5,Low,Fog
2025-03-26,15:00,Baneshwor,47,1.2,Low,Clear
2025-01-11,8:30,Baneshwor,54,37.2,Medium,Rain
2025-03-28,10:15,Ratnapark,576,39.4,High,Rain
2025-05-05,13:00,Koteshwor,53,35.1,Low,Clear
2025-01-07,11:00,Bhaktapur,947,56.6,High,Clear
2025-03-24,11:00,Maharajgunj,667,9.8,Medium,Clear
2025-01-08,11:15,Bhaktapur,99,35.0,High,Rain
2025-02-23,8:15,Ratnapark,45,34.6,Medium,Cloudy
2025-04-15,12:45,Kalanki,187,1.6,Medium,Clear
2025-01-01,12:45,Koteshwor,51,37.4,Low,Fog
2025-03-03,15:45,Baneshwor,45,34.8,High,Clear
2025-03-21,12:30,Lalitpur,53,38.1,High,Cloudy
2025-03-30,8:30,Lalitpur,52,36.1,High,Clear
2025-04-20,12:45,Maharajgunj,752,36.7,Low,Rain
2025-03-10,13:00,Kalanki,101,33.0,Low,Clear
2025-02-21,10:15,Chabahil,819,33.8,High,Fog
2025-04-19,15:00,Lalitpur,97,33.4,Low,Cloudy
2025-03-09,8:15,Chabahil,332,40.9,High,Cloudy
2025-03-24,9:15,Kalanki,341,38.6,Medium,Rain
2025-01-30,12:15,Kalanki,55,36.4,Low,Fog
2025-03-11,12:30,Koteshwor,740,50.8,High,Clear
2025-02-16,12:00,Chabahil,104,36.6,High,Clear
2025-01-04,15:30,Lalitpur,102,47.0,Low,Rain
2025-03-13,15:45,Ratnapark,507,37.7,Low,Rain
2025-05-03,12:00,Koteshwor,105,37.3,High,Clear
2025-01-10,9:30,Chabahil,99,57.9,Medium,Clear
2025-04-03,15:15,Baneshwor,102,19.9,Medium,Clear
2025-04-18,13:45,Chabahil,656,35.3,High,Fog
2025-04-28,15:15,Maharajgunj,51,32.7,Medium,Clear
2025-01-08,11:15,Koteshwor,278,1.9,High,Rain
2025-04-13,9:15,Ratnapark,97,30.8,High,Clear
2025-02-04,11:00,Koteshwor,805,48.8,High,Cloudy
2025-01-06,8:00,Chabahil,442,30.1,Low,Fog
2025-01-14,13:15,Bhaktapur,959,30.9,Low,Clear
2025-01-28,11:45,Ratnapark,55,34.6,High,Clear
2025-01-30,8:45,Kalanki,284,36.0,Medium,Clear
2025-01-09,9:00,Maharajgunj,105,7.4,High,Clear
2025-02-13,15:15,Lalitpur,105,32.8,Medium,Rain
2025-01-18,14:15,Chabahil,105,34.9,Low,Rain
2025-04-20,8:30,Bhaktapur,886,33.2,Medium,Rain
2025-01-07,9:15,Kalanki,95,34.5,Low,Fog
2025-03-17,12:00,Baneshwor,118,25.7,Medium,Rain
2025-02-11,13:30,Maharajgunj,103,34.5,Medium,Clear
2025-01-02,10:30,Ratnapark,45,38.5,High,Clear
2025-04-18,11:30,Lalitpur,95,5.9,Medium,Cloudy
2025-02-05,11:45,Ratnapark,104,33.8,Medium,Rain
2025-01-01,15:45,Kalanki,295,32.8,Medium,Rain
2025-03-21,12:15,Ratnapark,104,34.9,High,Fog
2025-04-26,14:30,Bhaktapur,100,37.3,High,Rain
2025-01-26,13:15,Bhaktapur,103,20.0,High,Fog
2025-04-01,10:45,Lalitpur,98,36.8,High,Rain
2025-04-05,10:15,Bhaktapur,102,37.4,Low,Clear
2025-02-09,10:30,Ratnapark,48,33.5,Low,Rain
2025-03-25,14:00,Ratnapark,543,33.6,Low,Fog
2025-01-10,9:00,Maharajgunj,105,9.4,High,Clear
2025-04-05,9:15,Maharajgunj,102,55.3,High,Cloudy
2025-03-11,13:00,Koteshwor,906,33.6,High,Clear
2025-03-01,14:00,Maharajgunj,48,34.3,High,Rain
2025-01-02,13:15,Ratnapark,53,34.9,Low,Clear
2025-01-11,9:30,Chabahil,103,51.9,Medium,Clear
2025-01-29,13:45,Kalanki,52,36.5,Low,Rain
2025-02-21,9:30,Bhaktapur,45,6.0,High,Rain
2025-02-19,10:00,Kalanki,51,10.4,Medium,Rain
2025-03-29,10:30,Chabahil,49,45.0,High,Fog
2025-03-10,13:00,Koteshwor,906,33.5,High,Clear
2025-04-03,10:45,Bhaktapur,53,38.4,High,Clear
2025-02-11,10:00,Chabahil,181,50.8,High,Cloudy
2025-04-28,14:30,Bhaktapur,55,31.8,Low,Cloudy
2025-01-01,14:15,Baneshwor,392,36.0,Low,Fog
2025-01-03,10:45,Lalitpur,48,33.7,Medium,Rain
2025-03-21,10:00,Ratnapark,96,33.4,High,Cloudy
2025-04-29,11:30,Koteshwor,97,39.0,Medium,Clear
2025-04-10,13:45,Baneshwor,105,32.9,High,Cloudy
2025-02-19,8:30,Ratnapark,52,32.1,High,Rain
2025-04-11,12:00,Baneshwor,677,38.5,High,Fog
2025-03-06,10:45,Chabahil,50,29.2,High,Clear
2025-02-07,12:45,Ratnapark,54,34.5,High,Clear
2025-03-07,8:15,Bhaktapur,195,43.0,Medium,Fog
2025-04-16,13:15,Baneshwor,96,53.0,High,Clear
2025-04-08,8:45,Baneshwor,101,14.9,Medium,Clear
2025-04-25,14:30,Bhaktapur,52,32.5,Low,Cloudy
2025-01-02,14:15,Ratnapark,558,47.7,Medium,Fog
2025-01-23,13:00,Chabahil,100,19.0,High,Cloudy
2025-03-26,12:30,Lalitpur,104,34.6,Medium,Fog
2025-03-07,12:15,Chabahil,440,35.3,High,Fog
2025-01-06,13:15,Ratnapark,45,35.0,Low,Clear
2025-04-03,8:30,Baneshwor,347,50.5,Low,Fog
2025-01-05,8:45,Chabahil,45,36.0,High,Cloudy
2025-05-03,12:45,Chabahil,555,32.0,High,Clear
2025-02-04,11:30,Koteshwor,286,32.3,High,Clear
2025-02-03,13:45,Lalitpur,105,39.3,Low,Clear
2025-01-09,10:00,Baneshwor,49,38.7,High,Cloudy
2025-03-01,14:00,Maharajgunj,53,33.3,High,Rain
2025-01-19,15:45,Kalanki,405,34.6,High,Clear
2025-04-18,10:00,Baneshwor,100,33.9,Low,Rain
2025-03-14,10:30,Lalitpur,748,33.9,Medium,Fog
2025-01-17,11:00,Baneshwor,452,35.4,Low,Clear
2025-03-11,11:45,Koteshwor,54,58.8,High,Rain
2025-02-01,9:45,Koteshwor,51,35.9,High,Fog
2025-01-06,9:45,Maharajgunj,258,1.4,Medium,Clear
2025-03-18,12:30,Kalanki,103,60.5,Low,Rain
2025-02-22,8:00,Kalanki,101,35.2,Medium,Cloudy
2025-01-09,13:45,Ratnapark,55,11.8,Low,Cloudy
2025-01-29,12:15,Kalanki,48,37.8,Low,Fog
2025-01-13,14:15,Kalanki,853,17.1,High,Rain
2025-01-20,13:00,Kalanki,46,4.3,Low,Clear
2025-01-12,15:15,Bhaktapur,50,51.3,High,Rain
2025-02-02,10:00,Maharajgunj,100,54.9,High,Fog
2025-01-16,15:15,Bhaktapur,46,53.4,High,Rain
2025-03-02,11:45,Bhaktapur,342,34.6,Low,Fog
2025-01-06,11:30,Koteshwor,52,38.8,Medium,Cloudy
2025-03-22,10:00,Ratnapark,102,32.7,High,Cloudy
2025-04-12,14:00,Lalitpur,52,39.6,Low,Rain
2025-05-02,11:30,Bhaktapur,448,32.2,Medium,Fog
2025-02-19,14:00,Ratnapark,45,32.9,Low,Fog
2025-04-09,10:45,Baneshwor,96,33.4,High,Clear
2025-03-20,13:00,Kalanki,98,10.0,High,Fog
2025-03-12,12:15,Ratnapark,191,35.1,Low,Cloudy
2025-02-25,8:45,Kalanki,590,12.7,High,Fog
2025-03-22,14:15,Lalitpur,694,35.3,High,Rain
2025-03-10,12:15,Lalitpur,420,36.2,High,Clear
2025-03-31,10:45,Lalitpur,102,36.3,High,Rain
2025-02-05,10:30,Koteshwor,197,37.2,High,Rain
2025-02-11,14:15,Ratnapark,481,38.6,Medium,Cloudy
2025-04-06,15:30,Maharajgunj,841,35.0,Low,Cloudy
2025-02-27,8:30,Chabahil,992,34.0,Low,Fog
2025-05-05,11:30,Chabahil,688,29.2,Medium,Clear
2025-02-10,12:30,Bhaktapur,98,32.7,Medium,Clear
2025-04-27,15:00,Bhaktapur,966,0.6,Low,Cloudy
2025-04-10,11:15,Chabahil,468,37.0,Medium,Cloudy
2025-02-19,14:00,Koteshwor,102,48.8,Low,Clear
2025-02-09,12:30,Chabahil,46,32.6,High,Fog
2025-02-24,14:45,Chabahil,101,32.0,High,Clear
2025-03-28,13:30,Koteshwor,187,35.1,High,Clear
2025-02-06,14:00,Lalitpur,99,30.3,Medium,Clear
2025-04-02,11:15,Chabahil,537,37.3,High,Cloudy
2025-03-18,14:30,Maharajgunj,96,35.2,Medium,Rain
2025-03-06,13:00,Chabahil,54,38.0,Low,Rain
2025-03-24,11:30,Ratnapark,100,34.8,High,Cloudy
2025-03-07,11:00,Baneshwor,99,50.7,Low,Fog
2025-02-14,15:15,Lalitpur,96,29.9,Medium,Rain
2025-04-21,13:00,Maharajgunj,104,34.1,Medium,Fog
2025-02-28,8:30,Baneshwor,782,36.7,Low,Fog
2025-04-19,14:00,Bhaktapur,100,38.1,Medium,Rain
2025-02-14,15:15,Lalitpur,105,33.3,Medium,Rain
2025-03-21,8:45,Kalanki,407,35.9,Low,Rain
2025-03-27,12:15,Lalitpur,55,37.1,High,Fog
2025-04-18,15:30,Baneshwor,104,35.0,Low,Cloudy
2025-01-20,15:30,Maharajgunj,369,30.4,Medium,Cloudy
2025-04-12,12:00,Lalitpur,53,35.5,High,Rain
2025-04-29,13:15,Koteshwor,103,36.5,Low,Clear
2025-01-28,10:30,Koteshwor,45,33.1,Medium,Fog
2025-03-14,8:45,Chabahil,49,34.5,Low,Clear
2025-01-06,9:45,Bhaktapur,103,32.7,Medium,Rain
2025-01-31,12:45,Ratnapark,174,51.9,High,Fog
2025-03-16,9:15,Ratnapark,885,15.1,Low,Rain
2025-04-30,10:15,Koteshwor,100,35.0,Low,Rain
2025-02-01,15:00,Maharajgunj,55,38.2,High,Clear
2025-01-01,13:00,Koteshwor,51,36.7,Low,Fog
2025-02-10,13:15,Baneshwor,576,34.3,High,Clear
2025-03-01,8:30,Koteshwor,98,34.8,High,Clear
2025-04-07,8:00,Koteshwor,45,8.1,Medium,Fog
2025-01-12,14:30,Maharajgunj,351,37.9,Low,Rain
2025-01-03,11:15,Baneshwor,98,35.6,Low,Fog
2025-04-22,15:30,Baneshwor,95,37.2,High,Cloudy
2025-03-24,10:00,Kalanki,353,34.4,Medium,Fog
2025-01-13,10:15,Chabahil,98,33.0,High,Fog
2025-04-27,9:00,Kalanki,100,34.9,Medium,Cloudy
2025-03-22,13:30,Kalanki,818,35.4,Medium,Clear
2025-03-06,10:00,Koteshwor,102,0.6,High,Rain
2025-05-05,15:30,Baneshwor,105,32.3,Low,Cloudy
2025-03-18,13:00,Lalitpur,934,35.9,Low,Rain
2025-02-25,12:45,Ratnapark,554,34.2,Low,Fog
2025-01-25,15:30,Bhaktapur,677,34.7,Low,Fog
2025-04-20,15:30,Baneshwor,104,34.3,High,Cloudy
2025-04-03,8:00,Koteshwor,571,53.0,Medium,Clear
2025-02-22,11:30,Baneshwor,283,54.5,Low,Cloudy
2025-01-06,10:30,Ratnapark,46,32.5,High,Clear
2025-02-24,12:45,Bhaktapur,99,33.9,Low,Clear
2025-01-22,13:15,Kalanki,95,57.7,Medium,Clear
2025-02-11,8:15,Ratnapark,47,36.2,Medium,Fog
2025-03-25,9:15,Kalanki,335,40.9,Medium,Rain
2025-02-10,9:30,Baneshwor,97,32.7,Medium,Fog
2025-02-25,8:45,Koteshwor,565,33.6,Medium,Fog
2025-01-15,10:15,Chabahil,101,34.0,High,Fog
2025-04-21,11:00,Ratnapark,49,35.6,High,Cloudy
2025-04-15,15:15,Bhaktapur,49,38.4,Medium,Rain
2025-04-05,15:45,Chabahil,95,33.6,Low,Clear
2025-02-03,8:00,Chabahil,52,32.9,Low,Rain
2025-03-13,12:00,Kalanki,475,34.8,Low,Rain
2025-01-17,12:30,Chabahil,233,37.1,Medium,Rain
2025-01-18,8:15,Bhaktapur,527,32.1,Low,Cloudy
2025-03-16,11:15,Chabahil,46,37.9,Low,Rain
2025-01-03,8:15,Maharajgunj,45,42.7,High,Unknown
2025-01-10,14:00,Chabahil,689,35.5,Low,Rain
2025-03-29,10:45,Lalitpur,96,31.8,Medium,Fog
2025-02-12,14:15,Ratnapark,484,36.4,Medium,Cloudy
2025-03-16,12:45,Chabahil,45,34.7,Medium,Fog
2025-04-18,12:00,Kalanki,45,35.3,High,Clear
2025-04-26,8:45,Koteshwor,103,33.2,Low,Rain
2025-01-21,9:30,Lalitpur,98,34.4,High,Cloudy
2025-03-10,14:30,Kalanki,53,34.0,Medium,Clear
2025-04-23,15:00,Ratnapark,55,36.8,High,Rain
2025-04-21,13:45,Bhaktapur,99,26.7,Low,Cloudy
2025-02-01,8:30,Lalitpur,51,31.9,Medium,Clear
2025-03-28,8:00,Ratnapark,45,36.5,Low,Cloudy
2025-04-28,9:30,Maharajgunj,50,32.3,Low,Rain
2025-04-01,12:30,Ratnapark,102,35.4,Medium,Rain
2025-01-04,9:00,Chabahil,967,31.5,Medium,Clear
2025-02-04,15:00,Ratnapark,103,31.0,Medium,Cloudy
2025-04-29,11:30,Koteshwor,97,38.2,Medium,Clear
2025-03-24,14:15,Lalitpur,95,35.3,Medium,Rain
2025-01-25,9:15,Koteshwor,186,37.5,High,Clear
2025-04-28,12:00,Koteshwor,105,35.8,High,Cloudy
2025-01-01,12:15,Lalitpur,320,34.7,Low,Clear
2025-01-21,10:00,Maharajgunj,846,33.1,Medium,Cloudy
2025-03-24,8:00,Baneshwor,50,38.0,Medium,Clear
2025-03-19,11:45,Koteshwor,874,42.9,Medium,Fog
2025-02-10,12:45,Lalitpur,97,37.5,Medium,Clear
2025-02-12,11:30,Ratnapark,197,35.1,Medium,Cloudy
2025-03-23,14:15,Lalitpur,698,35.3,High,Rain
2025-02-11,10:00,Bhaktapur,964,34.3,High,Cloudy
2025-04-16,9:15,Ratnapark,47,36.5,Medium,Fog
2025-04-12,15:45,Baneshwor,47,23.7,Medium,Rain
2025-05-02,10:15,Lalitpur,101,34.6,Low,Cloudy
2025-04-29,10:15,Koteshwor,98,34.4,Low,Rain
2025-03-13,12:45,Chabahil,48,38.0,Medium,Fog
2025-02-24,10:30,Maharajgunj,97,36.9,Medium,Clear
2025-03-18,13:30,Kalanki,821,35.1,Medium,Clear
2025-01-12,11:30,Ratnapark,55,26.7,High,Rain
2025-04-20,8:30,Bhaktapur,53,35.7,Low,Fog
2025-03-18,13:15,Maharajgunj,96,43.4,Low,Rain
2025-02-12,10:45,Kalanki,304,33.5,Low,Clear
2025-05-05,15:15,Koteshwor,102,35.5,High,Fog
2025-01-28,13:30,Kalanki,100,34.2,Low,Fog
2025-05-05,13:00,Koteshwor,51,34.6,Low,Clear
2025-02-15,9:00,Kalanki,101,39.2,Low,Clear
2025-04-25,8:30,Ratnapark,96,34.7,Low,Fog
2025-02-17,12:45,Baneshwor,98,37.8,High,Rain
2025-03-02,14:45,Maharajgunj,322,34.1,High,Rain
2025-01-19,15:30,Maharajgunj,374,36.9,Medium,Cloudy
2025-05-03,13:30,Maharajgunj,933,33.4,Low,Clear
2025-03-17,13:15,Kalanki,97,36.5,High,Fog
2025-03-17,8:00,Chabahil,103,35.0,Low,Rain
2025-03-10,8:15,Chabahil,327,39.7,High,Cloudy
2025-02-06,13:30,Kalanki,227,9.0,Medium,Cloudy
2025-02-11,14:15,Ratnapark,480,36.3,Medium,Cloudy
2025-04-29,9:15,Bhaktapur,100,29.9,Low,Rain
2025-03-18,10:45,Lalitpur,45,32.2,Medium,Rain
2025-04-18,9:30,Bhaktapur,100,22.8,High,Cloudy
2025-02-14,10:00,Lalitpur,104,30.9,Medium,Clear
2025-04-20,10:45,Chabahil,433,14.9,Medium,Clear
2025-04-13,10:45,Bhaktapur,52,34.9,Medium,Clear
2025-04-25,11:15,Baneshwor,672,33.3,Medium,Clear
2025-02-03,12:45,Ratnapark,173,55.6,High,Fog
2025-02-05,15:45,Chabahil,934,8.5,Medium,Rain
2025-04-19,11:30,Baneshwor,927,37.0,Low,Rain
2025-04-17,14:45,Ratnapark,53,33.1,High,Rain
2025-02-06,15:00,Lalitpur,97,48.8,Medium,Clear
2025-04-07,8:00,Kalanki,100,33.5,Low,Cloudy
2025-01-20,9:30,Baneshwor,104,30.2,Low,Clear
2025-01-01,12:45,Koteshwor,49,35.3,Low,Fog
2025-04-24,12:00,Ratnapark,48,36.9,Medium,Clear
2025-02-17,8:00,Ratnapark,54,37.0,Low,Clear
2025-01-10,9:30,Chabahil,96,53.3,Medium,Clear
2025-02-23,8:45,Koteshwor,569,32.5,Medium,Fog
2025-03-18,13:00,Lalitpur,935,35.0,Low,Rain
2025-01-15,14:00,Koteshwor,101,36.7,Low,Clear
2025-03-20,9:15,Bhaktapur,55,35.3,Low,Rain
2025-04-07,11:30,Kalanki,272,35.6,Medium,Fog
2025-01-07,11:00,Kalanki,493,37.3,Low,Cloudy
2025-01-13,13:45,Maharajgunj,52,33.5,High,Clear
2025-02-23,15:45,Ratnapark,51,34.6,Low,Fog
2025-02-06,13:30,Kalanki,218,12.3,Medium,Cloudy
2025-04-22,10:45,Chabahil,437,15.6,Medium,Clear
2025-02-07,12:45,Koteshwor,848,32.5,High,Cloudy
2025-03-19,15:15,Ratnapark,50,33.7,Medium,Rain
2025-03-10,13:00,Koteshwor,906,33.1,High,Clear
2025-04-17,8:45,Koteshwor,101,35.7,Medium,Rain
2025-04-03,9:15,Ratnapark,47,33.2,High,Rain
2025-03-26,15:30,Ratnapark,51,52.5,Medium,Cloudy
2025-02-23,13:15,Chabahil,261,33.5,Medium,Cloudy
2025-04-24,11:15,Baneshwor,102,30.8,Medium,Clear
2025-01-01,11:15,Kalanki,300,35.6,High,Clear
2025-03-17,8:15,Lalitpur,51,1.3,Low,Clear
2025-01-22,9:30,Baneshwor,762,8.0,Low,Cloudy
2025-03-28,14:45,Baneshwor,144,33.7,Medium,Fog
2025-01-21,11:00,Baneshwor,457,33.4,Low,Clear
2025-02-01,8:00,Chabahil,55,35.8,Low,Rain
2025-03-06,13:00,Chabahil,53,37.0,Low,Rain
2025-04-20,12:00,Baneshwor,46,11.0,Low,Clear
2025-03-19,15:15,Ratnapark,45,35.8,Medium,Rain
2025-01-16,12:15,Kalanki,105,34.4,Low,Rain
2025-05-05,15:30,Baneshwor,99,31.9,Low,Cloudy
2025-01-07,8:45,Chabahil,55,36.9,High,Cloudy
2025-05-02,15:30,Baneshwor,100,36.8,Low,Cloudy
2025-01-27,11:15,Ratnapark,97,57.4,Low,Cloudy
2025-03-24,10:00,Kalanki,352,34.6,Medium,Fog
2025-03-17,11:00,Ratnapark,394,36.2,Low,Rain
2025-02-18,14:00,Chabahil,96,36.8,Low,Fog
2025-01-22,9:15,Maharajgunj,101,38.2,High,Fog
2025-03-11,12:15,Ratnapark,183,37.0,Low,Cloudy
2025-02-27,13:30,Chabahil,234,35.1,Low,Fog
2025-03-04,15:30,Kalanki,51,32.4,High,Clear
2025-01-04,14:15,Ratnapark,556,47.3,Medium,Fog
2025-03-23,10:00,Ratnapark,96,35.5,High,Cloudy
2025-03-27,12:30,Kalanki,97,27.4,Medium,Cloudy
2025-02-09,12:30,Chabahil,45,37.7,High,Fog
2025-03-04,11:15,Lalitpur,104,34.8,Medium,Rain
2025-01-31,13:45,Lalitpur,99,44.2,Low,Clear
2025-04-30,15:15,Maharajgunj,53,31.5,Medium,Clear
2025-02-25,11:00,Maharajgunj,50,51.8,Low,Fog
2025-01-21,12:00,Lalitpur,103,20.4,Low,Rain
2025-03-16,12:45,Chabahil,47,31.2,Medium,Fog
2025-02-28,12:45,Ratnapark,550,34.6,Low,Fog
2025-01-13,14:45,Chabahil,52,32.1,Medium,Cloudy
2025-02-24,9:00,Bhaktapur,46,34.7,Medium,Fog
2025-05-04,8:00,Lalitpur,99,35.1,Medium,Rain
2025-02-08,12:30,Chabahil,50,37.2,High,Fog
2025-01-30,15:00,Koteshwor,104,32.0,High,Clear
2025-01-25,9:30,Chabahil,102,6.8,Low,Rain
2025-03-18,14:30,Baneshwor,102,35.2,Medium,Rain
2025-04-19,13:45,Lalitpur,599,37.1,Low,Rain
2025-03-07,14:30,Ratnapark,53,34.1,Low,Rain
2025-03-06,13:30,Lalitpur,383,32.3,Low,Clear
2025-03-23,10:00,Lalitpur,103,48.6,Medium,Rain
2025-04-19,11:15,Maharajgunj,105,32.4,Medium,Rain
2025-04-22,11:15,Baneshwor,101,36.0,Medium,Clear
2025-01-16,10:15,Chabahil,100,38.0,High,Fog
2025-04-18,13:15,Baneshwor,98,50.9,High,Clear
2025-04-27,10:15,Chabahil,96,36.3,High,Cloudy
2025-01-20,13:00,Chabahil,102,32.0,Medium,Cloudy
2025-04-18,15:45,Baneshwor,100,31.4,Low,Fog
2025-02-02,10:00,Maharajgunj,97,53.3,High,Fog
2025-04-27,15:00,Bhaktapur,972,0.0,Low,Cloudy
2025-01-28,13:45,Kalanki,54,34.6,Low,Rain
2025-05-05,9:00,Baneshwor,101,36.4,Low,Cloudy
2025-04-02,14:45,Baneshwor,50,53.1,Low,Clear
2025-01-03,14:15,Ratnapark,552,49.7,Medium,Fog
2025-01-20,12:00,Lalitpur,106,22.7,Low,Rain
2025-03-27,12:00,Lalitpur,95,36.4,Low,Rain
2025-02-05,15:00,Ratnapark,95,34.2,Medium,Cloudy
2025-01-19,12:00,Lalitpur,104,18.6,Low,Rain
2025-01-05,8:00,Chabahil,442,31.1,Low,Fog
2025-02-13,8:45,Bhaktapur,103,34.8,Low,Clear
2025-04-21,12:30,Ratnapark,101,35.1,Low,Cloudy
2025-04-02,11:15,Bhaktapur,287,4.2,High,Cloudy
2025-01-18,13:15,Chabahil,101,36.5,High,Fog
2025-02-25,9:00,Bhaktapur,47,38.8,Medium,Fog
2025-01-13,11:30,Ratnapark,45,30.3,High,Rain
2025-03-25,13:00,Ratnapark,105,46.6,High,Rain
2025-04-11,15:15,Chabahil,102,35.6,Low,Rain
2025-05-04,14:30,Baneshwor,97,16.8,Medium,Cloudy
2025-02-05,13:45,Kalanki,105,5.0,High,Clear
2025-04-15,9:15,Ratnapark,102,32.1,High,Clear
2025-04-15,11:30,Kalanki,664,56.0,Medium,Rain
2025-02-05,12:30,Koteshwor,805,43.2,High,Clear
2025-01-10,14:30,Ratnapark,95,34.5,High,Fog
2025-03-27,13:15,Maharajgunj,51,36.9,Low,Clear
2025-01-04,10:45,Chabahil,95,36.0,Medium,Cloudy
2025-01-31,15:00,Koteshwor,100,36.9,High,Clear
2025-04-21,11:15,Maharajgunj,105,33.4,Medium,Rain
2025-04-25,10:30,Bhaktapur,315,33.4,High,Clear
2025-03-13,12:45,Chabahil,55,35.0,Medium,Fog
2025-01-20,11:45,Baneshwor,683,44.9,High,Cloudy
2025-04-05,14:15,Ratnapark,369,37.5,Low,Fog
2025-01-03,11:15,Kalanki,299,35.5,High,Clear
2025-04-19,15:45,Baneshwor,98,34.6,Low,Fog
2025-02-15,12:00,Chabahil,95,35.8,High,Clear
2025-02-07,9:30,Ratnapark,45,36.3,Medium,Rain
2025-02-15,8:30,Ratnapark,48,37.3,High,Rain
2025-02-23,11:15,Maharajgunj,49,13.1,Low,Clear
2025-01-31,8:45,Bhaktapur,51,38.7,Medium,Rain
2025-01-21,11:15,Ratnapark,48,39.9,Low,Rain
2025-03-21,15:15,Ratnapark,54,34.8,Medium,Rain
2025-01-31,8:15,Bhaktapur,45,37.2,Low,Cloudy
2025-03-22,10:00,Ratnapark,105,36.9,High,Cloudy
2025-03-22,15:15,Ratnapark,54,32.0,Medium,Rain
2025-04-20,11:30,Baneshwor,932,35.6,Low,Rain
2025-03-31,15:30,Ratnapark,96,17.3,Medium,Clear
2025-03-02,9:15,Bhaktapur,105,35.7,Medium,Rain
2025-02-16,14:15,Lalitpur,156,33.5,High,Fog
2025-02-12,8:45,Bhaktapur,102,32.8,Low,Clear
2025-01-17,9:45,Baneshwor,54,42.0,Low,Cloudy
2025-04-27,11:30,Chabahil,104,42.8,Medium,Fog
2025-04-18,12:00,Kalanki,54,37.4,High,Clear
2025-04-19,10:45,Chabahil,437,19.6,Medium,Clear
2025-01-15,10:30,Baneshwor,614,37.8,High,Clear
2025-01-18,9:45,Ratnapark,96,9.7,High,Clear
2025-03-18,12:30,Lalitpur,49,33.0,High,Cloudy
2025-04-16,15:00,Lalitpur,509,34.2,High,Rain
2025-02-17,9:00,Lalitpur,924,49.4,Low,Rain
2025-04-28,12:45,Ratnapark,672,33.7,Low,Cloudy
2025-01-07,11:15,Bhaktapur,102,36.2,High,Rain
2025-01-02,12:30,Ratnapark,103,36.4,Low,Clear
2025-02-28,10:15,Lalitpur,49,36.1,Medium,Cloudy
2025-02-07,13:30,Kalanki,219,11.1,Medium,Cloudy
2025-02-07,8:30,Ratnapark,46,33.2,Medium,Cloudy
2025-04-04,9:15,Maharajgunj,101,56.9,High,Cloudy
2025-04-14,10:45,Bhaktapur,45,33.6,Medium,Clear
2025-02-20,12:30,Chabahil,54,33.1,High,Clear
2025-04-12,14:45,Bhaktapur,46,36.1,Low,Rain
2025-04-17,12:00,Lalitpur,914,2.4,Low,Fog
2025-03-23,14:15,Lalitpur,692,36.0,High,Rain
2025-02-22,10:15,Chabahil,815,35.0,High,Fog
2025-02-12,12:00,Chabahil,98,35.6,High,Clear
2025-03-21,8:45,Ratnapark,55,35.3,Medium,Cloudy
2025-02-25,11:00,Maharajgunj,54,48.7,Low,Fog
2025-01-23,13:15,Maharajgunj,99,1.5,Medium,Rain
2025-04-20,8:30,Kalanki,53,48.8,Low,Fog
2025-01-01,8:15,Maharajgunj,45,43.2,High,Unknown
2025-04-19,8:30,Bhaktapur,881,35.0,Medium,Rain
2025-05-04,10:30,Maharajgunj,347,36.4,Medium,Rain
2025-03-12,10:00,Ratnapark,53,20.6,Medium,Fog
2025-02-16,8:45,Kalanki,100,36.1,Low,Cloudy
2025-05-05,11:30,Bhaktapur,442,34.7,Medium,Fog
2025-05-02,10:15,Lalitpur,97,38.6,Low,Cloudy
2025-03-29,14:45,Koteshwor,311,35.2,High,Fog
2025-02-25,15:45,Chabahil,313,43.7,Medium,Fog
2025-02-09,15:00,Maharajgunj,47,4.7,Medium,Cloudy
2025-01-19,15:30,Maharajgunj,374,34.6,Medium,Cloudy
2025-01-27,8:00,Baneshwor,905,33.2,Low,Rain
2025-02-26,13:15,Baneshwor,105,32.1,Medium,Cloudy
2025-02-10,14:45,Chabahil,732,33.0,Medium,Cloudy
2025-01-12,9:30,Ratnapark,52,38.2,High,Fog
2025-03-28,10:30,Chabahil,45,45.8,High,Fog
2025-05-05,12:30,Kalanki,49,33.9,Medium,Cloudy
2025-04-14,10:00,Ratnapark,802,35.4,High,Cloudy
2025-03-16,8:15,Lalitpur,51,3.6,Low,Clear
2025-02-03,8:45,Ratnapark,766,17.8,High,Clear
2025-03-10,10:30,Lalitpur,745,39.2,Medium,Fog
2025-03-18,10:45,Koteshwor,624,32.6,High,Rain
2025-01-12,14:30,Maharajgunj,346,35.7,Low,Rain
2025-04-16,13:15,Baneshwor,99,50.9,High,Clear
2025-02-19,9:30,Bhaktapur,48,8.9,High,Rain
2025-05-01,8:30,Maharajgunj,97,30.5,Low,Rain
2025-02-01,8:15,Bhaktapur,49,32.1,Low,Cloudy
2025-03-02,8:15,Lalitpur,359,34.8,High,Cloudy
2025-02-23,8:15,Kalanki,365,38.1,Medium,Clear
2025-02-17,9:15,Chabahil,330,35.5,High,Cloudy
2025-03-12,8:15,Bhaktapur,967,41.3,Medium,Rain
2025-03-26,13:45,Chabahil,45,32.6,Low,Fog
2025-05-05,14:45,Lalitpur,103,38.3,Medium,Fog
2025-05-03,14:30,Maharajgunj,53,33.8,Medium,Rain
2025-04-26,14:15,Bhaktapur,50,14.1,Low,Clear
2025-04-09,8:15,Koteshwor,398,38.0,High,Rain
2025-01-24,9:15,Maharajgunj,95,37.0,High,Fog
2025-01-24,13:15,Maharajgunj,102,6.5,Medium,Rain
2025-03-25,12:15,Lalitpur,46,33.1,High,Fog
2025-01-06,9:45,Maharajgunj,261,0.0,Medium,Clear
2025-01-24,11:15,Baneshwor,102,35.3,High,Clear
2025-04-03,11:15,Chabahil,536,35.7,High,Cloudy
2025-03-08,11:45,Ratnapark,49,35.7,High,Clear
2025-04-25,9:15,Maharajgunj,110,38.0,Low,Rain
2025-01-20,11:30,Chabahil,95,31.5,High,Cloudy
2025-01-24,8:15,Lalitpur,943,36.7,High,Fog
2025-02-08,14:45,Ratnapark,449,32.8,Medium,Clear
2025-01-08,14:30,Baneshwor,48,36.7,High,Clear
2025-03-29,13:30,Koteshwor,185,34.1,High,Clear
2025-03-30,10:30,Chabahil,54,43.4,High,Fog
2025-01-20,9:45,Chabahil,53,33.8,Low,Rain
2025-04-27,12:15,Kalanki,100,5.1,Medium,Cloudy
2025-03-01,10:45,Koteshwor,158,36.1,Low,Cloudy
2025-01-09,10:30,Ratnapark,713,33.5,Low,Rain
2025-04-22,9:00,Kalanki,869,36.6,High,Clear
2025-01-14,9:15,Kalanki,375,36.3,Medium,Cloudy
2025-02-15,12:45,Ratnapark,95,38.4,High,Cloudy
2025-04-02,15:30,Maharajgunj,104,35.7,High,Fog
2025-01-19,14:30,Koteshwor,101,36.0,Medium,Fog
2025-03-25,10:00,Bhaktapur,48,37.8,Low,Clear
2025-02-15,11:45,Baneshwor,102,45.7,High,Fog
2025-03-04,9:15,Ratnapark,47,29.0,Low,Cloudy
2025-01-07,14:30,Baneshwor,45,35.4,High,Clear
2025-04-01,13:45,Lalitpur,49,32.2,Medium,Fog
2025-02-17,8:45,Ratnapark,46,27.9,High,Fog
2025-03-12,9:15,Koteshwor,47,5.9,Low,Rain
2025-02-14,15:00,Lalitpur,100,39.3,Medium,Fog
2025-04-11,14:45,Bhaktapur,47,35.1,Low,Rain
2025-04-05,12:00,Baneshwor,535,36.1,Medium,Fog
2025-01-22,11:15,Ratnapark,50,34.1,Low,Rain
2025-01-31,12:30,Lalitpur,49,36.8,High,Cloudy
2025-02-26,12:45,Bhaktapur,104,32.6,Low,Clear
2025-04-25,13:00,Baneshwor,53,29.9,Medium,Cloudy
2025-05-05,11:30,Chabahil,679,26.4,Medium,Clear
2025-04-06,14:45,Chabahil,938,32.1,Low,Clear
2025-02-12,10:45,Kalanki,303,42.0,Low,Clear
2025-01-07,8:15,Koteshwor,105,38.6,Medium,Cloudy
2025-03-29,8:00,Ratnapark,608,5.2,High,Fog
2025-02-05,14:45,Ratnapark,453,37.6,Medium,Clear
2025-02-11,13:30,Maharajgunj,47,36.9,Medium,Clear
2025-02-27,13:15,Lalitpur,494,31.9,Low,Fog
2025-03-06,10:00,Chabahil,50,42.2,Low,Clear
2025-02-07,15:15,Chabahil,102,33.8,Low,Clear
2025-01-20,10:00,Baneshwor,100,44.5,Low,Cloudy
2025-02-25,15:45,Lalitpur,936,32.5,Medium,Clear
2025-01-04,12:30,Kalanki,899,34.8,Low,Cloudy
2025-01-02,10:45,Maharajgunj,48,51.6,Medium,Clear
2025-04-13,14:45,Bhaktapur,45,35.9,Low,Rain
2025-03-19,15:00,Kalanki,532,21.6,Low,Rain
2025-02-19,8:45,Kalanki,98,33.9,Low,Cloudy
2025-01-25,14:15,Lalitpur,100,34.6,High,Clear
2025-01-25,15:30,Bhaktapur,680,39.1,Low,Fog
2025-03-06,14:30,Lalitpur,97,12.2,Low,Clear
2025-01-13,12:30,Chabahil,234,32.9,Medium,Rain
2025-01-16,11:45,Bhaktapur,198,36.2,High,Clear
2025-01-31,12:30,Bhaktapur,50,34.7,High,Fog
2025-03-28,13:15,Kalanki,862,32.2,High,Fog
2025-05-05,15:30,Baneshwor,103,39.5,Low,Cloudy
2025-04-18,8:30,Bhaktapur,885,34.3,Medium,Rain
2025-03-28,8:30,Baneshwor,104,34.2,Medium,Cloudy
2025-04-28,11:00,Chabahil,97,27.3,High,Fog
2025-01-27,11:00,Ratnapark,621,38.5,High,Fog
2025-04-30,15:00,Maharajgunj,98,31.6,High,Rain
2025-01-08,8:00,Bhaktapur,51,10.6,Medium,Clear
2025-04-22,13:45,Maharajgunj,47,37.2,High,Cloudy
2025-03-26,11:45,Baneshwor,104,35.3,Medium,Cloudy
2025-04-14,8:45,Koteshwor,102,32.5,Medium,Rain
2025-04-11,8:00,Maharajgunj,105,51.8,Medium,Clear
2025-02-28,15:00,Ratnapark,52,35.4,Medium,Fog
2025-04-26,8:00,Koteshwor,100,37.7,Low,Cloudy
2025-01-23,8:15,Chabahil,656,48.3,Low,Cloudy
2025-02-19,10:00,Koteshwor,737,52.7,Low,Cloudy
2025-01-12,11:15,Kalanki,55,32.1,High,Cloudy
2025-01-09,8:00,Bhaktapur,49,7.1,Medium,Clear
2025-03-05,9:15,Ratnapark,46,31.0,Low,Cloudy
2025-04-15,8:45,Koteshwor,100,37.9,Medium,Rain
2025-01-25,12:45,Lalitpur,47,35.1,Medium,Fog
2025-02-19,14:00,Chabahil,100,35.6,Low,Fog
2025-02-16,10:00,Lalitpur,99,35.6,Medium,Clear
2025-01-01,15:45,Kalanki,289,37.2,Medium,Rain
2025-04-18,10:15,Chabahil,49,33.8,Medium,Rain
2025-02-10,14:45,Chabahil,726,36.4,Medium,Cloudy
2025-04-10,12:00,Lalitpur,53,33.3,High,Rain
2025-04-22,14:45,Chabahil,55,39.0,Low,Fog
2025-02-28,8:30,Chabahil,995,33.4,Low,Fog
2025-04-13,12:45,Bhaktapur,51,33.2,Low,Clear
2025-02-14,14:45,Lalitpur,974,30.1,High,Cloudy
2025-01-05,15:15,Bhaktapur,54,18.2,Low,Clear
2025-04-11,14:00,Ratnapark,98,35.7,Low,Rain
2025-01-30,8:45,Kalanki,280,35.5,Medium,Clear
2025-01-31,12:45,Ratnapark,170,54.8,High,Fog
2025-03-19,11:00,Ratnapark,398,38.2,Low,Rain
2025-01-05,11:15,Bhaktapur,103,36.8,High,Rain
2025-03-21,10:00,Baneshwor,102,37.7,High,Rain
2025-03-19,12:30,Lalitpur,50,33.9,High,Cloudy
2025-01-31,11:00,Ratnapark,622,35.8,High,Fog
2025-02-22,8:15,Kalanki,369,35.4,Medium,Clear
2025-04-16,10:00,Ratnapark,809,37.3,High,Cloudy
2025-01-15,12:45,Bhaktapur,639,60.3,High,Cloudy
2025-01-10,12:00,Kalanki,104,35.4,High,Cloudy
2025-01-09,9:30,Chabahil,102,52.0,Medium,Clear
2025-02-08,9:15,Chabahil,95,38.6,High,Cloudy
2025-01-12,12:30,Baneshwor,392,25.1,Low,Clear
2025-04-19,12:00,Lalitpur,915,0.0,Low,Fog
2025-03-02,13:00,Ratnapark,49,5.8,High,Clear
2025-04-29,12:15,Baneshwor,49,32.0,Medium,Cloudy
2025-02-27,10:30,Ratnapark,54,37.1,Low,Rain
2025-03-04,15:30,Kalanki,46,32.1,High,Clear
2025-01-21,9:30,Baneshwor,104,34.6,Low,Clear
2025-01-26,13:15,Maharajgunj,102,4.5,Medium,Rain
2025-03-03,10:45,Koteshwor,152,38.1,Low,Cloudy
2025-05-01,8:00,Chabahil,51,35.2,Medium,Rain
2025-04-07,10:30,Maharajgunj,51,28.3,Medium,Cloudy
2025-04-20,15:30,Baneshwor,99,34.9,Low,Cloudy
2025-05-05,11:45,Lalitpur,102,34.9,High,Rain
2025-01-01,14:15,Baneshwor,397,35.2,Low,Fog
2025-02-12,12:45,Ratnapark,797,40.6,Low,Cloudy
2025-04-10,12:30,Chabahil,98,31.6,Low,Rain
2025-03-27,8:00,Ratnapark,52,29.5,Low,Cloudy
2025-01-19,13:00,Chabahil,45,35.5,High,Rain
2025-01-13,10:15,Ratnapark,48,34.5,High,Cloudy
2025-01-19,15:45,Bhaktapur,707,34.7,High,Fog
2025-03-23,11:30,Ratnapark,98,34.4,High,Cloudy
2025-02-21,11:30,Ratnapark,50,33.3,Low,Cloudy
2025-05-01,14:45,Ratnapark,543,5.0,High,Clear
2025-03-13,9:15,Ratnapark,888,12.4,Low,Rain
2025-02-06,14:45,Ratnapark,455,35.0,Medium,Clear
2025-03-31,12:30,Bhaktapur,103,35.8,High,Cloudy
2025-01-11,8:30,Maharajgunj,48,34.6,Low,Fog
2025-03-09,9:45,Maharajgunj,98,15.9,Low,Cloudy
2025-04-29,11:00,Chabahil,102,24.2,High,Fog
2025-04-18,15:45,Baneshwor,104,36.2,Low,Fog
2025-04-01,12:45,Maharajgunj,48,32.7,Medium,Cloudy
2025-05-03,9:00,Koteshwor,46,34.0,High,Rain
2025-03-11,10:00,Ratnapark,96,36.0,Medium,Rain
2025-04-07,8:30,Kalanki,911,35.7,Medium,Clear
2025-02-22,9:30,Bhaktapur,49,8.0,High,Rain
2025-04-03,10:15,Baneshwor,50,34.1,Medium,Fog
2025-03-04,9:15,Maharajgunj,53,35.5,Low,Fog
2025-01-15,8:30,Maharajgunj,99,21.1,Low,Fog
2025-02-19,11:15,Maharajgunj,50,14.4,Low,Clear
2025-03-12,12:00,Kalanki,477,35.5,Low,Rain
2025-02-01,15:00,Ratnapark,97,37.1,Medium,Cloudy
2025-04-17,12:00,Kalanki,48,35.0,High,Clear
2025-05-01,9:45,Bhaktapur,95,35.0,High,Fog
2025-02-04,10:15,Koteshwor,98,37.1,Medium,Rain
2025-04-07,9:00,Koteshwor,45,1.9,Medium,Fog
2025-04-29,12:45,Ratnapark,674,38.2,Low,Cloudy
2025-01-30,9:45,Ratnapark,225,31.5,Low,Cloudy
2025-01-08,10:45,Maharajgunj,105,15.8,Low,Rain
2025-05-01,15:00,Maharajgunj,752,36.2,High,Fog
2025-04-22,14:30,Bhaktapur,102,33.2,High,Rain
2025-03-05,15:30,Kalanki,49,35.5,High,Clear
2025-03-08,8:15,Bhaktapur,203,45.1,Medium,Fog
2025-04-21,11:00,Lalitpur,824,33.3,Low,Cloudy
2025-02-16,9:15,Maharajgunj,713,35.9,Medium,Rain
2025-02-07,9:00,Lalitpur,95,36.7,Low,Rain
2025-03-17,10:15,Baneshwor,51,32.9,Medium,Fog
2025-04-06,8:30,Baneshwor,349,48.7,Low,Fog
2025-01-20,14:30,Chabahil,98,35.6,Medium,Clear
2025-03-25,13:00,Chabahil,49,0.0,Medium,Cloudy
2025-01-07,14:45,Baneshwor,149,33.2,Low,Cloudy
2025-04-08,10:15,Maharajgunj,55,34.7,Medium,Clear
2025-01-15,12:30,Baneshwor,341,61.6,High,Rain
2025-04-08,12:00,Baneshwor,541,36.3,Medium,Fog
2025-04-07,12:45,Kalanki,54,16.3,High,Cloudy
2025-04-24,12:15,Kalanki,98,9.3,Medium,Cloudy
2025-01-13,10:45,Chabahil,52,33.3,High,Rain
2025-01-31,14:45,Bhaktapur,99,12.8,Low,Cloudy
2025-03-10,13:00,Koteshwor,910,34.3,High,Clear
2025-03-12,9:00,Lalitpur,52,37.2,Low,Fog
2025-03-14,13:00,Kalanki,95,36.3,Low,Cloudy
2025-01-26,14:00,Koteshwor,102,43.0,Medium,Fog
2025-02-06,11:45,Lalitpur,55,15.2,Low,Rain
2025-02-18,11:15,Ratnapark,105,34.2,High,Clear
2025-01-28,15:30,Koteshwor,617,35.2,Low,Rain
2025-04-08,11:45,Chabahil,46,16.9,Low,Clear
2025-02-03,15:45,Chabahil,105,8.3,Medium,Clear
2025-01-30,11:30,Koteshwor,360,49.6,Low,Clear
2025-03-06,11:30,Lalitpur,96,32.3,Medium,Cloudy
2025-01-01,11:15,Baneshwor,99,33.3,Low,Fog
2025-03-26,10:30,Chabahil,46,45.8,High,Fog
2025-02-26,13:00,Lalitpur,47,35.0,Low,Fog
2025-01-05,12:30,Ratnapark,105,34.4,Low,Clear
2025-01-13,14:15,Kalanki,852,16.2,High,Rain
2025-03-21,11:45,Ratnapark,45,38.2,High,Cloudy
2025-04-07,10:15,Maharajgunj,50,33.3,Medium,Clear
2025-04-18,12:00,Kalanki,47,35.5,High,Clear
2025-01-10,14:30,Maharajgunj,352,35.0,Low,Rain
2025-04-20,15:00,Lalitpur,96,35.1,Low,Cloudy
2025-01-18,13:00,Kalanki,50,1.9,Low,Clear
2025-01-18,12:30,Baneshwor,348,57.3,High,Rain
2025-04-22,14:00,Maharajgunj,45,35.0,Low,Clear
2025-01-07,11:00,Kalanki,498,37.4,Low,Cloudy
2025-02-18,14:15,Lalitpur,165,38.5,High,Fog
2025-01-07,10:45,Baneshwor,53,34.7,Medium,Cloudy
2025-05-02,9:45,Bhaktapur,99,35.1,High,Fog
2025-01-04,11:30,Koteshwor,49,39.4,Medium,Cloudy
2025-01-03,8:15,Kalanki,49,8.3,Medium,Fog
2025-03-31,10:15,Baneshwor,50,33.8,Medium,Fog
2025-01-20,10:30,Maharajgunj,647,33.8,Medium,Cloudy
2025-02-17,9:00,Lalitpur,924,50.9,Low,Rain
2025-03-17,13:15,Kalanki,105,33.0,High,Fog
2025-03-21,15:15,Baneshwor,48,37.2,Low,Cloudy
2025-03-22,9:00,Lalitpur,52,11.7,Low,Cloudy
2025-04-26,12:30,Chabahil,105,36.0,High,Fog
2025-02-14,11:45,Baneshwor,103,46.5,High,Fog
2025-01-02,11:15,Lalitpur,53,33.7,Low,Clear
2025-04-18,8:30,Kalanki,52,51.9,Low,Fog
2025-02-07,8:30,Lalitpur,47,14.5,Low,Cloudy
2025-03-26,10:00,Kalanki,354,34.2,Medium,Fog
2025-04-06,15:00,Kalanki,105,34.8,Medium,Clear
2025-01-22,10:00,Maharajgunj,846,35.4,Medium,Cloudy
2025-03-22,11:45,Ratnapark,48,32.9,High,Cloudy
2025-02-05,13:45,Chabahil,849,33.9,Medium,Clear
2025-04-10,11:30,Kalanki,279,33.8,Medium,Fog
2025-04-17,12:00,Baneshwor,49,12.7,Low,Clear
2025-03-02,11:45,Koteshwor,728,33.2,Medium,Fog
2025-04-29,13:15,Ratnapark,47,31.5,Low,Clear
2025-03-29,11:15,Bhaktapur,296,0.0,High,Cloudy
2025-02-14,10:45,Baneshwor,129,32.1,Medium,Fog
2025-04-29,13:45,Lalitpur,102,32.7,Medium,Clear
2025-03-02,9:15,Ratnapark,51,32.0,Low,Cloudy
2025-03-31,14:15,Bhaktapur,45,36.0,Low,Fog
2025-03-26,11:00,Maharajgunj,667,12.1,Medium,Clear
2025-03-11,14:00,Lalitpur,293,36.1,Low,Rain
2025-03-15,9:45,Chabahil,666,34.9,Low,Clear
2025-01-15,13:15,Chabahil,103,37.1,High,Fog
2025-04-17,13:45,Maharajgunj,55,39.3,Low,Clear
2025-02-19,8:30,Ratnapark,50,37.8,High,Rain
2025-04-01,8:15,Kalanki,226,31.2,Low,Rain
2025-04-19,10:15,Bhaktapur,104,33.8,High,Rain
2025-03-30,14:30,Maharajgunj,220,34.0,High,Rain
2025-02-09,13:45,Kalanki,104,1.5,High,Clear
2025-02-19,8:45,Kalanki,105,37.4,Low,Cloudy
2025-04-16,9:15,Ratnapark,101,34.2,High,Clear
2025-01-03,12:30,Ratnapark,97,33.4,Low,Clear
2025-01-21,12:45,Ratnapark,53,35.6,Low,Cloudy
2025-04-13,10:45,Bhaktapur,50,34.8,Medium,Clear
2025-02-07,13:30,Kalanki,222,9.6,Medium,Cloudy
2025-01-01,10:45,Chabahil,102,38.8,Medium,Cloudy
2025-03-08,15:30,Koteshwor,52,7.8,High,Cloudy
2025-03-29,14:15,Lalitpur,47,35.1,Medium,Fog
2025-01-16,12:30,Chabahil,225,32.2,Medium,Rain
2025-01-26,8:30,Lalitpur,770,34.0,Low,Rain
2025-04-17,14:00,Kalanki,99,8.4,Low,Clear
2025-04-08,14:00,Ratnapark,456,38.7,Low,Clear
2025-02-01,11:15,Maharajgunj,101,39.3,Low,Cloudy
2025-02-10,11:30,Maharajgunj,102,35.0,Medium,Cloudy
2025-01-15,14:30,Chabahil,104,35.1,Medium,Cloudy
2025-01-08,8:00,Bhaktapur,52,8.7,Medium,Clear
2025-03-22,10:00,Ratnapark,102,36.0,High,Cloudy
2025-03-29,12:15,Lalitpur,54,32.7,High,Fog
2025-04-10,11:45,Chabahil,55,23.3,Low,Clear
2025-02-23,11:00,Kalanki,362,38.6,High,Clear
2025-01-09,14:30,Ratnapark,105,37.0,High,Fog
2025-02-08,10:00,Chabahil,181,49.2,High,Cloudy
2025-02-06,12:30,Chabahil,48,35.4,High,Fog
2025-04-11,15:15,Maharajgunj,109,37.4,Low,Rain
2025-03-14,9:15,Ratnapark,882,14.2,Low,Rain
2025-04-08,12:00,Baneshwor,679,33.0,High,Fog
2025-01-17,14:30,Koteshwor,103,33.7,Medium,Fog
2025-03-02,14:30,Lalitpur,473,34.1,Medium,Clear
2025-04-09,8:45,Baneshwor,101,11.8,Medium,Clear
2025-02-04,8:45,Ratnapark,762,21.1,High,Clear
2025-03-03,13:00,Ratnapark,51,1.2,High,Clear
2025-04-24,9:00,Kalanki,875,36.3,High,Clear
2025-03-10,9:15,Bhaktapur,101,10.4,Medium,Clear
2025-02-17,10:00,Kalanki,48,14.1,Medium,Rain
2025-03-07,8:30,Bhaktapur,101,31.0,Medium,Fog
2025-01-27,15:30,Koteshwor,621,33.9,Low,Rain
2025-01-21,11:00,Maharajgunj,97,38.0,Low,Clear
2025-03-03,8:15,Lalitpur,54,35.5,Medium,Clear
2025-03-07,11:45,Ratnapark,46,32.6,High,Clear
2025-01-11,11:15,Koteshwor,283,6.0,High,Rain
2025-04-02,15:30,Maharajgunj,99,37.5,Medium,Fog
2025-02-06,13:30,Kalanki,222,9.2,Medium,Cloudy
2025-01-03,8:15,Kalanki,49,10.1,Medium,Fog
2025-03-23,15:00,Koteshwor,51,27.6,High,Fog
2025-01-28,9:00,Baneshwor,650,36.4,Medium,Rain
2025-01-10,11:00,Bhaktapur,953,53.4,High,Clear
2025-05-02,14:45,Lalitpur,102,36.3,Medium,Fog
2025-03-18,15:15,Ratnapark,50,35.4,Medium,Rain
2025-01-07,11:00,Kalanki,494,36.0,Low,Cloudy
2025-01-06,9:45,Maharajgunj,261,1.6,Medium,Clear
2025-01-08,8:45,Chabahil,55,35.3,High,Cloudy
2025-04-16,10:00,Ratnapark,804,33.4,High,Cloudy
2025-01-20,8:45,Kalanki,45,30.7,Medium,Rain
2025-03-05,8:45,Bhaktapur,816,26.0,High,Rain
2025-02-03,12:45,Ratnapark,175,54.0,High,Fog
2025-01-16,15:15,Chabahil,51,35.2,Low,Rain
2025-01-24,9:15,Koteshwor,188,35.7,High,Clear
2025-02-28,12:45,Bhaktapur,104,35.7,Low,Clear
2025-03-04,11:15,Lalitpur,97,34.4,Medium,Rain
2025-01-18,10:15,Maharajgunj,55,35.5,Medium,Rain
2025-04-26,12:15,Baneshwor,47,59.9,Medium,Clear
2025-03-08,12:30,Koteshwor,731,54.5,High,Clear
2025-02-05,10:15,Koteshwor,54,46.5,High,Clear
2025-03-21,14:15,Lalitpur,689,35.5,High,Rain
2025-01-05,14:00,Koteshwor,526,8.1,High,Fog
2025-05-04,14:30,Maharajgunj,45,33.2,Medium,Rain
2025-04-18,8:30,Bhaktapur,49,35.9,Low,Fog
2025-01-01,8:15,Kalanki,48,7.3,Medium,Fog
2025-02-14,12:45,Ratnapark,798,40.6,Low,Cloudy
2025-03-17,8:45,Koteshwor,101,60.1,Low,Fog
2025-04-20,15:30,Baneshwor,100,34.4,Low,Cloudy
2025-03-08,9:30,Koteshwor,53,36.3,High,Cloudy
2025-04-15,15:45,Baneshwor,100,32.8,Low,Fog
2025-01-01,11:00,Baneshwor,53,36.8,Medium,Clear
2025-02-11,10:45,Kalanki,304,39.2,Low,Clear
2025-03-17,9:30,Lalitpur,45,32.9,High,Cloudy
2025-01-31,13:45,Kalanki,45,33.8,Low,Rain
2025-02-14,8:30,Maharajgunj,475,36.2,Low,Rain
2025-04-13,14:00,Lalitpur,51,41.9,Low,Rain
2025-03-31,14:45,Koteshwor,306,34.3,High,Fog
2025-01-13,11:30,Kalanki,780,35.9,Low,Cloudy
2025-04-08,10:15,Maharajgunj,50,33.9,Medium,Clear
2025-03-05,12:15,Chabahil,438,33.1,High,Fog
2025-02-17,11:45,Ratnapark,583,33.6,High,Clear
2025-04-02,11:15,Chabahil,538,30.8,High,Cloudy
2025-01-27,14:00,Lalitpur,277,37.7,Low,Fog
2025-03-11,10:30,Lalitpur,744,30.5,Medium,Fog
2025-03-01,15:45,Baneshwor,46,34.5,High,Clear
2025-01-13,13:45,Maharajgunj,45,32.6,High,Clear
2025-02-05,13:45,Chabahil,857,33.2,Medium,Clear
2025-03-28,15:30,Chabahil,49,37.8,Medium,Fog
2025-03-16,11:15,Lalitpur,684,40.4,High,Rain
2025-05-02,13:45,Lalitpur,99,28.1,Medium,Clear
2025-03-05,15:45,Ratnapark,642,33.8,Low,Rain
2025-04-25,15:00,Bhaktapur,969,0.5,Low,Cloudy
2025-03-11,9:15,Baneshwor,46,52.9,Medium,Fog
2025-01-08,8:00,Chabahil,442,30.3,Low,Fog
2025-02-06,9:15,Chabahil,96,38.8,High,Cloudy
2025-04-12,8:00,Maharajgunj,101,49.2,Medium,Clear
2025-01-03,15:00,Chabahil,55,20.9,High,Clear
2025-04-02,13:15,Bhaktapur,103,34.4,Low,Fog
2025-02-17,10:45,Baneshwor,128,36.9,Medium,Fog
2025-05-01,11:30,Koteshwor,105,38.7,Medium,Clear
2025-04-17,9:15,Ratnapark,100,36.2,High,Clear
2025-01-09,10:00,Baneshwor,45,35.7,High,Cloudy
2025-02-03,13:00,Chabahil,50,57.1,High,Cloudy
2025-02-20,14:00,Chabahil,99,37.4,Low,Fog
2025-04-15,12:30,Ratnapark,667,57.6,High,Clear
2025-02-13,15:00,Koteshwor,50,36.8,Medium,Clear
2025-03-22,9:00,Lalitpur,50,13.5,Low,Cloudy
2025-03-08,15:30,Lalitpur,50,35.8,High,Rain
2025-01-17,15:30,Maharajgunj,366,38.0,Medium,Cloudy
2025-04-26,14:30,Bhaktapur,51,34.8,Low,Cloudy
2025-03-29,10:30,Chabahil,48,34.6,High,Clear
2025-04-21,10:45,Chabahil,441,16.0,Medium,Clear
2025-03-06,8:45,Bhaktapur,822,24.0,High,Rain
2025-04-19,10:00,Kalanki,115,34.0,Low,Cloudy
2025-04-08,10:15,Maharajgunj,49,38.3,Medium,Clear
2025-03-02,10:00,Chabahil,48,43.6,Low,Clear
2025-03-17,14:45,Lalitpur,53,52.2,High,Fog
2025-01-30,15:00,Maharajgunj,48,35.8,High,Clear
2025-02-16,9:30,Bhaktapur,102,12.0,High,Cloudy
2025-05-03,10:00,Bhaktapur,102,32.7,Medium,Fog
2025-02-20,15:45,Ratnapark,50,33.3,Low,Fog
2025-02-24,8:30,Chabahil,993,32.2,Low,Fog
2025-03-05,9:45,Koteshwor,55,25.5,High,Clear
2025-03-24,8:30,Ratnapark,172,35.5,High,Rain
2025-02-07,11:30,Koteshwor,287,34.1,High,Clear
2025-03-10,13:00,Koteshwor,908,33.9,High,Clear
2025-01-19,13:00,Chabahil,99,35.3,Medium,Cloudy
2025-01-22,14:45,Maharajgunj,105,57.0,Medium,Rain
2025-03-23,11:30,Lalitpur,45,35.6,High,Rain
2025-01-23,14:15,Lalitpur,130,33.2,High,Clear
2025-04-16,13:45,Chabahil,655,36.4,High,Fog
2025-01-15,14:30,Chabahil,104,36.8,Medium,Cloudy
2025-01-18,8:45,Kalanki,54,37.2,Medium,Rain
2025-04-15,12:00,Kalanki,49,35.6,High,Clear
2025-01-25,11:00,Lalitpur,48,34.7,High,Cloudy
2025-05-03,11:30,Bhaktapur,441,33.5,Medium,Fog
2025-01-23,12:45,Ratnapark,48,34.2,High,Rain
2025-02-18,9:15,Maharajgunj,711,34.0,Medium,Rain
2025-01-07,8:45,Chabahil,54,36.5,High,Cloudy
2025-03-09,13:30,Koteshwor,98,57.7,High,Clear
2025-04-25,11:30,Chabahil,95,44.4,Medium,Fog
2025-03-09,9:30,Koteshwor,53,32.7,High,Cloudy
2025-03-11,11:00,Baneshwor,97,53.9,Low,Fog
2025-02-14,10:00,Lalitpur,98,34.1,Medium,Clear
2025-05-01,12:30,Chabahil,49,6.8,Medium,Rain
2025-02-23,12:15,Chabahil,102,34.1,High,Fog
2025-04-07,13:00,Baneshwor,100,40.0,High,Cloudy
2025-01-23,11:30,Chabahil,99,34.2,High,Cloudy
2025-01-03,15:00,Chabahil,52,20.3,High,Clear
2025-03-07,10:30,Ratnapark,199,34.6,Medium,Fog
2025-02-27,10:15,Maharajgunj,973,34.7,High,Clear
2025-01-18,15:15,Chabahil,50,33.4,Low,Rain
2025-04-30,8:45,Koteshwor,105,35.3,Low,Rain
2025-03-01,8:15,Lalitpur,49,37.2,Medium,Clear
2025-02-10,9:00,Baneshwor,101,32.6,High,Cloudy
2025-04-08,8:45,Baneshwor,97,10.8,Medium,Clear
2025-01-21,10:15,Bhaktapur,45,34.3,High,Cloudy
2025-03-16,15:45,Ratnapark,510,33.9,Low,Rain
2025-02-25,12:30,Kalanki,359,35.1,Low,Clear
2025-02-01,14:15,Chabahil,104,37.7,High,Cloudy
2025-04-09,12:00,Lalitpur,47,34.7,High,Rain
2025-04-11,9:30,Kalanki,559,34.8,High,Clear
2025-01-19,11:15,Ratnapark,54,38.6,Low,Rain
2025-02-05,12:45,Ratnapark,53,36.8,High,Clear
2025-02-21,14:45,Lalitpur,97,36.1,Low,Rain
2025-03-19,9:15,Baneshwor,407,62.9,Medium,Rain
2025-04-06,8:45,Baneshwor,101,14.0,Medium,Clear
2025-04-28,13:00,Baneshwor,45,31.0,Medium,Cloudy
2025-01-05,8:45,Chabahil,51,36.7,High,Cloudy
2025-04-19,12:00,Lalitpur,908,0.0,Low,Fog
2025-01-05,12:30,Ratnapark,99,35.9,Low,Clear
2025-03-04,10:00,Chabahil,52,39.6,Low,Clear
2025-02-12,10:45,Kalanki,304,38.1,Low,Clear
2025-02-02,10:00,Bhaktapur,48,34.3,Medium,Clear
2025-04-11,10:45,Baneshwor,102,33.5,High,Clear
2025-04-03,11:45,Bhaktapur,406,34.3,Medium,Clear
2025-02-04,9:30,Maharajgunj,112,20.1,Medium,Clear
2025-02-28,11:45,Kalanki,55,33.6,Low,Fog
2025-04-11,10:45,Baneshwor,99,36.1,High,Clear
2025-01-28,8:45,Kalanki,275,33.1,Medium,Clear
2025-02-20,14:00,Koteshwor,101,48.6,Low,Clear
2025-02-03,11:45,Maharajgunj,50,35.6,Low,Clear
2025-05-02,8:30,Maharajgunj,207,33.0,Low,Cloudy
2025-04-29,12:30,Chabahil,55,6.4,Medium,Rain
2025-02-15,11:15,Ratnapark,101,36.0,High,Clear
2025-02-13,9:15,Maharajgunj,123,37.2,High,Clear
2025-02-18,12:15,Lalitpur,49,48.8,Low,Fog
2025-03-19,10:30,Bhaktapur,102,34.1,Low,Clear
2025-03-30,15:30,Maharajgunj,99,35.3,High,Fog
2025-01-01,10:45,Lalitpur,55,35.1,Medium,Rain
2025-02-23,13:15,Lalitpur,493,35.5,Low,Fog
2025-01-17,13:30,Lalitpur,100,0.0,Low,Cloudy
2025-02-19,12:45,Baneshwor,95,32.9,High,Rain
2025-03-29,8:00,Ratnapark,607,6.3,High,Fog
2025-02-13,8:45,Bhaktapur,100,35.3,Low,Clear
2025-01-21,13:00,Kalanki,51,1.4,Low,Clear
2025-02-05,14:00,Ratnapark,46,36.3,High,Clear
2025-03-28,14:45,Baneshwor,143,35.5,Medium,Fog
2025-02-25,9:45,Koteshwor,769,32.4,Medium,Rain
2025-04-03,8:15,Kalanki,221,32.9,Low,Rain
2025-05-05,14:45,Chabahil,722,37.5,Low,Cloudy
2025-03-17,10:00,Ratnapark,431,32.5,Medium,Cloudy
2025-02-21,10:30,Baneshwor,46,35.7,High,Cloudy
2025-04-20,8:30,Bhaktapur,45,33.8,Low,Fog
2025-04-27,13:45,Lalitpur,45,30.3,High,Rain
2025-02-16,14:00,Chabahil,1002,37.1,High,Rain
2025-01-19,8:15,Bhaktapur,526,39.3,Low,Cloudy
2025-01-24,8:30,Lalitpur,778,36.5,Low,Rain
2025-04-15,12:00,Kalanki,46,35.6,High,Clear
2025-01-11,11:00,Bhaktapur,943,54.3,High,Clear
2025-05-02,14:45,Lalitpur,100,35.4,Medium,Fog
2025-02-21,10:00,Koteshwor,730,53.7,Low,Cloudy
2025-04-01,11:15,Chabahil,543,34.9,High,Cloudy
2025-04-14,14:00,Kalanki,101,5.2,Low,Clear
2025-02-25,11:45,Kalanki,55,31.8,Low,Fog
2025-02-11,11:30,Ratnapark,196,36.0,Medium,Cloudy
2025-02-07,9:30,Ratnapark,49,35.5,Medium,Rain
2025-02-12,14:00,Chabahil,1001,33.7,High,Rain
2025-01-04,10:45,Chabahil,96,37.1,Medium,Cloudy
2025-01-10,13:00,Lalitpur,49,34.2,High,Clear
2025-04-20,13:45,Bhaktapur,103,27.7,Low,Cloudy
2025-01-31,9:45,Ratnapark,223,35.0,Low,Cloudy
2025-01-20,10:30,Maharajgunj,647,34.3,Medium,Cloudy
2025-04-05,13:15,Bhaktapur,101,35.5,Low,Fog
2025-03-17,14:00,Chabahil,883,37.3,Medium,Clear
2025-04-10,10:00,Baneshwor,98,32.7,Low,Rain
2025-03-17,11:15,Lalitpur,676,41.0,High,Rain
2025-03-20,8:45,Ratnapark,886,4.3,Medium,Rain
2025-03-30,13:15,Maharajgunj,45,35.3,Low,Clear
2025-04-25,15:15,Lalitpur,797,36.7,Low,Fog
2025-03-19,8:15,Lalitpur,55,1.1,Low,Clear
2025-02-10,11:30,Maharajgunj,103,36.0,Medium,Cloudy
2025-04-28,8:30,Ratnapark,103,36.4,Low,Fog
2025-01-29,10:30,Koteshwor,51,34.0,Medium,Fog
2025-03-04,10:30,Ratnapark,201,35.6,Medium,Fog
2025-02-17,11:15,Bhaktapur,793,34.5,Medium,Rain
2025-02-12,12:45,Ratnapark,797,40.7,Low,Cloudy
2025-01-14,14:15,Chabahil,101,34.4,Low,Rain
2025-02-02,9:45,Ratnapark,221,35.9,Low,Cloudy
2025-04-18,8:30,Kalanki,46,49.2,Low,Fog
2025-02-02,8:45,Bhaktapur,49,39.8,Medium,Rain
2025-05-04,12:30,Kalanki,51,35.0,Medium,Cloudy
2025-04-07,14:45,Baneshwor,101,31.8,Low,Rain
2025-03-08,8:15,Bhaktapur,199,43.1,Medium,Fog
2025-02-02,8:30,Lalitpur,54,35.1,Medium,Clear
2025-04-27,11:30,Chabahil,104,43.5,Medium,Fog
2025-04-14,13:00,Baneshwor,805,9.8,High,Rain
2025-03-06,13:30,Lalitpur,382,32.6,Low,Clear
2025-04-11,11:30,Baneshwor,680,36.2,High,Rain
2025-01-08,15:15,Bhaktapur,47,17.5,Low,Clear
2025-01-08,8:00,Chabahil,448,30.3,Low,Fog
2025-04-04,10:15,Maharajgunj,46,34.4,Medium,Clear
2025-03-29,15:30,Maharajgunj,96,35.0,High,Fog
2025-03-10,9:00,Lalitpur,46,34.1,Low,Fog
2025-01-14,15:30,Ratnapark,99,33.1,Low,Cloudy
2025-01-05,13:00,Baneshwor,95,44.9,Medium,Cloudy
2025-04-25,12:30,Baneshwor,440,33.8,Low,Cloudy
2025-04-08,14:45,Baneshwor,98,35.3,Low,Rain
2025-03-14,12:00,Baneshwor,118,23.8,Medium,Rain
2025-04-25,13:00,Baneshwor,49,33.8,Medium,Cloudy
2025-03-07,9:45,Koteshwor,46,23.6,High,Clear
2025-02-23,10:30,Maharajgunj,99,39.9,Medium,Clear
2025-04-02,12:30,Ratnapark,104,33.9,Medium,Rain
2025-04-23,10:30,Bhaktapur,98,36.2,Medium,Clear
2025-01-07,13:00,Lalitpur,52,38.9,High,Clear
2025-01-20,11:00,Baneshwor,452,36.6,Low,Clear
2025-01-30,13:45,Kalanki,49,34.4,Low,Rain
2025-01-03,10:45,Lalitpur,55,34.9,Medium,Rain
2025-01-21,12:00,Kalanki,104,33.3,Medium,Cloudy
2025-04-08,8:45,Baneshwor,95,14.8,Medium,Clear
2025-04-11,9:30,Kalanki,561,36.1,High,Clear
2025-01-15,12:30,Baneshwor,399,23.0,Low,Clear
2025-04-29,15:45,Baneshwor,98,0.9,Low,Fog
2025-01-11,13:45,Maharajgunj,52,32.4,High,Clear
2025-02-11,10:00,Bhaktapur,962,37.0,High,Cloudy
2025-03-19,12:30,Kalanki,105,55.2,Low,Rain
2025-05-01,8:00,Chabahil,46,35.4,Medium,Rain
2025-02-18,13:30,Ratnapark,45,0.4,Medium,Rain
2025-03-22,11:45,Ratnapark,55,32.1,High,Cloudy
2025-02-02,12:00,Chabahil,102,36.9,Low,Cloudy
2025-03-22,10:00,Kalanki,890,35.1,Medium,Cloudy
2025-05-05,11:30,Chabahil,679,29.8,Medium,Clear
2025-02-12,15:00,Koteshwor,100,34.2,High,Clear
2025-03-23,10:00,Lalitpur,100,50.5,Medium,Rain
2025-03-10,14:45,Baneshwor,104,36.4,Low,Clear
2025-03-25,13:45,Ratnapark,241,36.5,Low,Rain
2025-01-24,8:30,Ratnapark,95,36.6,Low,Fog
2025-05-03,12:30,Chabahil,54,8.4,Medium,Rain
2025-04-08,15:30,Maharajgunj,838,36.2,Low,Cloudy
2025-02-08,11:45,Maharajgunj,827,37.2,Low,Rain
2025-01-21,10:15,Bhaktapur,49,34.8,High,Cloudy
2025-03-11,9:00,Lalitpur,50,34.0,Low,Fog
2025-03-02,11:00,Maharajgunj,97,13.7,Low,Cloudy
2025-01-05,9:45,Bhaktapur,103,33.7,Medium,Rain
2025-03-14,10:30,Lalitpur,748,36.3,Medium,Fog
2025-02-02,15:00,Ratnapark,99,34.9,Medium,Cloudy
2025-02-19,9:15,Maharajgunj,96,31.3,Low,Rain
2025-05-05,14:30,Maharajgunj,54,37.3,Medium,Rain
2025-01-31,9:45,Ratnapark,220,29.5,Low,Cloudy
2025-01-18,11:30,Baneshwor,367,31.0,Low,Cloudy
2025-01-03,15:45,Chabahil,105,36.1,High,Fog
2025-02-11,14:45,Lalitpur,977,30.1,High,Cloudy
2025-02-04,14:15,Chabahil,98,33.7,High,Cloudy
2025-04-30,15:15,Maharajgunj,507,14.3,Low,Fog
2025-01-23,15:30,Lalitpur,826,0.0,High,Fog
2025-03-22,10:45,Koteshwor,621,36.4,High,Rain
2025-05-02,11:45,Ratnapark,104,12.5,High,Fog
2025-02-26,10:00,Bhaktapur,46,19.9,Low,Fog
2025-01-07,14:30,Lalitpur,213,35.0,High,Fog
2025-02-10,15:00,Kalanki,676,54.0,Medium,Clear
2025-04-02,10:30,Chabahil,46,34.9,High,Clear
2025-04-15,13:00,Maharajgunj,45,45.3,High,Cloudy
2025-03-20,10:15,Baneshwor,50,39.4,Medium,Fog
2025-01-15,11:45,Bhaktapur,194,37.4,High,Clear
2025-01-04,9:45,Bhaktapur,104,32.4,Medium,Rain
2025-02-07,9:15,Lalitpur,954,34.3,Low,Cloudy
2025-01-30,14:30,Baneshwor,104,34.5,Medium,Rain
2025-02-12,10:45,Kalanki,308,41.2,Low,Clear
2025-02-13,10:00,Lalitpur,105,30.7,Medium,Clear
2025-01-16,10:45,Chabahil,53,34.0,High,Rain
2025-04-03,9:30,Bhaktapur,252,31.5,High,Clear
2025-02-13,15:00,Koteshwor,101,34.4,High,Clear
2025-03-17,15:00,Baneshwor,52,34.1,Low,Fog
2025-01-04,9:45,Bhaktapur,100,35.2,Medium,Rain
2025-04-23,12:15,Baneshwor,46,57.8,Medium,Clear
2025-01-06,9:45,Bhaktapur,101,33.5,Medium,Rain
2025-04-25,12:00,Baneshwor,103,36.2,High,Cloudy
2025-04-07,11:30,Kalanki,275,35.9,Medium,Fog
2025-02-05,12:30,Chabahil,46,36.1,High,Fog
2025-02-03,8:45,Maharajgunj,48,34.6,Medium,Fog
2025-01-28,13:45,Kalanki,47,33.9,Low,Rain
2025-01-18,15:45,Bhaktapur,705,34.8,High,Fog
2025-02-12,14:30,Koteshwor,448,36.0,Medium,Clear
2025-01-24,10:00,Maharajgunj,842,30.6,Medium,Cloudy
2025-01-12,9:00,Koteshwor,938,35.8,High,Rain
2025-02-16,15:15,Baneshwor,661,35.6,Low,Clear
2025-03-18,11:15,Lalitpur,674,40.1,High,Rain
2025-03-17,11:15,Lalitpur,681,39.7,High,Rain
2025-04-15,14:45,Baneshwor,854,29.9,Low,Fog
2025-04-01,9:15,Baneshwor,101,34.1,Low,Clear
2025-04-12,9:30,Kalanki,562,38.6,High,Clear
2025-02-16,8:30,Ratnapark,55,35.0,High,Rain
2025-03-13,11:30,Bhaktapur,807,34.4,Low,Clear
2025-02-13,8:30,Chabahil,96,35.0,High,Cloudy
2025-03-30,14:30,Maharajgunj,220,35.7,High,Rain
2025-01-25,10:15,Bhaktapur,49,36.3,High,Cloudy
2025-02-15,14:15,Lalitpur,160,34.5,High,Fog
2025-01-27,12:30,Maharajgunj,54,35.8,Medium,Fog
2025-03-26,15:00,Baneshwor,53,5.4,Low,Clear
2025-02-24,13:15,Chabahil,264,37.0,Medium,Cloudy
2025-04-02,12:30,Bhaktapur,101,39.7,High,Cloudy
2025-01-02,14:15,Baneshwor,393,33.7,Low,Fog
2025-01-17,9:45,Baneshwor,47,46.4,Low,Cloudy
2025-04-07,9:15,Baneshwor,463,33.4,Medium,Clear
2025-03-14,11:30,Bhaktapur,811,35.7,Low,Clear
2025-04-17,9:00,Bhaktapur,97,36.5,Low,Cloudy
2025-04-08,14:00,Ratnapark,97,34.0,Low,Rain
2025-01-05,14:45,Baneshwor,47,35.2,Medium,Cloudy
2025-03-09,15:45,Lalitpur,50,36.8,Low,Fog
2025-02-26,10:15,Maharajgunj,967,33.6,High,Clear
2025-02-20,8:00,Kalanki,105,38.3,Medium,Cloudy
2025-03-30,10:15,Ratnapark,578,32.2,High,Rain
2025-02-16,8:30,Ratnapark,52,38.9,High,Rain
2025-02-26,14:45,Chabahil,97,37.0,High,Clear
2025-03-31,8:00,Ratnapark,607,7.8,High,Fog
2025-03-15,11:30,Chabahil,96,34.2,High,Fog
2025-05-03,9:45,Maharajgunj,293,42.0,Medium,Rain
2025-01-10,8:30,Maharajgunj,55,34.7,Low,Fog
2025-02-16,14:15,Lalitpur,161,34.9,High,Fog
2025-02-05,13:15,Lalitpur,54,37.5,High,Rain
2025-04-07,9:15,Koteshwor,47,38.9,High,Cloudy
2025-03-19,15:00,Maharajgunj,49,35.4,High,Fog
2025-03-10,12:30,Koteshwor,733,51.3,High,Clear
2025-02-07,12:45,Koteshwor,852,33.9,High,Cloudy
2025-02-01,14:30,Baneshwor,104,34.6,Medium,Rain
2025-03-08,11:45,Koteshwor,47,53.9,High,Rain
2025-01-04,15:30,Lalitpur,102,44.6,Low,Rain
2025-03-28,15:00,Baneshwor,46,6.2,Low,Clear
2025-01-17,12:30,Chabahil,226,35.6,Medium,Rain
2025-01-26,12:15,Kalanki,52,33.3,Low,Fog
2025-01-01,8:15,Kalanki,52,7.6,Medium,Fog
2025-02-15,8:45,Ratnapark,45,20.6,High,Fog
2025-01-28,15:00,Maharajgunj,52,32.8,High,Clear
2025-04-22,12:15,Baneshwor,54,57.4,Medium,Clear
2025-04-03,12:30,Bhaktapur,96,38.3,High,Cloudy
2025-02-26,13:30,Chabahil,232,34.5,Low,Fog
2025-04-24,9:15,Maharajgunj,107,30.1,Low,Rain
2025-02-19,10:00,Kalanki,46,18.4,Medium,Rain
2025-03-29,12:45,Kalanki,124,47.4,Medium,Fog
2025-02-10,9:30,Baneshwor,101,31.3,Medium,Fog
2025-03-01,14:30,Lalitpur,474,34.4,Medium,Clear
2025-02-22,12:30,Kalanki,360,36.0,Low,Clear
2025-02-28,11:45,Koteshwor,723,35.8,Medium,Fog
2025-03-18,11:00,Ratnapark,101,38.6,High,Fog
2025-01-29,12:15,Kalanki,49,33.3,Low,Fog
2025-01-30,14:30,Baneshwor,99,35.1,Medium,Rain
2025-04-22,8:30,Bhaktapur,883,33.6,Medium,Rain
2025-02-21,10:00,Maharajgunj,45,1.9,Medium,Clear
2025-03-15,10:45,Lalitpur,52,36.8,Medium,Rain
2025-02-12,15:00,Koteshwor,54,35.9,Medium,Clear
2025-01-29,12:30,Bhaktapur,49,35.6,High,Fog
2025-01-07,14:30,Lalitpur,213,35.9,High,Fog
2025-02-04,15:45,Chabahil,104,7.6,Medium,Clear
2025-01-25,9:30,Chabahil,104,3.0,Low,Rain
2025-05-03,9:00,Koteshwor,49,35.1,High,Rain
2025-04-23,10:30,Chabahil,101,53.3,Medium,Clear
2025-03-06,14:00,Chabahil,906,38.2,High,Fog
2025-01-28,12:00,Koteshwor,47,46.6,High,Cloudy
2025-02-10,8:45,Bhaktapur,96,35.1,Low,Clear
2025-04-08,15:00,Kalanki,100,35.5,Medium,Clear
2025-01-23,13:00,Chabahil,99,20.0,High,Cloudy
2025-01-01,8:15,Kalanki,53,3.9,Medium,Fog
2025-03-09,12:30,Koteshwor,740,53.0,High,Clear
2025-05-02,9:15,Bhaktapur,98,32.3,Low,Rain
2025-02-16,10:45,Baneshwor,130,34.8,Medium,Fog
2025-04-27,13:15,Ratnapark,47,38.3,Low,Clear
2025-04-25,9:15,Ratnapark,822,21.6,Low,Fog
2025-04-01,8:15,Kalanki,226,28.2,Low,Rain
2025-01-02,15:45,Bhaktapur,50,9.9,High,Clear
2025-03-02,14:00,Maharajgunj,45,33.3,High,Rain
2025-01-12,12:30,Baneshwor,399,23.9,Low,Clear
2025-01-29,8:15,Bhaktapur,55,37.1,Low,Cloudy
2025-02-09,8:00,Kalanki,293,36.3,Medium,Clear
2025-02-03,15:45,Chabahil,938,13.0,Medium,Rain
2025-04-02,15:15,Chabahil,47,23.4,Low,Clear
2025-04-02,12:00,Lalitpur,47,35.4,Medium,Clear
2025-02-05,14:45,Ratnapark,451,36.4,Medium,Clear
2025-04-05,11:45,Lalitpur,411,34.6,Low,Rain
2025-03-31,14:15,Lalitpur,55,32.7,Medium,Fog
2025-04-10,8:15,Koteshwor,398,37.6,High,Rain
2025-02-01,11:15,Maharajgunj,100,37.0,Low,Cloudy
2025-05-05,9:00,Baneshwor,99,34.5,Low,Cloudy
2025-02-20,11:30,Ratnapark,48,35.5,Low,Cloudy
2025-03-04,9:15,Bhaktapur,102,37.5,Medium,Rain
2025-01-02,14:15,Baneshwor,390,36.7,Low,Fog
2025-01-03,12:30,Ratnapark,105,32.1,Low,Clear
2025-04-27,14:45,Ratnapark,310,35.5,High,Clear
2025-01-05,10:30,Ratnapark,48,16.7,High,Cloudy
2025-03-27,10:00,Kalanki,346,37.2,Medium,Fog
2025-04-26,11:00,Koteshwor,101,37.1,Medium,Cloudy
2025-01-13,12:45,Chabahil,185,37.6,Medium,Fog
2025-05-03,10:00,Bhaktapur,98,51.8,Low,Rain
2025-05-05,15:30,Baneshwor,103,33.4,Low,Cloudy
2025-03-01,14:45,Maharajgunj,316,37.2,High,Rain
2025-03-17,9:15,Koteshwor,97,32.8,Low,Rain
2025-03-12,9:15,Baneshwor,54,50.0,Medium,Fog
2025-03-03,8:30,Bhaktapur,104,36.1,Medium,Fog
2025-02-25,14:30,Bhaktapur,767,33.9,Low,Fog
2025-04-06,15:30,Maharajgunj,838,38.6,Low,Cloudy
2025-02-05,14:45,Ratnapark,446,35.6,Medium,Clear
2025-03-11,11:00,Baneshwor,104,51.3,Low,Fog
2025-01-13,15:30,Ratnapark,102,34.3,Low,Cloudy
2025-02-21,12:15,Chabahil,96,38.2,High,Fog
2025-03-05,15:45,Ratnapark,635,35.7,Low,Rain
2025-01-04,8:45,Chabahil,47,34.2,High,Cloudy
2025-02-03,8:00,Bhaktapur,46,33.4,High,Rain
2025-04-29,10:30,Maharajgunj,49,34.9,Low,Fog
2025-04-14,12:45,Lalitpur,545,28.0,Medium,Cloudy
2025-01-21,12:00,Lalitpur,101,24.1,Low,Rain
2025-01-08,14:30,Maharajgunj,348,32.4,Low,Rain
2025-04-26,15:00,Ratnapark,102,16.7,Low,Rain
2025-04-15,8:45,Koteshwor,98,36.2,Medium,Rain
2025-01-17,13:15,Chabahil,98,35.7,High,Fog
2025-03-31,12:00,Lalitpur,47,33.6,Medium,Clear
2025-01-10,9:15,Kalanki,383,36.3,Medium,Cloudy
2025-01-01,15:45,Bhaktapur,45,8.2,High,Clear
2025-02-27,14:45,Maharajgunj,320,35.0,High,Rain
2025-03-11,9:30,Baneshwor,95,36.3,Low,Cloudy
2025-04-04,10:15,Baneshwor,51,35.9,Medium,Fog
2025-04-21,9:00,Kalanki,870,33.6,High,Clear
2025-02-17,12:00,Ratnapark,339,58.4,High,Cloudy
2025-04-11,10:45,Baneshwor,98,35.2,High,Clear
2025-02-27,11:45,Kalanki,52,36.5,Low,Fog
2025-03-20,12:30,Lalitpur,55,38.1,High,Cloudy
2025-01-03,14:30,Lalitpur,456,44.2,High,Clear
2025-02-08,10:30,Ratnapark,50,37.2,Low,Rain
2025-04-27,8:45,Koteshwor,45,10.4,High,Clear
2025-05-03,14:30,Maharajgunj,54,36.6,Medium,Rain
2025-01-13,9:15,Kalanki,380,35.4,Medium,Cloudy
2025-04-12,13:00,Baneshwor,799,8.6,High,Rain
2025-03-30,12:00,Maharajgunj,593,35.6,Low,Clear
2025-05-04,12:45,Chabahil,561,35.5,High,Clear
2025-02-26,15:30,Chabahil,95,36.2,Low,Fog
2025-02-20,10:45,Lalitpur,50,34.7,Medium,Rain
2025-03-06,9:15,Bhaktapur,102,11.5,Medium,Clear
2025-02-05,11:45,Ratnapark,104,36.3,Medium,Rain
2025-03-16,9:15,Koteshwor,96,31.4,Low,Rain
2025-04-26,14:30,Chabahil,49,37.9,Low,Cloudy
2025-05-02,9:45,Bhaktapur,100,34.5,High,Fog
2025-03-11,13:30,Koteshwor,99,57.5,High,Clear
2025-01-24,8:15,Chabahil,655,50.1,Low,Cloudy
2025-01-22,13:15,Chabahil,98,8.2,Low,Clear
2025-04-18,9:30,Bhaktapur,101,19.2,High,Cloudy
2025-04-16,8:45,Koteshwor,48,36.6,Medium,Cloudy
2025-04-16,15:00,Kalanki,193,35.6,High,Cloudy
2025-03-11,12:30,Koteshwor,741,51.7,High,Clear
2025-04-12,10:30,Lalitpur,54,33.5,Medium,Fog
2025-02-04,8:00,Bhaktapur,46,34.3,High,Rain
2025-03-06,8:30,Ratnapark,218,19.4,High,Cloudy
2025-01-29,13:00,Chabahil,102,38.4,High,Cloudy
2025-03-10,9:30,Baneshwor,99,38.0,Low,Cloudy
2025-03-18,8:45,Ratnapark,885,4.9,Medium,Rain
2025-01-08,12:15,Baneshwor,52,34.6,Low,Rain
2025-02-26,14:30,Bhaktapur,773,34.6,Low,Fog
2025-03-25,13:45,Baneshwor,747,36.5,Low,Rain
2025-03-21,14:15,Ratnapark,54,35.5,Medium,Cloudy
2025-02-09,15:00,Maharajgunj,50,2.9,Medium,Cloudy
2025-03-12,8:45,Maharajgunj,525,27.8,Low,Fog
2025-03-21,8:00,Bhaktapur,55,38.1,High,Cloudy
2025-01-05,11:15,Lalitpur,47,31.4,Low,Clear
2025-03-30,13:45,Lalitpur,49,26.0,High,Fog
2025-03-13,13:45,Koteshwor,50,34.5,Low,Fog
2025-01-25,10:30,Koteshwor,97,50.9,Low,Cloudy
2025-02-22,10:45,Lalitpur,46,37.2,Medium,Rain
2025-02-17,10:00,Lalitpur,101,36.7,Medium,Clear
2025-05-04,15:00,Maharajgunj,755,33.9,High,Fog
2025-03-31,14:30,Maharajgunj,224,37.6,High,Rain
2025-03-10,8:30,Lalitpur,103,21.9,Medium,Fog
2025-04-20,11:30,Baneshwor,928,34.8,Low,Rain
2025-02-18,9:00,Lalitpur,926,48.1,Low,Rain
2025-04-28,13:15,Koteshwor,100,39.5,Low,Clear
2025-04-29,9:00,Koteshwor,48,36.4,High,Rain
2025-03-13,14:00,Lalitpur,297,36.5,Low,Rain
2025-03-09,13:30,Koteshwor,99,59.7,High,Clear
2025-01-22,10:30,Maharajgunj,655,35.6,Medium,Cloudy
2025-04-08,9:00,Koteshwor,50,0.0,Medium,Fog
2025-01-30,15:45,Ratnapark,138,35.2,Low,Cloudy
2025-03-02,11:45,Koteshwor,729,37.1,Medium,Fog
2025-02-07,11:30,Koteshwor,282,31.0,High,Clear
2025-04-29,8:45,Koteshwor,96,34.4,Low,Rain
2025-01-26,13:30,Kalanki,98,37.8,Low,Fog
2025-04-21,13:45,Maharajgunj,693,34.0,High,Clear
2025-04-08,9:00,Koteshwor,192,53.1,Low,Fog
2025-03-09,9:00,Lalitpur,54,37.8,Low,Fog
2025-03-29,13:15,Kalanki,854,34.9,High,Fog
2025-05-05,11:45,Lalitpur,98,33.9,High,Rain
2025-05-05,15:15,Koteshwor,100,34.4,High,Fog
2025-04-18,8:30,Bhaktapur,879,40.3,Medium,Rain
2025-04-06,9:15,Maharajgunj,104,58.7,High,Cloudy
2025-03-08,11:45,Ratnapark,45,35.3,High,Clear
2025-01-15,9:30,Ratnapark,45,38.8,High,Fog
2025-02-19,9:30,Bhaktapur,53,7.2,High,Rain
2025-02-12,14:00,Chabahil,1000,35.5,High,Rain
2025-03-18,8:45,Ratnapark,880,1.5,Medium,Rain
2025-02-22,9:15,Maharajgunj,103,35.2,Low,Rain
2025-01-08,8:00,Baneshwor,55,37.6,High,Cloudy
2025-04-02,14:45,Baneshwor,51,16.4,High,Rain
2025-04-05,12:45,Kalanki,53,19.7,High,Cloudy
2025-01-09,10:30,Koteshwor,570,37.7,Medium,Clear
2025-04-13,12:45,Kalanki,190,0.0,Medium,Clear
2025-02-03,12:45,Ratnapark,46,38.4,High,Clear
2025-02-09,14:15,Ratnapark,489,33.6,Medium,Cloudy
2025-02-11,12:30,Baneshwor,105,35.9,Medium,Rain
2025-02-15,11:15,Bhaktapur,798,34.4,Medium,Rain
2025-03-06,13:30,Koteshwor,101,52.4,Low,Cloudy
2025-03-19,8:45,Kalanki,404,33.8,Low,Rain
2025-01-21,8:00,Bhaktapur,49,36.4,Medium,Rain
2025-03-10,12:45,Chabahil,431,36.7,Low,Fog
2025-01-02,10:45,Chabahil,101,34.9,Medium,Cloudy
2025-02-09,9:15,Lalitpur,952,32.3,Low,Cloudy
2025-04-05,13:45,Lalitpur,102,0.8,Medium,Clear
2025-04-17,11:45,Bhaktapur,46,37.8,Low,Clear
2025-01-15,10:15,Maharajgunj,45,34.6,Medium,Rain
2025-02-25,8:45,Kalanki,598,16.7,High,Fog
2025-02-18,11:30,Baneshwor,282,48.9,Low,Cloudy
2025-04-13,10:45,Bhaktapur,53,30.6,Medium,Clear
2025-01-31,11:45,Ratnapark,49,33.5,High,Clear
2025-04-03,9:15,Ratnapark,55,36.4,High,Rain
2025-01-13,12:00,Kalanki,102,32.9,High,Cloudy
2025-03-11,15:45,Bhaktapur,97,33.0,Low,Cloudy
2025-02-16,10:45,Baneshwor,126,36.9,Medium,Fog
2025-03-18,13:15,Kalanki,96,35.9,High,Fog
2025-04-24,13:45,Lalitpur,52,30.8,High,Rain
2025-01-04,15:30,Lalitpur,101,48.6,Low,Rain
2025-03-31,10:15,Ratnapark,579,34.1,High,Rain
2025-03-03,11:00,Maharajgunj,105,10.2,Low,Cloudy
2025-03-17,9:30,Lalitpur,48,36.6,High,Cloudy
2025-02-08,11:30,Maharajgunj,95,32.3,Medium,Cloudy
2025-01-12,10:00,Baneshwor,49,30.7,High,Cloudy
2025-01-11,9:00,Koteshwor,937,34.1,High,Rain
2025-03-31,13:15,Maharajgunj,54,36.9,Low,Clear
2025-03-30,8:00,Ratnapark,48,31.5,Low,Cloudy
2025-04-05,8:30,Baneshwor,347,50.7,Low,Fog
2025-05-02,11:30,Bhaktapur,442,31.0,Medium,Fog
2025-05-04,10:00,Bhaktapur,98,54.6,Low,Rain
2025-01-29,12:00,Koteshwor,53,46.3,High,Cloudy
2025-04-24,11:15,Baneshwor,98,32.3,Medium,Clear
2025-01-01,9:45,Bhaktapur,49,25.7,Low,Rain
2025-02-03,8:00,Chabahil,55,34.8,Low,Rain
2025-04-13,11:45,Bhaktapur,52,43.1,Low,Clear
2025-04-07,15:00,Lalitpur,45,30.6,Medium,Clear
2025-04-30,8:30,Maharajgunj,206,37.7,Low,Cloudy
2025-05-02,11:15,Bhaktapur,103,34.2,Low,Clear
2025-03-16,15:00,Maharajgunj,53,31.8,High,Fog
2025-01-16,11:00,Chabahil,110,33.9,High,Rain
2025-03-28,10:30,Chabahil,46,45.6,High,Fog
2025-05-02,9:15,Bhaktapur,103,37.1,Low,Rain
2025-01-14,11:15,Maharajgunj,813,38.4,Low,Rain
2025-01-27,15:30,Bhaktapur,675,37.8,Low,Fog
2025-01-22,8:00,Bhaktapur,45,33.1,Medium,Rain
2025-04-22,13:45,Maharajgunj,53,35.3,High,Cloudy
2025-01-11,14:00,Chabahil,685,37.8,Low,Rain
2025-03-29,13:45,Lalitpur,47,26.7,High,Fog
2025-01-16,8:45,Baneshwor,98,49.6,Low,Cloudy
2025-01-20,9:30,Baneshwor,757,5.6,Low,Cloudy
2025-01-15,9:45,Ratnapark,103,8.1,High,Clear
2025-04-27,10:30,Maharajgunj,52,33.5,Low,Fog
2025-02-26,9:00,Baneshwor,386,32.9,High,Cloudy
2025-02-11,13:30,Maharajgunj,46,36.0,Medium,Clear
2025-04-23,10:30,Bhaktapur,314,36.3,High,Clear
2025-02-13,9:30,Ratnapark,48,34.6,Medium,Clear
2025-03-25,10:00,Lalitpur,103,53.7,Medium,Rain
2025-04-29,9:30,Maharajgunj,54,34.5,Low,Rain
2025-01-02,8:15,Chabahil,97,34.4,High,Cloudy
2025-04-11,13:00,Baneshwor,804,12.3,High,Rain
2025-01-12,11:15,Koteshwor,283,3.7,High,Rain
2025-02-16,11:15,Ratnapark,104,35.2,High,Clear
2025-01-31,15:00,Maharajgunj,48,30.0,High,Clear
2025-02-23,14:45,Lalitpur,96,35.0,Low,Rain
2025-03-15,15:45,Bhaktapur,105,31.3,Low,Cloudy
2025-02-18,10:00,Koteshwor,103,32.6,Low,Rain
2025-04-04,11:45,Lalitpur,412,32.3,Low,Rain
2025-01-27,11:00,Ratnapark,626,32.9,High,Fog
2025-04-21,10:45,Chabahil,434,14.9,Medium,Clear
2025-04-03,12:30,Ratnapark,102,34.0,Medium,Rain
2025-04-21,14:45,Koteshwor,110,30.3,Low,Fog
2025-02-09,10:45,Kalanki,310,39.4,Low,Clear
2025-01-12,9:15,Kalanki,377,31.2,Medium,Cloudy
2025-02-11,10:45,Kalanki,307,39.2,Low,Clear
2025-01-15,15:15,Bhaktapur,51,53.6,High,Rain
2025-02-04,14:15,Chabahil,103,34.3,High,Cloudy
2025-02-21,14:45,Baneshwor,890,59.9,Medium,Clear
2025-01-01,14:15,Baneshwor,398,35.4,Low,Fog
2025-02-28,14:45,Maharajgunj,316,36.5,High,Rain
2025-01-14,9:15,Kalanki,382,31.9,Medium,Cloudy
2025-01-29,13:00,Chabahil,98,34.5,High,Cloudy
2025-04-26,14:00,Maharajgunj,54,38.0,Low,Fog
2025-02-21,13:00,Chabahil,299,37.8,Low,Cloudy
2025-02-10,13:45,Bhaktapur,50,36.7,Medium,Cloudy
2025-01-01,15:45,Bhaktapur,47,11.1,High,Clear
2025-02-25,8:45,Koteshwor,565,38.3,Medium,Fog
2025-04-28,9:00,Maharajgunj,97,38.8,Low,Fog
2025-03-10,10:15,Koteshwor,747,34.7,Medium,Fog
2025-01-16,10:30,Baneshwor,614,33.1,High,Clear
2025-04-15,9:00,Baneshwor,809,34.5,High,Fog
2025-04-02,12:30,Bhaktapur,95,41.2,High,Cloudy
2025-04-26,12:30,Chabahil,96,31.9,High,Fog
2025-01-02,13:45,Kalanki,102,34.1,Low,Fog
2025-01-04,11:00,Baneshwor,51,32.2,Medium,Clear
2025-01-10,11:15,Kalanki,45,35.2,High,Cloudy
2025-03-12,12:30,Koteshwor,735,50.6,High,Clear
2025-05-01,10:15,Chabahil,104,34.8,High,Cloudy
2025-03-11,10:30,Lalitpur,743,31.1,Medium,Fog
2025-02-10,9:15,Lalitpur,954,36.2,Low,Cloudy
2025-01-30,10:30,Koteshwor,48,37.4,Medium,Fog
2025-01-15,8:45,Baneshwor,95,49.2,Low,Cloudy
2025-01-19,15:45,Bhaktapur,708,34.7,High,Fog
2025-03-13,10:00,Ratnapark,53,20.7,Medium,Fog
2025-04-10,13:45,Baneshwor,100,35.4,High,Cloudy
2025-02-16,14:15,Lalitpur,157,34.9,High,Fog
2025-03-30,11:15,Bhaktapur,295,3.5,High,Cloudy
2025-04-29,11:00,Chabahil,988,37.5,Low,Cloudy
2025-04-07,14:00,Chabahil,54,33.4,Low,Fog
2025-03-23,12:30,Lalitpur,99,34.4,Medium,Fog
2025-02-07,15:00,Maharajgunj,45,5.8,Medium,Cloudy
2025-03-30,13:45,Baneshwor,99,26.2,Low,Clear
2025-02-05,9:15,Chabahil,95,31.1,High,Cloudy
2025-02-07,12:30,Koteshwor,53,35.5,Medium,Cloudy
2025-04-16,10:00,Baneshwor,101,36.0,Low,Rain
2025-03-17,14:45,Lalitpur,47,50.6,High,Fog
2025-04-29,11:45,Ratnapark,103,10.8,High,Fog
2025-04-07,14:45,Chabahil,937,33.5,Low,Clear
2025-03-27,13:30,Koteshwor,188,33.3,High,Clear
2025-03-14,10:15,Maharajgunj,103,13.4,High,Rain
2025-02-14,12:00,Baneshwor,50,32.6,Medium,Clear
2025-02-08,10:00,Chabahil,189,51.5,High,Cloudy
2025-04-26,11:15,Baneshwor,672,33.2,Medium,Clear
2025-01-05,14:45,Baneshwor,150,32.1,Low,Cloudy
2025-03-26,11:45,Baneshwor,100,36.7,Medium,Cloudy
2025-05-02,14:30,Kalanki,697,34.0,Medium,Rain
2025-04-05,8:30,Baneshwor,340,49.4,Low,Fog
2025-04-07,15:15,Chabahil,102,33.0,Low,Rain
2025-01-07,9:45,Kalanki,51,33.5,Low,Clear
2025-02-28,11:30,Baneshwor,988,50.5,Low,Fog
2025-01-15,8:30,Baneshwor,49,40.2,Medium,Rain
2025-05-03,10:30,Maharajgunj,350,31.0,Medium,Rain
2025-01-29,10:45,Bhaktapur,103,34.6,Low,Rain
2025-02-15,15:15,Baneshwor,654,35.8,Low,Clear
2025-05-01,8:30,Maharajgunj,103,33.8,Low,Rain
2025-02-07,11:45,Maharajgunj,823,36.7,Low,Rain
2025-04-20,8:30,Bhaktapur,48,33.3,Low,Fog
2025-04-22,8:15,Kalanki,104,35.3,Low,Fog
2025-04-06,8:00,Kalanki,101,34.0,Low,Cloudy
2025-01-20,13:00,Chabahil,103,37.4,Medium,Cloudy
2025-05-05,13:15,Maharajgunj,99,33.6,High,Rain
2025-01-04,8:00,Kalanki,702,34.3,Low,Clear
2025-02-24,9:45,Bhaktapur,52,9.9,Medium,Rain
2025-04-17,12:00,Kalanki,51,32.9,High,Clear
2025-03-11,11:00,Baneshwor,102,51.1,Low,Fog
2025-04-06,8:00,Koteshwor,55,3.4,Medium,Fog
2025-02-15,9:15,Maharajgunj,717,32.8,Medium,Rain
2025-02-21,12:00,Ratnapark,337,56.8,High,Cloudy
2025-03-12,12:00,Kalanki,480,33.0,Low,Rain
2025-05-05,15:15,Koteshwor,97,33.9,High,Fog
2025-01-22,14:45,Maharajgunj,100,59.0,Medium,Rain
2025-03-13,13:45,Koteshwor,50,33.8,Low,Fog
2025-04-01,15:30,Maharajgunj,96,36.6,High,Fog
2025-05-05,15:30,Baneshwor,101,35.4,Low,Cloudy
2025-03-20,9:15,Baneshwor,410,59.9,Medium,Rain
2025-03-21,10:00,Kalanki,898,37.5,Medium,Cloudy
2025-02-23,11:00,Maharajgunj,55,51.6,Low,Fog
2025-02-01,13:00,Chabahil,45,62.1,High,Cloudy
2025-01-16,9:30,Ratnapark,52,41.8,High,Fog
2025-04-26,12:15,Baneshwor,46,58.0,Medium,Clear
2025-03-08,15:30,Koteshwor,45,8.6,High,Cloudy
2025-04-08,9:00,Koteshwor,197,50.5,Low,Fog
2025-03-16,15:00,Maharajgunj,183,34.2,High,Rain
2025-02-14,15:00,Koteshwor,50,35.6,Medium,Clear
2025-02-23,8:15,Kalanki,368,37.2,Medium,Clear
2025-05-04,14:30,Baneshwor,99,16.9,Medium,Cloudy
2025-04-14,13:00,Baneshwor,805,14.6,High,Rain
2025-02-07,12:45,Koteshwor,849,37.2,High,Cloudy
2025-05-03,13:45,Ratnapark,54,37.0,Medium,Cloudy
2025-04-10,15:15,Chabahil,98,33.9,Low,Rain
2025-02-20,8:45,Kalanki,101,34.6,Low,Cloudy
2025-01-22,15:45,Koteshwor,575,35.1,Low,Rain
2025-02-03,9:45,Chabahil,52,36.4,Low,Fog
2025-03-25,15:30,Ratnapark,46,53.3,Medium,Cloudy
2025-02-04,13:45,Chabahil,859,35.3,Medium,Clear
2025-03-24,11:45,Baneshwor,96,35.2,Medium,Cloudy
2025-01-26,14:00,Koteshwor,98,44.4,Medium,Fog
2025-03-11,10:45,Bhaktapur,104,28.3,Medium,Fog
2025-03-14,13:00,Kalanki,103,38.4,Low,Cloudy
2025-01-01,14:30,Lalitpur,455,37.9,High,Clear
2025-05-02,10:15,Lalitpur,103,37.9,Low,Cloudy
2025-04-05,14:30,Baneshwor,48,34.9,Low,Cloudy
2025-04-24,14:30,Bhaktapur,103,37.0,High,Rain
2025-04-13,9:15,Ratnapark,97,35.7,High,Clear
2025-03-08,8:45,Maharajgunj,526,30.7,Low,Fog
2025-01-14,8:15,Ratnapark,104,36.1,High,Rain
2025-04-11,13:45,Ratnapark,103,36.6,High,Rain
2025-03-03,11:15,Lalitpur,100,34.3,Medium,Rain
2025-03-17,15:15,Baneshwor,47,37.1,Low,Cloudy
2025-02-10,10:30,Ratnapark,104,32.8,High,Clear
2025-05-03,15:00,Maharajgunj,753,35.0,High,Fog
2025-03-10,13:00,Koteshwor,905,36.7,High,Clear
2025-02-12,9:00,Kalanki,98,43.0,Low,Clear
2025-01-01,9:45,Bhaktapur,48,24.9,Low,Rain
2025-02-17,15:30,Chabahil,670,34.2,High,Clear
2025-02-07,14:00,Ratnapark,51,36.8,High,Clear
2025-04-21,12:45,Ratnapark,95,17.7,High,Cloudy
2025-05-04,9:45,Bhaktapur,100,38.5,High,Fog
2025-03-15,15:45,Bhaktapur,102,34.8,Low,Cloudy
2025-02-10,10:45,Kalanki,303,35.9,Low,Clear
2025-03-08,14:30,Lalitpur,103,10.6,Low,Clear
2025-04-19,11:30,Baneshwor,935,35.1,Low,Rain
2025-02-17,11:30,Ratnapark,46,35.3,Low,Cloudy
2025-03-21,10:00,Ratnapark,100,38.9,High,Cloudy
2025-01-01,13:45,Kalanki,95,32.9,Low,Fog
2025-03-09,10:00,Koteshwor,105,3.1,High,Rain
2025-02-02,13:45,Lalitpur,96,37.9,Low,Clear
2025-01-11,9:15,Kalanki,377,34.0,Medium,Cloudy
2025-01-16,13:15,Chabahil,95,38.4,High,Fog
2025-04-10,10:15,Koteshwor,52,32.7,Medium,Clear
2025-04-20,15:00,Lalitpur,95,36.2,Low,Cloudy
2025-01-20,11:00,Baneshwor,460,35.8,Low,Clear
2025-04-28,13:00,Baneshwor,54,35.0,Medium,Cloudy
2025-04-23,11:15,Maharajgunj,55,7.0,Medium,Clear
2025-01-04,13:15,Ratnapark,47,32.7,Low,Clear
2025-01-10,10:45,Ratnapark,96,38.3,Low,Fog
2025-01-23,13:15,Chabahil,95,10.8,Low,Clear
2025-01-30,12:45,Ratnapark,176,57.1,High,Fog
2025-02-02,15:00,Ratnapark,98,39.8,Medium,Cloudy
2025-02-26,15:30,Bhaktapur,778,45.2,Medium,Cloudy
2025-02-22,15:45,Lalitpur,927,35.8,Medium,Clear
2025-03-01,9:15,Bhaktapur,101,37.9,Medium,Rain
2025-05-05,11:30,Chabahil,680,27.1,Medium,Clear
2025-04-01,14:15,Lalitpur,51,32.2,Medium,Fog
2025-02-10,9:15,Lalitpur,956,31.8,Low,Cloudy
2025-05-03,11:30,Koteshwor,104,42.1,Medium,Clear
2025-02-08,10:30,Ratnapark,53,33.9,Low,Rain
2025-02-05,8:30,Lalitpur,51,14.6,Low,Cloudy
2025-02-21,9:15,Maharajgunj,95,32.8,Low,Rain
2025-01-02,9:00,Chabahil,974,36.9,Medium,Clear
2025-04-02,10:15,Baneshwor,52,33.4,Medium,Fog
2025-03-26,10:00,Bhaktapur,48,34.0,Low,Clear
2025-02-05,15:45,Chabahil,940,8.6,Medium,Rain
2025-03-21,9:30,Lalitpur,48,32.9,High,Cloudy
2025-03-18,14:15,Ratnapark,52,31.6,Medium,Cloudy
2025-04-13,8:00,Maharajgunj,99,55.8,Medium,Clear
2025-04-19,12:30,Ratnapark,98,35.9,Low,Cloudy
2025-04-24,8:15,Kalanki,100,35.3,Low,Fog
2025-02-17,12:45,Ratnapark,96,35.4,High,Cloudy
2025-02-03,11:45,Ratnapark,96,34.2,Medium,Rain
2025-01-19,9:45,Baneshwor,46,47.0,Low,Cloudy
2025-02-07,13:45,Ratnapark,53,33.4,High,Fog
2025-04-12,14:00,Lalitpur,54,37.4,Low,Rain
2025-03-28,15:30,Ratnapark,97,17.2,Medium,Clear
2025-03-09,8:15,Chabahil,333,41.0,High,Cloudy
2025-02-12,14:45,Chabahil,725,37.2,Medium,Cloudy
2025-03-19,9:45,Chabahil,666,34.9,Low,Clear
2025-04-28,9:15,Ratnapark,821,20.6,Low,Fog
2025-02-06,13:00,Ratnapark,102,32.7,High,Rain
2025-01-13,13:15,Bhaktapur,963,27.5,Low,Clear
2025-01-17,14:15,Chabahil,104,31.8,Low,Rain
2025-05-04,8:00,Koteshwor,104,33.8,Medium,Fog
2025-03-31,12:00,Lalitpur,51,33.9,Medium,Clear
2025-01-27,11:15,Ratnapark,49,12.6,Low,Rain
2025-01-23,9:30,Baneshwor,103,36.5,Low,Clear
2025-02-10,13:30,Maharajgunj,48,35.0,Medium,Clear
2025-03-08,9:30,Koteshwor,47,34.6,High,Cloudy
2025-03-22,13:00,Chabahil,46,0.0,Medium,Cloudy
2025-03-15,10:45,Kalanki,800,34.9,Low,Clear
2025-04-20,14:30,Baneshwor,55,29.7,Low,Cloudy
2025-01-20,9:45,Chabahil,50,34.7,Low,Rain
2025-02-16,15:00,Ratnapark,54,35.1,Low,Rain
2025-04-05,10:15,Bhaktapur,96,35.5,Low,Clear
2025-04-30,9:30,Maharajgunj,52,31.9,Low,Rain
2025-03-21,11:30,Lalitpur,50,35.4,High,Rain
2025-02-01,14:15,Chabahil,99,32.9,High,Cloudy
2025-05-03,9:00,Koteshwor,46,33.4,High,Rain
2025-04-28,12:15,Kalanki,101,9.4,Medium,Cloudy
2025-02-11,9:00,Kalanki,96,45.0,Low,Clear
2025-03-23,8:00,Baneshwor,49,35.1,Medium,Clear
2025-03-07,14:30,Kalanki,46,33.4,Medium,Clear
2025-02-07,14:00,Ratnapark,55,35.4,High,Clear
2025-01-02,13:00,Baneshwor,104,45.9,Medium,Cloudy
2025-02-06,10:30,Koteshwor,201,36.2,High,Rain
2025-04-14,12:45,Lalitpur,546,35.5,Medium,Cloudy
2025-01-03,8:15,Maharajgunj,46,41.6,High,Unknown
2025-01-15,8:30,Maharajgunj,101,21.5,Low,Fog
2025-01-04,9:45,Kalanki,53,38.1,Low,Clear
2025-01-24,11:15,Ratnapark,99,59.0,Low,Cloudy
2025-03-05,12:15,Chabahil,439,31.1,High,Fog
2025-04-10,10:00,Baneshwor,98,35.0,Low,Fog
2025-01-06,14:45,Baneshwor,145,38.0,Low,Cloudy
2025-04-20,12:45,Ratnapark,97,24.8,High,Cloudy
2025-01-20,11:30,Chabahil,96,36.4,High,Cloudy
2025-04-03,9:15,Ratnapark,49,34.3,High,Rain
2025-01-29,15:45,Ratnapark,135,33.0,Low,Cloudy
2025-01-03,11:00,Baneshwor,51,39.4,Medium,Clear
2025-03-06,9:45,Koteshwor,47,27.5,High,Clear
2025-02-04,13:45,Ratnapark,48,33.3,High,Fog
2025-03-31,14:30,Maharajgunj,227,34.6,High,Rain
2025-01-27,12:00,Koteshwor,48,45.6,High,Cloudy
2025-01-29,13:45,Kalanki,51,36.1,Low,Rain
2025-02-04,14:15,Chabahil,100,33.2,High,Cloudy
2025-04-15,11:30,Kalanki,664,54.8,Medium,Rain
2025-01-19,15:45,Kalanki,397,31.7,High,Clear
2025-01-28,9:00,Baneshwor,644,37.1,Medium,Rain
2025-02-12,8:00,Kalanki,298,34.3,Medium,Clear
2025-04-13,12:45,Lalitpur,538,30.9,Medium,Cloudy
2025-01-22,14:45,Koteshwor,101,53.8,Low,Rain
2025-01-06,8:45,Chabahil,53,35.4,High,Cloudy
2025-01-29,15:00,Maharajgunj,47,34.8,High,Clear
2025-01-26,9:00,Kalanki,933,35.4,High,Rain
2025-03-07,13:30,Koteshwor,104,53.1,Low,Cloudy
2025-02-27,12:15,Ratnapark,497,37.5,High,Clear
2025-01-24,12:45,Lalitpur,45,35.6,Medium,Fog
2025-05-02,11:30,Koteshwor,95,36.9,Medium,Clear
2025-02-23,9:00,Baneshwor,390,37.1,High,Cloudy
2025-02-05,10:15,Bhaktapur,103,37.5,Medium,Cloudy
2025-04-20,13:45,Maharajgunj,693,32.3,High,Clear
2025-01-21,13:00,Chabahil,53,38.1,High,Rain
2025-02-21,13:30,Bhaktapur,99,35.7,High,Rain
2025-03-24,12:00,Ratnapark,52,10.6,Low,Cloudy
2025-04-17,13:45,Chabahil,660,37.0,High,Fog
2025-02-11,14:15,Chabahil,701,33.9,Medium,Clear
2025-02-11,14:30,Koteshwor,442,36.9,Medium,Clear
2025-05-05,13:00,Koteshwor,46,34.2,Low,Clear
2025-04-08,8:30,Kalanki,915,32.1,Medium,Clear
2025-04-25,14:30,Chabahil,55,33.0,Low,Cloudy
2025-02-17,15:30,Chabahil,673,36.1,High,Clear
2025-01-01,15:45,Kalanki,290,33.1,Medium,Rain
2025-02-16,10:15,Maharajgunj,53,38.2,High,Fog
2025-01-18,10:30,Ratnapark,50,37.4,High,Clear
2025-04-13,14:00,Lalitpur,45,39.7,Low,Rain
2025-03-30,12:30,Kalanki,97,26.2,Medium,Cloudy
2025-02-16,12:00,Baneshwor,48,35.5,Medium,Clear
2025-02-15,9:30,Ratnapark,684,32.6,High,Clear
2025-03-09,13:30,Lalitpur,390,37.0,Low,Clear
2025-03-05,13:30,Koteshwor,100,53.8,Low,Cloudy
2025-01-11,10:00,Baneshwor,48,36.1,High,Cloudy
2025-01-21,14:15,Lalitpur,95,38.4,High,Clear
2025-04-16,9:30,Ratnapark,52,57.8,High,Clear
2025-01-27,10:45,Chabahil,679,34.7,High,Clear
2025-02-09,9:00,Baneshwor,96,32.7,High,Cloudy
2025-01-15,8:30,Maharajgunj,105,19.1,Low,Fog
2025-01-29,8:45,Bhaktapur,55,38.6,Medium,Rain
2025-02-27,12:15,Ratnapark,499,36.0,High,Clear
2025-02-25,12:30,Kalanki,363,34.3,Low,Clear
2025-01-17,11:45,Bhaktapur,195,37.6,High,Clear
2025-01-20,11:00,Baneshwor,457,32.0,Low,Clear
2025-03-13,9:15,Baneshwor,49,55.2,Medium,Fog
2025-03-25,12:00,Lalitpur,99,36.3,Low,Rain
2025-02-06,10:30,Ratnapark,54,33.9,Low,Rain
2025-04-08,14:00,Ratnapark,456,39.2,Low,Clear
2025-04-25,9:00,Kalanki,105,30.8,Medium,Cloudy
2025-03-16,13:15,Kalanki,102,33.4,High,Fog
2025-04-21,10:45,Chabahil,439,18.1,Medium,Clear
2025-02-17,8:30,Chabahil,102,34.9,High,Cloudy
2025-04-17,12:00,Lalitpur,912,2.3,Low,Fog
2025-04-16,11:45,Bhaktapur,51,35.8,Low,Clear
2025-01-02,8:15,Maharajgunj,46,44.4,High,Unknown
2025-01-22,15:45,Bhaktapur,712,33.6,High,Fog
2025-02-09,8:30,Lalitpur,53,13.1,Low,Cloudy
2025-03-26,10:45,Lalitpur,101,34.8,Medium,Fog
2025-01-07,10:45,Maharajgunj,105,12.7,Low,Rain
2025-02-10,11:00,Bhaktapur,100,31.9,Low,Clear
2025-01-07,14:30,Ratnapark,103,34.6,High,Fog
2025-02-16,12:45,Ratnapark,95,35.2,High,Cloudy
2025-03-18,10:45,Koteshwor,624,37.5,High,Rain
2025-02-01,9:45,Kalanki,96,12.9,Low,Fog
2025-03-31,15:15,Chabahil,45,23.4,Low,Clear
2025-03-15,8:15,Lalitpur,54,2.4,Low,Clear
2025-03-16,10:00,Ratnapark,423,35.7,Medium,Cloudy
2025-01-21,11:30,Chabahil,105,32.5,High,Cloudy
2025-04-02,9:15,Baneshwor,99,35.3,Low,Clear
2025-01-12,13:45,Maharajgunj,45,36.2,High,Clear
2025-04-02,10:30,Chabahil,48,37.9,High,Clear
2025-04-13,9:30,Kalanki,559,36.4,High,Clear
2025-03-16,10:00,Ratnapark,426,37.5,Medium,Cloudy
2025-04-09,10:00,Baneshwor,95,32.9,Low,Fog
2025-03-18,15:00,Maharajgunj,45,34.3,High,Fog
2025-01-20,13:00,Chabahil,97,35.9,Medium,Cloudy
2025-03-07,15:45,Ratnapark,642,37.3,Low,Rain
2025-02-12,8:45,Bhaktapur,102,34.7,Low,Clear
2025-03-20,11:45,Ratnapark,55,34.8,High,Cloudy
2025-02-19,11:30,Ratnapark,55,36.4,Low,Cloudy
2025-01-18,10:15,Maharajgunj,52,32.7,Medium,Rain
2025-03-08,11:30,Lalitpur,97,38.2,Medium,Cloudy
2025-03-25,8:30,Baneshwor,101,33.2,Medium,Cloudy
2025-03-22,15:45,Kalanki,911,35.2,High,Rain
2025-01-04,12:30,Kalanki,900,35.0,Low,Cloudy
2025-02-28,10:00,Bhaktapur,53,23.4,Low,Fog
2025-03-04,8:30,Bhaktapur,98,36.2,Medium,Fog
2025-03-16,14:45,Lalitpur,47,53.5,High,Fog
2025-02-23,12:15,Chabahil,100,35.1,High,Fog
2025-02-06,8:30,Chabahil,51,34.7,Low,Rain
2025-04-24,12:00,Ratnapark,49,31.9,Medium,Clear
2025-02-17,10:00,Kalanki,48,11.5,Medium,Rain
2025-02-11,13:00,Baneshwor,52,35.4,Medium,Clear
2025-03-25,15:00,Koteshwor,48,28.6,High,Fog
2025-02-14,14:00,Chabahil,993,35.7,High,Rain
2025-04-16,13:45,Maharajgunj,54,40.2,Low,Clear
2025-03-01,11:45,Koteshwor,728,38.2,Medium,Fog
2025-03-21,9:15,Bhaktapur,46,35.7,Low,Rain
2025-04-06,8:00,Kalanki,97,34.8,Low,Cloudy
2025-03-27,15:30,Chabahil,45,33.4,Medium,Fog
2025-01-08,9:30,Maharajgunj,238,45.0,Low,Fog
2025-01-10,15:15,Koteshwor,53,36.1,High,Fog
2025-04-01,13:15,Bhaktapur,96,33.1,Low,Fog
2025-01-19,9:30,Baneshwor,763,4.7,Low,Cloudy
2025-05-03,8:00,Chabahil,99,37.5,High,Rain
2025-05-01,14:45,Ratnapark,540,3.9,High,Clear
2025-04-20,11:30,Baneshwor,933,38.7,Low,Rain
2025-03-22,14:15,Ratnapark,55,26.5,Medium,Cloudy
2025-03-03,13:45,Ratnapark,50,12.8,High,Rain
2025-02-21,15:30,Chabahil,98,36.0,High,Cloudy
2025-02-07,13:30,Maharajgunj,48,35.2,Medium,Clear
2025-04-05,12:00,Baneshwor,534,34.6,Medium,Fog
2025-03-05,9:30,Koteshwor,47,38.8,High,Cloudy
2025-02-07,15:00,Lalitpur,101,51.4,Medium,Clear
2025-05-05,15:00,Maharajgunj,747,33.2,High,Fog
2025-01-18,10:15,Maharajgunj,49,31.6,Medium,Rain
2025-02-05,12:00,Chabahil,105,35.4,Low,Cloudy
2025-04-26,14:30,Bhaktapur,100,35.0,High,Rain
2025-03-21,8:45,Ratnapark,50,32.0,Medium,Cloudy
2025-04-21,11:15,Maharajgunj,98,34.9,Medium,Rain
2025-05-03,9:00,Ratnapark,890,23.9,High,Fog
2025-04-11,15:45,Baneshwor,47,22.0,Medium,Rain
2025-01-01,10:45,Lalitpur,51,36.5,Medium,Rain
2025-01-13,10:15,Ratnapark,51,38.0,High,Cloudy
2025-04-14,9:15,Ratnapark,98,36.8,High,Clear
2025-02-10,14:45,Lalitpur,973,27.6,High,Cloudy
2025-04-17,14:45,Baneshwor,860,35.7,Low,Fog
2025-02-28,8:15,Lalitpur,51,35.1,Medium,Clear
2025-02-26,10:00,Bhaktapur,47,17.3,Low,Fog
2025-04-30,14:30,Kalanki,693,35.8,Medium,Rain
2025-03-24,9:00,Lalitpur,46,14.7,Low,Cloudy
2025-02-02,10:45,Koteshwor,54,21.1,Low,Fog
2025-01-23,11:00,Maharajgunj,103,31.8,Low,Clear
2025-03-28,14:45,Baneshwor,150,35.1,Medium,Fog
2025-01-02,11:00,Baneshwor,50,32.6,Medium,Clear
2025-01-20,9:45,Baneshwor,50,44.7,Low,Cloudy
2025-02-09,11:00,Bhaktapur,95,36.0,Low,Clear
2025-02-07,14:00,Ratnapark,46,34.7,High,Clear
2025-02-09,8:15,Ratnapark,48,34.3,Medium,Fog
2025-04-10,9:00,Koteshwor,192,49.6,Low,Fog
2025-04-15,13:15,Ratnapark,734,35.0,Low,Rain
2025-01-05,12:00,Lalitpur,1000,33.5,Low,Fog
2025-05-05,11:45,Lalitpur,101,32.2,High,Rain
2025-02-13,13:00,Koteshwor,220,37.3,High,Rain
2025-02-14,9:30,Baneshwor,103,34.2,Medium,Fog
2025-04-18,12:00,Lalitpur,915,0.3,Low,Fog
2025-03-06,8:45,Bhaktapur,816,24.6,High,Rain
2025-02-17,9:15,Maharajgunj,708,35.6,Medium,Rain
2025-04-28,13:00,Baneshwor,54,32.7,Medium,Cloudy
2025-02-27,12:15,Ratnapark,492,31.6,High,Clear
2025-01-05,14:30,Lalitpur,446,40.8,High,Clear
2025-02-23,12:30,Chabahil,45,35.8,High,Clear
2025-03-20,13:15,Lalitpur,48,0.5,Medium,Rain
2025-02-13,14:30,Koteshwor,439,34.3,Medium,Clear
2025-04-16,15:45,Baneshwor,96,35.3,Low,Fog
2025-01-15,9:30,Ratnapark,48,36.3,High,Fog
2025-01-16,11:30,Baneshwor,366,33.5,Low,Cloudy
2025-02-23,10:30,Baneshwor,46,38.8,High,Cloudy
2025-04-13,8:45,Koteshwor,52,34.9,Medium,Cloudy
2025-04-14,11:30,Lalitpur,101,1.6,Medium,Cloudy
2025-04-04,8:00,Koteshwor,569,52.3,Medium,Clear
2025-01-09,11:15,Bhaktapur,100,35.1,High,Rain
2025-04-11,13:15,Ratnapark,737,34.3,Low,Rain
2025-02-12,8:45,Bhaktapur,100,35.4,Low,Clear
2025-04-16,12:45,Kalanki,185,0.0,Medium,Clear
2025-01-21,11:15,Ratnapark,51,33.0,Low,Rain
2025-03-04,11:45,Bhaktapur,347,31.8,Low,Fog
2025-04-14,15:15,Bhaktapur,47,33.0,Medium,Rain
2025-04-16,9:30,Ratnapark,47,59.0,High,Clear
2025-02-15,9:00,Kalanki,96,41.7,Low,Clear
2025-04-26,15:45,Baneshwor,95,4.7,Low,Fog
2025-02-17,13:15,Baneshwor,95,37.3,High,Cloudy
2025-03-17,14:00,Chabahil,876,34.2,Medium,Clear
2025-03-06,11:30,Lalitpur,101,36.0,Medium,Cloudy
2025-03-14,9:30,Baneshwor,105,36.0,Low,Cloudy
2025-03-27,12:30,Kalanki,103,26.7,Medium,Cloudy
2025-04-11,12:00,Baneshwor,670,34.0,High,Fog
2025-01-22,9:45,Chabahil,51,32.9,Low,Rain
2025-02-09,15:00,Lalitpur,95,51.0,Medium,Clear
2025-03-24,12:00,Lalitpur,96,31.6,Low,Rain
2025-01-22,10:00,Baneshwor,100,42.5,Low,Cloudy
2025-01-15,9:45,Ratnapark,105,2.9,High,Clear
2025-02-23,11:00,Maharajgunj,49,48.3,Low,Fog
2025-03-29,8:00,Ratnapark,610,6.2,High,Fog
2025-03-28,11:15,Baneshwor,105,37.2,Low,Rain
2025-01-01,9:45,Bhaktapur,46,25.4,Low,Rain
2025-05-02,12:00,Koteshwor,95,33.9,High,Clear
2025-03-19,15:00,Maharajgunj,51,36.5,High,Fog
2025-03-26,8:30,Baneshwor,100,36.8,Medium,Cloudy
2025-01-11,14:00,Chabahil,688,36.7,Low,Rain
2025-02-17,8:30,Chabahil,105,32.2,High,Cloudy
2025-02-15,15:15,Lalitpur,102,34.6,Medium,Rain
2025-03-03,14:45,Maharajgunj,314,34.8,High,Rain
2025-02-03,9:45,Ratnapark,975,1.5,Medium,Fog
2025-02-14,11:30,Bhaktapur,100,35.7,Medium,Clear
2025-01-15,15:15,Chabahil,53,35.6,Low,Rain
2025-03-16,11:00,Ratnapark,101,35.9,High,Fog
2025-01-08,8:45,Chabahil,46,35.6,High,Cloudy
2025-04-29,10:15,Chabahil,102,36.5,High,Cloudy
2025-01-19,13:00,Chabahil,103,34.6,Medium,Cloudy
2025-03-18,9:15,Ratnapark,645,35.4,High,Rain
2025-02-09,10:00,Chabahil,183,51.2,High,Cloudy
2025-02-01,14:15,Maharajgunj,53,33.8,Medium,Cloudy
2025-05-03,13:45,Ratnapark,48,38.7,Medium,Cloudy
2025-02-26,11:30,Baneshwor,986,44.9,Low,Fog
2025-02-07,10:30,Ratnapark,103,36.8,High,Clear
2025-05-05,11:30,Chabahil,686,26.8,Medium,Clear
2025-01-05,13:45,Lalitpur,98,33.5,High,Clear
2025-01-10,9:15,Kalanki,380,35.5,Medium,Cloudy
2025-03-03,10:30,Ratnapark,52,32.0,Low,Rain
2025-04-27,9:15,Ratnapark,820,18.4,Low,Fog
2025-04-12,12:30,Chabahil,104,33.3,Low,Rain
2025-04-17,13:45,Maharajgunj,50,38.6,Low,Clear
2025-02-17,15:00,Maharajgunj,52,48.4,High,Rain
2025-01-24,9:15,Koteshwor,192,38.2,High,Clear
2025-02-16,12:45,Baneshwor,99,38.6,High,Rain
2025-03-30,11:15,Bhaktapur,289,0.0,High,Cloudy
2025-02-18,15:30,Ratnapark,46,36.1,High,Rain
2025-03-12,11:15,Chabahil,55,36.7,Low,Rain
2025-04-27,13:00,Baneshwor,52,36.1,Medium,Cloudy
2025-01-21,11:15,Ratnapark,53,33.7,Low,Rain
2025-04-29,10:30,Maharajgunj,48,34.5,Low,Fog
2025-04-28,9:15,Bhaktapur,98,33.5,Low,Rain
2025-01-16,10:15,Chabahil,99,34.2,High,Fog
2025-02-05,14:00,Lalitpur,96,25.6,Medium,Clear
2025-04-07,9:15,Maharajgunj,101,54.8,High,Cloudy
2025-01-31,9:45,Kalanki,99,8.0,Low,Fog
2025-04-30,12:45,Ratnapark,675,34.6,Low,Cloudy
2025-01-06,10:30,Ratnapark,48,32.5,High,Clear
2025-03-08,9:00,Lalitpur,52,35.4,Low,Fog
2025-04-14,13:15,Ratnapark,741,33.6,Low,Rain
2025-01-02,9:00,Chabahil,971,35.6,Medium,Clear
2025-02-20,9:00,Lalitpur,924,51.2,Low,Rain
2025-03-27,9:15,Maharajgunj,47,38.2,High,Cloudy
2025-03-26,15:30,Ratnapark,45,46.9,Medium,Cloudy
2025-04-02,8:30,Lalitpur,53,31.3,High,Clear
2025-03-16,8:45,Ratnapark,884,3.4,Medium,Rain
2025-01-22,14:45,Maharajgunj,97,58.9,Medium,Rain
2025-04-03,11:00,Ratnapark,48,31.7,Low,Cloudy
2025-01-06,10:30,Ratnapark,712,33.0,Low,Rain
2025-01-22,11:00,Maharajgunj,96,35.3,Low,Clear
2025-04-23,12:00,Baneshwor,97,35.2,High,Cloudy
2025-02-05,14:00,Ratnapark,50,35.8,High,Clear
2025-03-15,12:30,Kalanki,105,55.9,Low,Rain
2025-01-07,12:45,Maharajgunj,910,35.7,Low,Rain
2025-03-28,12:15,Lalitpur,45,35.4,High,Fog
2025-03-13,11:45,Bhaktapur,48,20.1,Low,Clear
2025-03-22,13:45,Maharajgunj,95,36.3,High,Rain
2025-01-06,12:15,Baneshwor,46,30.5,Low,Rain
2025-01-24,12:30,Kalanki,102,38.1,Medium,Rain
2025-01-26,8:00,Baneshwor,910,30.6,Low,Rain
2025-04-23,11:15,Maharajgunj,53,3.8,Medium,Clear
2025-01-20,13:00,Kalanki,46,0.5,Low,Clear
2025-05-02,14:45,Ratnapark,541,7.3,High,Clear
2025-03-30,14:15,Lalitpur,53,29.0,Medium,Fog
2025-02-28,9:30,Chabahil,320,59.9,Medium,Fog
2025-01-27,12:00,Koteshwor,50,46.6,High,Cloudy
2025-03-15,13:15,Maharajgunj,97,44.0,Low,Rain
2025-03-29,12:00,Lalitpur,49,33.6,Medium,Clear
2025-03-13,9:15,Koteshwor,46,2.4,Low,Rain
2025-03-03,9:00,Chabahil,51,33.8,High,Fog
2025-01-14,15:15,Chabahil,54,34.2,Low,Rain
2025-01-30,9:45,Ratnapark,225,32.9,Low,Cloudy
2025-03-30,8:00,Ratnapark,52,29.2,Low,Cloudy
2025-03-24,12:30,Lalitpur,100,35.9,Medium,Fog
2025-03-28,14:45,Koteshwor,311,35.3,High,Fog
2025-03-29,13:30,Koteshwor,183,36.0,High,Clear
2025-02-25,9:45,Koteshwor,766,35.4,Medium,Rain
2025-04-16,12:00,Kalanki,51,36.4,High,Clear
2025-03-25,15:30,Chabahil,54,36.8,Medium,Fog
2025-02-22,10:30,Maharajgunj,95,31.5,Medium,Clear
2025-03-02,11:45,Koteshwor,729,33.3,Medium,Fog
2025-01-18,12:00,Kalanki,100,34.5,Medium,Cloudy
2025-03-09,10:00,Ratnapark,102,35.0,Medium,Rain
2025-03-27,14:15,Lalitpur,101,33.7,Medium,Rain
2025-03-17,15:00,Kalanki,528,23.8,Low,Rain
2025-01-10,8:45,Bhaktapur,552,39.0,Medium,Fog
2025-03-07,11:45,Chabahil,121,35.4,Low,Rain
2025-02-28,12:45,Ratnapark,549,35.2,Low,Fog
2025-02-02,15:00,Koteshwor,103,36.7,High,Clear
2025-05-01,12:30,Chabahil,53,5.3,Medium,Rain
2025-04-10,15:15,Chabahil,46,35.1,High,Rain
2025-02-11,14:15,Ratnapark,483,37.0,Medium,Cloudy
2025-04-18,10:00,Ratnapark,799,33.7,High,Cloudy
2025-02-06,9:45,Ratnapark,971,1.5,Medium,Fog
2025-03-18,12:45,Bhaktapur,96,44.6,Medium,Rain
2025-03-25,11:15,Baneshwor,102,34.9,Low,Rain
2025-04-22,14:45,Chabahil,48,33.2,Low,Fog
2025-03-11,12:15,Ratnapark,187,39.2,Low,Cloudy
2025-02-18,11:45,Ratnapark,587,34.0,High,Clear
2025-03-23,15:30,Ratnapark,48,49.7,Medium,Cloudy
2025-01-22,12:30,Kalanki,99,34.8,Medium,Rain
2025-05-03,12:30,Kalanki,49,36.8,Medium,Cloudy
2025-04-10,14:45,Baneshwor,99,35.0,Low,Rain
2025-02-28,14:45,Maharajgunj,323,36.0,High,Rain
2025-02-07,9:00,Lalitpur,97,33.3,Low,Rain
2025-04-02,12:30,Bhaktapur,101,38.0,High,Cloudy
2025-02-07,9:30,Ratnapark,47,36.1,Medium,Rain
2025-03-10,11:45,Bhaktapur,46,22.1,Low,Clear
2025-03-16,12:30,Kalanki,97,55.7,Low,Rain
2025-02-02,8:45,Bhaktapur,55,40.6,Medium,Rain
2025-01-14,10:15,Maharajgunj,47,33.3,Medium,Rain
2025-03-11,12:15,Ratnapark,190,34.0,Low,Cloudy
2025-02-07,9:15,Chabahil,98,37.7,High,Cloudy
2025-01-22,12:30,Kalanki,97,38.1,Medium,Rain
2025-03-22,14:30,Koteshwor,104,32.7,High,Rain
2025-01-07,13:45,Lalitpur,99,35.5,High,Clear
2025-04-06,14:00,Ratnapark,450,40.1,Low,Clear
2025-04-09,11:15,Chabahil,470,33.6,Medium,Cloudy
2025-02-13,15:15,Baneshwor,661,35.6,Low,Clear
2025-03-31,14:15,Lalitpur,55,37.3,Medium,Fog
2025-04-27,13:15,Koteshwor,101,35.9,Low,Clear
2025-01-11,11:15,Koteshwor,284,3.4,High,Rain
2025-03-25,12:00,Lalitpur,99,36.0,Low,Rain
2025-02-15,15:15,Baneshwor,657,34.3,Low,Clear
2025-04-25,13:00,Baneshwor,51,35.8,Medium,Cloudy
2025-01-10,8:15,Chabahil,95,25.8,High,Rain
2025-02-23,8:45,Kalanki,593,8.8,High,Fog
2025-04-04,9:30,Maharajgunj,785,51.6,Medium,Rain
2025-04-11,9:30,Kalanki,558,31.9,High,Clear
2025-03-15,9:15,Koteshwor,46,5.5,Low,Rain
2025-04-17,11:30,Baneshwor,932,33.7,Low,Rain
2025-03-24,8:00,Baneshwor,50,32.6,Medium,Clear
2025-05-05,15:15,Koteshwor,99,36.4,High,Fog
2025-03-08,13:30,Lalitpur,383,35.7,Low,Clear
2025-02-25,9:00,Baneshwor,383,33.0,High,Cloudy
2025-03-12,9:30,Baneshwor,96,32.5,Low,Cloudy
2025-01-19,12:00,Kalanki,101,34.6,Medium,Cloudy
2025-01-19,12:45,Ratnapark,54,32.6,Low,Cloudy
2025-04-11,14:00,Lalitpur,47,34.9,Low,Rain
2025-02-03,11:45,Bhaktapur,99,9.2,Medium,Cloudy
2025-04-05,14:15,Ratnapark,369,36.1,Low,Fog
2025-03-16,13:45,Koteshwor,52,35.9,Low,Fog
2025-01-11,13:45,Ratnapark,50,16.0,Low,Cloudy
2025-04-15,10:00,Baneshwor,99,34.7,Low,Rain
2025-02-20,11:30,Ratnapark,46,35.3,Low,Cloudy
2025-01-08,11:45,Maharajgunj,103,51.0,High,Fog
2025-02-01,8:30,Lalitpur,45,32.6,Medium,Clear
2025-02-13,11:45,Baneshwor,105,49.4,High,Fog
2025-04-20,15:00,Lalitpur,96,37.1,Low,Cloudy
2025-01-18,13:15,Chabahil,95,36.7,High,Fog
2025-04-07,10:15,Maharajgunj,48,37.6,Medium,Clear
2025-01-22,9:15,Koteshwor,189,35.6,High,Clear
2025-04-11,15:15,Chabahil,49,33.8,High,Rain
2025-03-23,15:45,Kalanki,913,41.2,High,Rain
2025-01-29,14:45,Bhaktapur,102,18.3,Low,Cloudy
2025-04-16,10:00,Ratnapark,809,37.2,High,Cloudy
2025-02-16,13:15,Lalitpur,283,35.1,Medium,Rain
2025-03-02,9:15,Maharajgunj,47,33.6,Low,Fog
2025-04-15,14:45,Ratnapark,50,35.4,High,Rain
2025-01-12,11:00,Chabahil,109,36.9,High,Rain
2025-01-27,11:00,Ratnapark,620,37.0,High,Fog
2025-03-27,13:30,Koteshwor,189,34.1,High,Clear
2025-04-19,10:00,Baneshwor,95,35.6,Low,Rain
2025-02-27,13:00,Lalitpur,53,32.4,Low,Fog
2025-03-15,9:15,Ratnapark,890,15.0,Low,Rain
2025-02-28,15:30,Chabahil,101,33.4,Low,Fog
2025-04-21,13:45,Bhaktapur,104,29.6,Low,Cloudy
2025-03-06,10:00,Chabahil,55,40.7,Low,Clear
2025-02-07,8:30,Lalitpur,48,17.1,Low,Cloudy
2025-02-08,10:30,Ratnapark,47,35.6,Low,Rain
2025-02-11,9:00,Baneshwor,100,30.4,High,Cloudy
2025-01-27,13:00,Chabahil,103,36.4,High,Cloudy
2025-03-20,12:45,Chabahil,362,33.8,High,Rain
2025-03-01,8:30,Baneshwor,779,36.5,Low,Fog
2025-03-29,8:00,Ratnapark,612,7.5,High,Fog
2025-03-24,9:15,Maharajgunj,49,31.6,High,Cloudy
2025-01-09,8:00,Bhaktapur,55,8.0,Medium,Clear
2025-04-30,12:15,Baneshwor,53,34.1,Medium,Cloudy
2025-01-03,11:00,Baneshwor,46,37.7,Medium,Clear
2025-03-25,13:45,Baneshwor,740,36.8,Low,Rain
2025-02-23,14:45,Baneshwor,49,38.2,Medium,Rain
2025-04-28,15:45,Ratnapark,993,4.3,High,Cloudy
2025-03-26,12:00,Lalitpur,102,33.9,Low,Rain
2025-03-08,10:15,Koteshwor,750,34.6,Medium,Fog
2025-03-25,14:15,Chabahil,54,14.2,Low,Fog
2025-03-12,15:15,Chabahil,96,3.7,Low,Clear
2025-01-26,14:00,Koteshwor,103,39.3,Medium,Fog
2025-02-05,8:30,Chabahil,46,35.0,Low,Rain
2025-02-12,11:00,Maharajgunj,51,24.4,High,Clear
2025-03-21,13:00,Ratnapark,102,47.9,High,Rain
2025-01-16,12:15,Kalanki,100,39.2,Low,Rain
2025-03-22,10:00,Bhaktapur,55,34.0,Low,Clear
2025-03-08,13:30,Lalitpur,386,35.4,Low,Clear
2025-04-26,10:30,Bhaktapur,316,36.8,High,Clear
2025-02-03,12:15,Koteshwor,45,35.6,Medium,Clear
2025-02-17,9:15,Maharajgunj,711,35.6,Medium,Rain
2025-02-09,12:45,Lalitpur,101,39.3,Medium,Clear
2025-03-25,9:15,Maharajgunj,45,34.5,High,Cloudy
2025-02-05,15:15,Chabahil,95,33.1,Low,Clear
2025-01-18,12:45,Ratnapark,55,36.7,Low,Cloudy
2025-01-12,9:15,Kalanki,378,31.5,Medium,Cloudy
2025-02-21,11:00,Kalanki,363,37.9,High,Clear
2025-03-03,13:30,Koteshwor,765,49.2,Low,Rain
2025-04-07,10:15,Koteshwor,49,36.9,Medium,Clear
2025-04-16,8:45,Koteshwor,103,34.3,Medium,Rain
2025-01-20,11:30,Chabahil,104,32.5,High,Cloudy
2025-04-11,14:15,Ratnapark,54,47.2,Low,Fog
2025-03-03,9:15,Bhaktapur,105,36.9,Medium,Rain
2025-03-15,12:45,Chabahil,54,34.1,Medium,Fog
2025-03-05,15:30,Kalanki,47,36.4,High,Clear
2025-04-06,15:30,Maharajgunj,840,30.4,Low,Cloudy
2025-03-08,11:45,Chabahil,128,32.4,Low,Rain
2025-03-26,10:45,Lalitpur,99,37.6,Medium,Fog
2025-04-18,11:30,Lalitpur,103,2.6,Medium,Cloudy
2025-03-05,15:30,Koteshwor,55,4.3,High,Clear
2025-03-27,8:45,Maharajgunj,104,33.6,High,Fog
2025-01-14,11:45,Bhaktapur,198,33.2,High,Clear
2025-04-11,11:30,Kalanki,274,34.7,Medium,Fog
2025-03-16,15:00,Maharajgunj,182,34.3,High,Rain
2025-02-16,12:45,Ratnapark,104,35.4,High,Cloudy
2025-02-14,10:15,Maharajgunj,49,34.9,High,Fog
2025-04-13,15:15,Chabahil,45,37.7,High,Rain
2025-04-12,14:00,Ratnapark,100,35.8,Low,Rain
2025-02-26,15:30,Bhaktapur,787,46.9,Medium,Cloudy
2025-04-19,13:00,Maharajgunj,104,37.3,Medium,Fog
2025-04-21,14:45,Chabahil,51,34.2,Low,Fog
2025-01-22,11:15,Baneshwor,95,32.5,High,Clear
2025-04-02,14:15,Bhaktapur,54,37.4,Low,Fog
2025-02-22,12:30,Chabahil,48,35.3,High,Clear
2025-03-30,10:30,Chabahil,53,45.3,High,Fog
2025-01-28,9:30,Chabahil,95,3.7,Low,Rain
2025-03-02,15:45,Baneshwor,53,33.8,High,Clear
2025-02-12,9:00,Baneshwor,102,33.7,High,Cloudy
2025-02-04,8:45,Maharajgunj,49,37.0,Medium,Fog
2025-02-24,10:30,Maharajgunj,100,36.6,Medium,Clear
2025-02-20,11:00,Kalanki,366,37.6,High,Clear
2025-05-01,14:45,Lalitpur,98,36.1,Medium,Fog
2025-01-21,9:30,Baneshwor,762,7.3,Low,Cloudy
2025-02-12,11:45,Baneshwor,101,46.6,High,Fog
2025-02-09,15:00,Kalanki,681,55.4,Medium,Clear
2025-01-09,12:30,Maharajgunj,798,41.3,High,Rain
2025-02-04,8:45,Ratnapark,772,18.7,High,Clear
2025-03-05,9:45,Koteshwor,50,24.4,High,Clear
2025-01-01,11:00,Baneshwor,46,33.7,Medium,Clear
2025-01-29,8:45,Kalanki,279,34.5,Medium,Clear
2025-03-14,9:15,Koteshwor,47,1.4,Low,Rain
2025-01-07,11:00,Kalanki,494,36.6,Low,Cloudy
2025-03-28,13:15,Kalanki,855,32.3,High,Fog
2025-03-16,14:45,Lalitpur,45,52.2,High,Fog
2025-02-23,13:15,Lalitpur,497,35.3,Low,Fog
2025-04-18,10:00,Ratnapark,804,31.4,High,Cloudy
2025-01-20,14:30,Chabahil,101,34.1,Medium,Clear
2025-01-28,13:45,Kalanki,55,35.5,Low,Rain
2025-03-30,8:00,Ratnapark,610,8.9,High,Fog
2025-03-01,10:15,Lalitpur,47,34.6,Medium,Cloudy
2025-01-17,11:45,Baneshwor,679,49.4,High,Cloudy
2025-01-11,13:45,Ratnapark,54,12.8,Low,Cloudy
2025-04-23,8:00,Kalanki,46,35.0,High,Clear
2025-01-01,14:15,Baneshwor,397,35.5,Low,Fog
2025-05-04,9:00,Baneshwor,96,36.9,Low,Cloudy
2025-03-07,13:00,Koteshwor,902,33.6,High,Clear
2025-01-10,11:15,Koteshwor,286,3.0,High,Rain
2025-02-19,10:30,Baneshwor,46,33.7,High,Cloudy
2025-02-22,10:15,Chabahil,823,34.3,High,Fog
2025-03-29,12:45,Kalanki,120,50.9,Medium,Fog
2025-03-16,15:00,Maharajgunj,186,36.1,High,Rain
2025-04-21,12:00,Baneshwor,95,32.7,High,Cloudy
2025-01-15,13:15,Chabahil,99,33.8,High,Fog
2025-05-03,15:15,Bhaktapur,413,37.7,Low,Rain
2025-03-04,15:45,Baneshwor,52,33.2,High,Clear
2025-01-29,15:45,Ratnapark,140,33.5,Low,Cloudy
2025-04-13,11:45,Ratnapark,52,34.7,Medium,Clear
2025-04-11,13:45,Kalanki,182,33.8,Low,Fog
2025-02-02,11:45,Maharajgunj,52,36.9,Low,Clear
2025-03-10,10:30,Lalitpur,742,37.5,Medium,Fog
2025-04-13,8:45,Koteshwor,45,33.5,Medium,Cloudy
2025-01-25,13:15,Bhaktapur,101,19.2,High,Fog
2025-04-17,13:45,Maharajgunj,50,38.4,Low,Clear
2025-02-09,12:30,Chabahil,49,32.8,High,Fog
2025-01-22,15:30,Kalanki,245,35.2,Low,Clear
2025-01-14,11:30,Ratnapark,45,29.6,High,Rain
2025-04-11,12:30,Ratnapark,669,56.7,High,Clear
2025-04-18,10:15,Chabahil,54,37.8,Medium,Rain
2025-01-15,9:45,Kalanki,51,53.6,Low,Clear
2025-02-11,14:30,Koteshwor,448,36.0,Medium,Clear
2025-04-19,13:45,Maharajgunj,54,35.1,Low,Clear
2025-01-27,15:45,Lalitpur,45,35.9,Medium,Fog
2025-02-19,11:30,Ratnapark,53,38.4,Low,Cloudy
2025-02-24,13:15,Baneshwor,98,29.0,Medium,Cloudy
2025-04-28,13:15,Koteshwor,99,36.4,Low,Clear
2025-03-07,9:00,Chabahil,46,34.7,High,Fog
2025-05-01,12:30,Kalanki,54,33.3,Medium,Cloudy
2025-05-01,9:30,Maharajgunj,52,36.6,Low,Rain
2025-01-02,9:45,Maharajgunj,254,6.4,Medium,Clear
2025-03-29,9:30,Bhaktapur,97,36.6,High,Rain
2025-01-12,9:30,Ratnapark,53,39.3,High,Fog
2025-03-06,8:30,Bhaktapur,96,33.1,Medium,Fog
2025-02-18,11:30,Baneshwor,286,52.3,Low,Cloudy
2025-05-02,8:00,Chabahil,98,36.7,High,Rain
2025-03-11,10:30,Lalitpur,744,34.2,Medium,Fog
2025-01-10,12:45,Chabahil,190,34.4,Medium,Fog
2025-03-15,12:30,Kalanki,104,60.6,Low,Rain
2025-01-24,13:15,Kalanki,103,58.2,Medium,Clear
2025-05-05,15:15,Koteshwor,103,37.3,High,Fog
2025-01-02,11:00,Baneshwor,54,32.1,Medium,Clear
2025-04-16,8:45,Koteshwor,98,33.6,Medium,Rain
2025-01-19,12:30,Baneshwor,341,60.1,High,Rain
2025-03-21,9:15,Baneshwor,403,57.0,Medium,Rain
2025-01-11,9:00,Koteshwor,936,38.2,High,Rain
2025-03-27,9:30,Bhaktapur,104,37.8,High,Rain
2025-03-13,8:45,Chabahil,52,33.9,Low,Clear
2025-04-19,14:00,Baneshwor,320,29.6,Low,Cloudy
2025-03-09,12:00,Kalanki,475,35.0,Low,Rain
2025-03-29,11:15,Baneshwor,95,40.2,Low,Rain
2025-04-20,11:30,Baneshwor,932,35.3,Low,Rain
2025-02-28,12:30,Maharajgunj,908,36.2,High,Cloudy
2025-02-19,13:00,Chabahil,305,37.8,Low,Cloudy
2025-03-30,10:15,Ratnapark,582,37.6,High,Rain
2025-04-21,15:15,Lalitpur,803,36.0,Low,Fog
2025-01-06,12:00,Lalitpur,1001,34.7,Low,Fog
2025-02-03,15:00,Koteshwor,97,36.0,High,Clear
2025-01-16,13:15,Chabahil,99,33.4,High,Fog
2025-01-09,12:15,Baneshwor,50,35.3,Low,Rain
2025-03-29,8:45,Maharajgunj,100,32.8,High,Fog
2025-02-28,14:30,Lalitpur,476,31.4,Medium,Clear
2025-02-08,8:30,Lalitpur,52,15.1,Low,Cloudy
2025-03-07,13:30,Lalitpur,385,37.5,Low,Clear
2025-02-28,14:30,Lalitpur,472,36.9,Medium,Clear
2025-05-01,13:30,Maharajgunj,931,34.8,Low,Clear
2025-04-13,8:00,Maharajgunj,101,56.5,Medium,Clear
2025-02-16,8:30,Chabahil,102,33.9,High,Cloudy
2025-03-27,8:00,Baneshwor,47,31.2,Medium,Clear
2025-02-19,12:00,Ratnapark,342,51.6,High,Cloudy
2025-04-13,10:45,Bhaktapur,47,32.6,Medium,Clear
2025-04-03,12:30,Ratnapark,102,36.6,Medium,Rain
2025-01-29,13:15,Bhaktapur,95,19.7,High,Fog
2025-04-30,9:45,Maharajgunj,292,43.9,Medium,Rain
2025-01-07,9:00,Maharajgunj,100,11.3,High,Clear
2025-03-02,11:00,Maharajgunj,104,8.8,Low,Cloudy
2025-02-27,12:15,Ratnapark,103,36.0,Medium,Fog
2025-01-09,15:15,Koteshwor,98,36.1,Low,Cloudy
2025-04-29,12:45,Ratnapark,675,33.3,Low,Cloudy
2025-01-14,15:30,Ratnapark,99,37.7,Low,Cloudy
2025-01-22,12:45,Ratnapark,45,34.4,Low,Cloudy
2025-02-13,10:00,Bhaktapur,967,34.2,High,Cloudy
2025-01-20,9:45,Chabahil,53,39.2,Low,Rain
2025-01-27,11:15,Ratnapark,327,20.0,High,Cloudy
2025-03-07,11:30,Lalitpur,105,36.9,Medium,Cloudy
2025-04-26,14:30,Bhaktapur,47,36.7,Low,Cloudy
2025-02-04,9:45,Ratnapark,969,2.7,Medium,Fog
2025-01-10,13:45,Bhaktapur,98,21.5,Medium,Fog
2025-02-19,14:45,Baneshwor,54,34.0,Medium,Rain
2025-04-09,9:00,Chabahil,47,33.9,High,Fog
2025-03-20,10:00,Baneshwor,96,34.5,High,Rain
2025-02-03,14:15,Ratnapark,45,33.8,Medium,Clear
2025-04-12,10:00,Baneshwor,97,36.6,Low,Rain
2025-03-22,8:30,Ratnapark,174,35.5,High,Rain
2025-03-16,13:00,Kalanki,100,34.0,Low,Cloudy
2025-04-12,9:15,Ratnapark,53,36.3,Medium,Fog
2025-01-11,12:30,Maharajgunj,803,41.4,High,Rain
2025-02-16,11:15,Ratnapark,99,34.3,High,Clear
2025-02-17,10:00,Koteshwor,729,51.1,Low,Cloudy
2025-04-18,11:00,Baneshwor,49,35.9,Medium,Fog
2025-01-31,10:45,Koteshwor,49,21.8,Low,Fog
2025-04-17,11:00,Baneshwor,49,34.3,Medium,Fog
2025-02-22,11:00,Maharajgunj,51,52.7,Low,Fog
2025-01-17,11:30,Baneshwor,364,34.6,Low,Cloudy
2025-02-26,13:15,Chabahil,263,33.7,Medium,Cloudy
2025-02-03,13:45,Lalitpur,103,37.1,Low,Clear
2025-04-01,12:30,Ratnapark,99,37.0,Medium,Rain
2025-01-07,14:30,Baneshwor,46,35.0,High,Clear
2025-03-05,12:15,Chabahil,437,35.4,High,Fog
2025-03-25,15:00,Lalitpur,102,37.1,Low,Cloudy
2025-03-31,8:30,Bhaktapur,98,34.0,High,Fog
2025-03-15,13:00,Lalitpur,927,32.3,Low,Rain
2025-04-11,13:45,Kalanki,190,35.1,Low,Fog
2025-03-07,9:00,Chabahil,47,35.6,High,Fog
2025-03-07,15:30,Lalitpur,53,34.5,High,Rain
2025-01-23,8:45,Bhaktapur,103,37.9,High,Fog
2025-01-12,9:00,Koteshwor,936,30.0,High,Rain
2025-03-10,13:00,Koteshwor,907,37.2,High,Clear
2025-03-01,11:45,Koteshwor,730,36.6,Medium,Fog
2025-04-06,11:15,Chabahil,469,35.9,Medium,Cloudy
2025-03-18,14:30,Baneshwor,102,28.3,Medium,Rain
2025-03-25,9:15,Kalanki,335,43.6,Medium,Rain
2025-03-09,12:45,Baneshwor,559,42.9,Medium,Rain
2025-01-25,12:45,Ratnapark,53,34.0,High,Rain
2025-02-20,9:30,Bhaktapur,52,6.7,High,Rain
2025-03-16,13:00,Lalitpur,928,35.8,Low,Rain
2025-04-05,15:00,Kalanki,105,36.3,Medium,Clear
2025-02-22,10:15,Chabahil,815,36.8,High,Fog
2025-02-02,9:45,Chabahil,46,36.6,Low,Fog
2025-04-09,12:45,Koteshwor,809,35.5,High,Clear
2025-03-18,8:00,Bhaktapur,46,35.8,High,Cloudy
2025-03-31,14:45,Koteshwor,310,32.8,High,Fog
2025-03-28,14:15,Lalitpur,100,33.5,Medium,Rain
2025-03-01,9:15,Maharajgunj,55,36.8,Low,Fog
2025-04-20,9:00,Bhaktapur,96,36.7,Low,Cloudy
2025-04-25,11:30,Chabahil,102,44.4,Medium,Fog
2025-02-23,14:00,Lalitpur,103,34.0,Low,Rain
2025-04-30,15:15,Maharajgunj,508,15.8,Low,Fog
2025-01-11,9:30,Maharajgunj,237,38.7,Low,Fog
2025-01-04,12:15,Lalitpur,315,37.2,Low,Clear
2025-01-28,10:15,Koteshwor,98,34.5,High,Cloudy
2025-01-29,12:00,Koteshwor,48,48.4,High,Cloudy
2025-03-04,10:30,Ratnapark,206,32.0,Medium,Fog
2025-02-01,10:15,Koteshwor,98,38.5,High,Cloudy
2025-04-01,14:30,Maharajgunj,223,34.3,High,Rain
2025-02-14,12:30,Baneshwor,96,34.2,Medium,Rain
2025-01-21,13:15,Kalanki,104,56.4,Medium,Clear
2025-03-27,10:15,Ratnapark,581,33.6,High,Rain
2025-01-20,15:30,Kalanki,248,34.9,Low,Clear
2025-02-28,13:45,Baneshwor,494,30.5,Low,Cloudy
2025-03-05,9:30,Koteshwor,50,33.6,High,Cloudy
2025-04-04,12:30,Bhaktapur,97,36.0,High,Cloudy
2025-02-21,9:15,Maharajgunj,101,33.2,Low,Rain
2025-04-04,8:30,Bhaktapur,100,33.5,High,Fog
2025-05-01,8:00,Chabahil,97,32.3,High,Rain
2025-02-11,14:15,Chabahil,698,34.0,Medium,Clear
2025-04-13,13:45,Kalanki,190,37.6,Low,Fog
2025-01-23,12:45,Ratnapark,49,33.3,High,Rain
2025-03-24,9:00,Lalitpur,53,9.5,Low,Cloudy
2025-04-17,9:15,Ratnapark,100,35.4,High,Clear
2025-03-10,12:45,Baneshwor,557,44.3,Medium,Rain
2025-04-03,9:30,Maharajgunj,788,54.5,Medium,Rain
2025-03-13,15:45,Ratnapark,512,34.7,Low,Rain
2025-03-15,14:00,Chabahil,880,35.7,Medium,Clear
2025-03-22,11:30,Ratnapark,96,36.9,High,Cloudy
2025-04-10,9:00,Chabahil,48,36.8,High,Fog
2025-03-19,14:45,Lalitpur,49,52.5,High,Fog
2025-04-07,14:00,Ratnapark,450,40.7,Low,Clear
2025-02-01,11:15,Maharajgunj,98,39.0,Low,Cloudy
2025-04-06,15:00,Lalitpur,55,34.8,Medium,Clear
2025-04-05,14:00,Chabahil,53,34.1,Low,Fog
2025-02-26,13:15,Baneshwor,105,33.7,Medium,Cloudy
2025-05-02,15:00,Maharajgunj,96,31.5,High,Rain
2025-02-22,13:15,Chabahil,262,36.6,Medium,Cloudy
2025-03-11,12:15,Ratnapark,190,30.3,Low,Cloudy
2025-01-02,14:30,Lalitpur,453,42.0,High,Clear
2025-03-13,12:15,Ratnapark,193,34.6,Low,Cloudy
2025-02-20,12:15,Chabahil,102,39.5,High,Fog
2025-03-25,12:15,Ratnapark,108,31.3,High,Fog
2025-01-14,13:15,Baneshwor,105,33.2,High,Rain
2025-01-27,13:00,Chabahil,98,19.7,High,Cloudy
2025-01-05,8:15,Kalanki,51,5.6,Medium,Fog
2025-01-15,12:30,Baneshwor,399,22.9,Low,Clear
2025-02-22,15:00,Kalanki,100,34.8,High,Cloudy
2025-02-23,8:45,Kalanki,598,10.5,High,Fog
2025-01-16,10:30,Ratnapark,50,35.7,High,Clear
2025-01-17,13:15,Chabahil,96,30.4,High,Fog
2025-03-15,10:45,Lalitpur,52,34.9,Medium,Rain
2025-03-14,12:30,Koteshwor,102,33.8,High,Fog
2025-01-04,12:30,Ratnapark,105,37.0,Low,Clear
2025-01-12,14:45,Chabahil,51,38.5,Medium,Cloudy
2025-01-01,9:00,Chabahil,977,34.3,Medium,Clear
2025-01-30,12:00,Koteshwor,53,47.8,High,Cloudy
2025-04-21,9:00,Bhaktapur,102,34.4,Low,Cloudy
2025-05-05,15:15,Koteshwor,103,33.1,High,Fog
2025-01-31,8:30,Kalanki,503,17.5,Low,Fog
2025-04-13,12:45,Kalanki,187,1.0,Medium,Clear
2025-02-05,13:00,Ratnapark,100,32.0,High,Rain
2025-04-05,8:00,Koteshwor,567,51.4,Medium,Clear
2025-04-09,12:00,Lalitpur,47,35.5,High,Rain
2025-04-18,9:30,Ratnapark,51,58.9,High,Clear
2025-04-13,14:00,Lalitpur,53,34.3,Low,Rain
2025-05-05,14:30,Maharajgunj,54,34.5,Medium,Rain
2025-04-07,9:15,Maharajgunj,104,56.2,High,Cloudy
2025-01-27,14:00,Lalitpur,271,34.8,Low,Fog
2025-05-04,12:00,Koteshwor,100,36.8,High,Clear
2025-01-12,12:45,Chabahil,190,35.8,Medium,Fog
2025-05-02,13:45,Koteshwor,103,35.2,Medium,Fog
2025-05-05,15:15,Koteshwor,103,32.4,High,Fog
2025-04-23,8:45,Ratnapark,335,21.7,Low,Cloudy
2025-04-23,9:15,Maharajgunj,106,34.0,Low,Rain
2025-01-22,13:15,Kalanki,103,56.7,Medium,Clear
2025-03-02,14:30,Lalitpur,474,33.6,Medium,Clear
2025-03-19,13:15,Maharajgunj,101,40.8,Low,Rain
2025-02-24,14:45,Lalitpur,102,37.1,Low,Rain
2025-05-02,15:00,Maharajgunj,750,35.3,High,Fog
2025-03-01,15:30,Bhaktapur,780,44.6,Medium,Cloudy
2025-01-10,11:15,Kalanki,51,35.0,High,Cloudy
2025-01-09,12:30,Maharajgunj,800,44.8,High,Rain
2025-01-03,15:45,Kalanki,295,35.6,Medium,Rain
2025-04-20,13:45,Bhaktapur,95,29.2,Low,Cloudy
2025-01-26,14:00,Lalitpur,276,33.5,Low,Fog
2025-03-06,15:45,Bhaktapur,47,46.1,Low,Fog
2025-01-12,11:15,Kalanki,46,39.6,High,Cloudy
2025-01-07,12:00,Lalitpur,994,33.4,Low,Fog
2025-02-18,15:00,Maharajgunj,52,47.6,High,Rain
2025-03-21,14:30,Koteshwor,103,35.4,High,Rain
2025-02-28,12:45,Bhaktapur,97,36.8,Low,Clear
2025-02-20,13:30,Ratnapark,47,34.8,Low,Clear
2025-03-04,9:00,Chabahil,50,32.9,High,Fog
2025-03-28,12:15,Lalitpur,55,34.8,High,Fog
2025-01-03,8:15,Kalanki,54,7.2,Medium,Fog
2025-03-27,9:15,Kalanki,335,40.2,Medium,Rain
2025-01-21,14:30,Koteshwor,100,36.2,Medium,Fog
2025-02-04,14:00,Lalitpur,97,30.3,Medium,Clear
2025-01-27,8:30,Kalanki,505,14.5,Low,Fog
2025-04-17,9:00,Bhaktapur,98,34.9,Low,Cloudy
2025-05-01,9:45,Maharajgunj,300,44.7,Medium,Rain
2025-02-15,11:15,Bhaktapur,793,33.3,Medium,Rain
2025-02-02,10:00,Maharajgunj,95,50.1,High,Fog
2025-03-26,15:45,Maharajgunj,97,34.5,Low,Cloudy
2025-02-25,13:15,Baneshwor,101,34.0,Medium,Cloudy
2025-02-21,10:30,Baneshwor,51,33.4,High,Cloudy
2025-01-27,15:30,Ratnapark,105,38.7,Low,Cloudy
2025-02-22,14:00,Chabahil,99,39.3,Low,Fog
2025-03-07,12:30,Lalitpur,741,17.3,Low,Rain
2025-03-15,9:45,Baneshwor,312,22.2,Medium,Clear
2025-03-15,8:45,Maharajgunj,102,34.6,High,Clear
2025-03-06,13:00,Ratnapark,54,7.2,High,Clear
2025-02-27,13:00,Lalitpur,52,37.6,Low,Fog
2025-02-03,15:00,Ratnapark,104,31.4,Medium,Cloudy
2025-04-11,11:30,Baneshwor,689,36.0,High,Rain
2025-02-16,15:15,Lalitpur,104,32.4,Medium,Rain
2025-02-16,12:00,Baneshwor,46,38.5,Medium,Clear
2025-03-09,8:45,Maharajgunj,531,30.9,Low,Fog
2025-02-10,14:15,Ratnapark,481,33.4,Medium,Cloudy
2025-01-20,8:15,Ratnapark,358,34.5,High,Cloudy
2025-03-14,12:45,Chabahil,45,34.4,Medium,Fog
2025-03-24,10:00,Ratnapark,98,36.1,High,Cloudy
2025-02-15,13:30,Ratnapark,554,51.1,Low,Fog
2025-01-30,9:45,Kalanki,97,8.7,Low,Fog
2025-02-13,13:30,Maharajgunj,105,38.7,Medium,Clear
2025-01-28,15:00,Maharajgunj,54,38.2,High,Clear
2025-03-25,12:00,Lalitpur,96,33.2,Low,Rain
2025-04-12,13:45,Kalanki,186,35.1,Low,Fog
2025-02-14,8:45,Ratnapark,52,26.4,High,Fog
2025-04-29,12:30,Chabahil,51,11.5,Medium,Rain
2025-02-13,10:00,Bhaktapur,972,34.3,High,Cloudy
2025-03-01,11:00,Maharajgunj,95,12.6,Low,Cloudy
2025-05-03,13:00,Koteshwor,48,41.0,Low,Clear
2025-03-15,9:15,Koteshwor,47,3.2,Low,Rain
2025-04-14,11:30,Lalitpur,100,1.7,Medium,Cloudy
2025-02-19,12:00,Ratnapark,344,56.3,High,Cloudy
2025-04-21,11:00,Ratnapark,53,35.5,High,Cloudy
2025-03-19,15:00,Kalanki,531,21.0,Low,Rain
2025-03-22,10:00,Kalanki,897,35.9,Medium,Cloudy
2025-01-21,15:45,Koteshwor,102,32.5,Medium,Cloudy
2025-01-29,9:00,Baneshwor,646,33.7,Medium,Rain
2025-02-18,9:00,Lalitpur,927,50.5,Low,Rain
2025-01-16,8:30,Maharajgunj,101,17.5,Low,Fog
2025-01-23,11:15,Ratnapark,329,20.8,High,Cloudy
2025-04-11,12:45,Bhaktapur,52,31.0,Low,Clear
2025-02-19,10:00,Koteshwor,101,31.5,Low,Rain
2025-04-12,8:00,Maharajgunj,103,52.0,Medium,Clear
2025-01-18,12:45,Ratnapark,54,35.6,Low,Cloudy
2025-03-28,14:15,Lalitpur,45,37.7,Medium,Fog
2025-03-27,8:30,Maharajgunj,53,35.1,Low,Rain
2025-04-24,12:00,Baneshwor,101,34.5,High,Cloudy
2025-03-05,11:30,Kalanki,782,35.2,Low,Cloudy
2025-04-12,15:15,Chabahil,45,33.3,High,Rain
2025-02-20,11:45,Ratnapark,581,35.3,High,Clear
2025-04-13,9:30,Kalanki,559,32.6,High,Clear
2025-03-30,14:30,Maharajgunj,228,35.2,High,Rain
2025-01-19,12:00,Kalanki,100,34.7,Medium,Cloudy
2025-02-15,11:30,Bhaktapur,104,33.4,Medium,Clear
2025-05-02,12:15,Baneshwor,52,35.3,Medium,Cloudy
2025-02-09,9:15,Chabahil,100,35.3,High,Cloudy
2025-02-07,9:15,Chabahil,105,37.4,High,Cloudy
2025-04-28,14:30,Chabahil,50,31.8,Low,Cloudy
2025-02-03,9:45,Ratnapark,218,34.8,Low,Cloudy
2025-03-12,10:00,Ratnapark,105,33.5,Medium,Rain
2025-03-10,14:30,Ratnapark,49,36.7,Low,Rain
2025-04-11,13:15,Ratnapark,735,36.5,Low,Rain
2025-02-07,11:30,Koteshwor,280,36.0,High,Clear
2025-05-05,11:30,Bhaktapur,443,33.6,Medium,Fog
2025-02-22,15:45,Ratnapark,55,36.8,Low,Fog
2025-01-25,12:45,Ratnapark,49,31.9,High,Rain
2025-03-28,14:45,Baneshwor,147,31.5,Medium,Fog
2025-03-05,11:30,Kalanki,787,31.4,Low,Cloudy
2025-04-17,10:00,Kalanki,118,34.9,Low,Cloudy
2025-04-19,14:00,Baneshwor,324,27.4,Low,Cloudy
2025-01-15,11:30,Baneshwor,367,29.0,Low,Cloudy
2025-03-22,14:15,Maharajgunj,454,37.6,High,Rain
2025-04-15,13:15,Lalitpur,464,30.3,High,Clear
2025-02-25,12:30,Kalanki,363,31.9,Low,Clear
2025-04-07,8:00,Kalanki,99,35.2,Low,Cloudy
2025-01-24,9:15,Koteshwor,186,37.2,High,Clear
2025-02-05,9:15,Chabahil,103,36.2,High,Cloudy
2025-02-27,12:45,Bhaktapur,97,37.2,Low,Clear
2025-03-30,13:45,Lalitpur,46,25.3,High,Fog
2025-01-17,12:30,Chabahil,232,34.2,Medium,Rain
2025-04-25,11:30,Chabahil,101,41.2,Medium,Fog
2025-05-01,8:00,Chabahil,99,38.4,High,Rain
2025-01-19,8:45,Baneshwor,100,51.3,Low,Cloudy
2025-03-12,12:45,Chabahil,438,40.7,Low,Fog
2025-01-31,12:30,Bhaktapur,48,34.1,High,Fog
2025-03-25,12:30,Lalitpur,95,33.6,Medium,Fog
2025-01-08,8:45,Chabahil,48,34.7,High,Cloudy
2025-03-06,9:30,Koteshwor,53,37.8,High,Cloudy
2025-04-14,11:45,Bhaktapur,45,34.3,High,Clear
2025-01-28,12:15,Kalanki,54,35.2,Low,Fog
2025-05-05,10:45,Ratnapark,47,35.2,Medium,Rain
2025-03-12,10:45,Bhaktapur,99,30.1,Medium,Fog
2025-01-22,12:45,Ratnapark,51,33.7,Low,Cloudy
2025-02-19,12:15,Chabahil,104,34.7,High,Fog
2025-03-28,14:45,Koteshwor,309,34.6,High,Fog
2025-03-24,12:00,Ratnapark,47,10.0,Low,Cloudy
2025-04-28,11:00,Chabahil,991,36.9,Low,Cloudy
2025-02-09,9:30,Ratnapark,48,38.5,Medium,Rain
2025-02-16,8:45,Ratnapark,47,21.3,High,Fog
2025-01-26,15:45,Lalitpur,51,34.2,Medium,Fog
2025-03-28,11:00,Baneshwor,105,33.3,Medium,Rain
2025-03-27,8:45,Maharajgunj,105,35.4,High,Fog
2025-01-28,13:30,Kalanki,101,33.9,Low,Fog
2025-04-08,12:00,Baneshwor,536,35.5,Medium,Fog
2025-01-28,9:30,Baneshwor,51,37.2,Medium,Rain
2025-02-03,10:15,Koteshwor,105,29.9,Medium,Rain
2025-03-18,14:30,Baneshwor,96,36.0,Medium,Rain
2025-03-30,13:30,Koteshwor,182,34.1,High,Clear
2025-01-26,11:30,Koteshwor,356,50.9,Low,Clear
2025-02-16,8:30,Chabahil,98,33.2,High,Cloudy
2025-03-11,13:00,Kalanki,102,36.4,Low,Clear
2025-04-25,14:45,Koteshwor,102,30.8,Low,Fog
2025-04-14,12:45,Lalitpur,545,31.1,Medium,Cloudy
2025-04-11,9:30,Kalanki,557,36.6,High,Clear
2025-02-28,15:45,Baneshwor,50,33.5,High,Clear
2025-04-12,15:15,Chabahil,53,33.8,High,Rain
2025-03-13,14:45,Baneshwor,103,36.5,Low,Clear
2025-01-30,10:15,Koteshwor,98,33.5,High,Cloudy
2025-02-28,11:00,Maharajgunj,103,13.9,Low,Cloudy
2025-02-25,13:15,Baneshwor,100,34.4,Medium,Cloudy
2025-02-05,12:30,Koteshwor,805,41.0,High,Clear
2025-03-14,13:45,Koteshwor,54,39.2,Low,Fog
2025-03-19,8:45,Kalanki,409,33.6,Low,Rain
2025-03-03,11:00,Maharajgunj,100,11.1,Low,Cloudy
2025-02-21,12:30,Chabahil,46,37.1,High,Clear
2025-01-14,12:00,Kalanki,102,36.9,High,Cloudy
2025-01-06,14:00,Koteshwor,524,7.3,High,Fog
2025-03-01,8:45,Ratnapark,99,4.0,Medium,Clear
2025-02-07,15:45,Chabahil,102,8.5,Medium,Clear
2025-03-31,15:30,Ratnapark,105,19.9,Medium,Clear
2025-02-23,12:00,Koteshwor,102,34.4,Medium,Fog
2025-04-02,13:45,Lalitpur,50,35.2,Medium,Fog
2025-02-17,15:15,Baneshwor,657,34.1,Low,Clear
2025-04-03,14:45,Baneshwor,45,60.4,Low,Clear
2025-03-07,10:15,Koteshwor,752,35.3,Medium,Fog
2025-03-31,8:30,Bhaktapur,102,33.0,High,Fog
2025-03-22,10:00,Bhaktapur,53,33.1,Low,Clear
2025-01-05,12:30,Kalanki,898,31.0,Low,Cloudy
2025-01-05,11:15,Kalanki,293,33.3,High,Clear
2025-02-23,11:00,Maharajgunj,98,36.6,Low,Clear
2025-01-05,15:00,Maharajgunj,761,37.6,Low,Clear
2025-04-14,14:00,Kalanki,104,8.4,Low,Clear
2025-01-17,15:15,Chabahil,45,36.1,Low,Rain
2025-02-15,15:00,Ratnapark,49,34.7,Low,Rain
2025-02-04,11:45,Lalitpur,50,17.5,Low,Rain
2025-01-17,12:30,Baneshwor,343,60.6,High,Rain
2025-02-01,12:45,Ratnapark,174,60.6,High,Fog
2025-01-13,15:15,Bhaktapur,50,52.8,High,Rain
2025-01-16,14:45,Ratnapark,98,37.7,Medium,Cloudy
2025-02-14,15:30,Ratnapark,47,36.7,High,Rain
2025-01-22,15:45,Koteshwor,573,36.5,Low,Rain
2025-03-27,14:15,Chabahil,47,11.0,Low,Fog
2025-03-16,8:45,Ratnapark,885,5.9,Medium,Rain
2025-01-17,10:30,Ratnapark,53,34.7,High,Clear
2025-04-27,14:15,Bhaktapur,53,15.1,Low,Clear
2025-02-02,15:00,Ratnapark,100,32.0,Medium,Cloudy
2025-03-11,10:15,Koteshwor,756,35.0,Medium,Fog
2025-02-28,15:30,Bhaktapur,783,46.1,Medium,Cloudy
2025-04-29,14:00,Maharajgunj,48,32.4,Low,Fog
2025-01-16,12:15,Kalanki,98,32.1,Low,Rain
2025-03-06,9:00,Chabahil,46,36.0,High,Fog
2025-02-02,14:30,Baneshwor,104,36.7,Medium,Rain
2025-04-21,9:30,Bhaktapur,98,22.4,High,Cloudy
2025-04-27,12:30,Chabahil,102,37.3,High,Fog
2025-04-25,12:15,Baneshwor,54,58.8,Medium,Clear
2025-03-06,13:00,Ratnapark,46,4.9,High,Clear
2025-03-04,13:45,Ratnapark,53,8.2,High,Rain
2025-01-04,9:00,Chabahil,967,31.9,Medium,Clear
2025-02-21,10:15,Chabahil,816,38.7,High,Fog
2025-04-26,10:15,Bhaktapur,867,25.3,High,Clear
2025-02-08,9:30,Ratnapark,55,32.2,Medium,Rain
2025-02-01,13:45,Lalitpur,100,40.3,Low,Clear
2025-04-07,15:00,Kalanki,101,34.8,Medium,Clear
2025-05-02,15:15,Maharajgunj,47,34.5,Medium,Clear
2025-01-08,10:45,Ratnapark,105,34.2,Low,Fog
2025-05-02,12:30,Kalanki,53,35.8,Medium,Cloudy
2025-01-17,8:30,Koteshwor,968,17.6,Medium,Rain
2025-01-03,12:15,Lalitpur,319,35.8,Low,Clear
2025-02-20,15:00,Kalanki,105,34.8,High,Cloudy
2025-03-06,15:30,Kalanki,48,34.7,High,Clear
2025-05-02,14:30,Baneshwor,103,17.9,Medium,Cloudy
2025-03-21,14:30,Baneshwor,102,35.9,Medium,Rain
2025-01-30,13:00,Chabahil,98,35.1,Medium,Clear
2025-03-20,10:45,Koteshwor,617,34.9,High,Rain
2025-02-09,13:45,Bhaktapur,46,35.7,Medium,Cloudy
2025-03-12,11:45,Koteshwor,301,34.1,Low,Clear
2025-01-02,11:00,Baneshwor,47,36.6,Medium,Clear
2025-01-30,14:45,Bhaktapur,98,13.8,Low,Cloudy
2025-01-04,13:45,Kalanki,101,34.2,Low,Fog
2025-03-26,9:15,Maharajgunj,54,36.2,High,Cloudy
2025-02-23,8:15,Kalanki,370,32.7,Medium,Clear
2025-02-25,14:45,Chabahil,102,31.9,High,Clear
2025-02-20,14:00,Koteshwor,98,49.1,Low,Clear
2025-01-03,13:00,Baneshwor,101,40.6,Medium,Cloudy
2025-03-20,12:15,Kalanki,104,32.4,Low,Fog
2025-04-30,12:15,Baneshwor,45,36.5,Medium,Cloudy
2025-04-07,15:15,Chabahil,100,35.6,Low,Rain
2025-04-05,10:30,Maharajgunj,50,29.6,Medium,Cloudy
2025-01-12,8:15,Chabahil,100,20.6,High,Rain
2025-04-16,14:30,Baneshwor,46,34.8,Low,Cloudy
2025-01-27,15:30,Ratnapark,102,35.8,Low,Cloudy
2025-01-09,12:30,Maharajgunj,797,39.7,High,Rain
2025-04-02,9:30,Bhaktapur,253,37.1,High,Clear
2025-01-15,14:00,Koteshwor,96,36.0,Low,Clear
2025-03-24,10:00,Ratnapark,98,31.8,High,Cloudy
2025-02-18,11:30,Ratnapark,53,34.9,Low,Cloudy
2025-01-17,14:00,Koteshwor,103,35.8,Low,Clear
2025-01-02,13:00,Baneshwor,100,42.8,Medium,Cloudy
2025-04-30,13:15,Ratnapark,55,32.0,Low,Clear
2025-03-12,8:30,Lalitpur,103,19.6,Medium,Fog
2025-02-02,11:15,Maharajgunj,98,39.4,Low,Cloudy
2025-01-23,11:00,Maharajgunj,105,34.2,Low,Clear
2025-04-15,12:00,Kalanki,45,38.1,High,Clear
2025-04-10,12:45,Koteshwor,800,33.5,High,Clear
2025-03-03,10:45,Koteshwor,148,36.4,Low,Cloudy
2025-04-19,13:45,Maharajgunj,52,40.5,Low,Clear
2025-04-25,13:45,Maharajgunj,53,33.0,High,Cloudy
2025-02-24,10:15,Chabahil,824,34.4,High,Fog
2025-01-25,8:00,Baneshwor,910,36.5,Low,Rain
2025-01-03,15:45,Chabahil,96,38.8,High,Fog
2025-05-02,9:00,Ratnapark,890,25.6,High,Fog
2025-04-14,10:00,Baneshwor,103,34.0,Low,Rain
2025-01-27,14:15,Lalitpur,132,30.6,High,Clear
2025-01-10,15:15,Maharajgunj,333,40.0,High,Cloudy
2025-05-04,8:45,Maharajgunj,46,39.3,High,Fog
2025-01-01,13:00,Baneshwor,105,42.8,Medium,Cloudy
2025-02-04,11:30,Koteshwor,282,32.7,High,Clear
2025-01-14,8:30,Maharajgunj,105,17.3,Low,Fog
2025-03-18,9:15,Ratnapark,640,35.7,High,Rain
2025-03-11,11:00,Baneshwor,101,52.3,Low,Fog
2025-02-02,10:45,Koteshwor,55,20.2,Low,Fog
2025-03-09,13:00,Koteshwor,909,35.0,High,Clear
2025-03-11,10:15,Koteshwor,754,32.7,Medium,Fog
2025-04-04,11:30,Lalitpur,863,35.3,Medium,Clear
2025-04-08,11:15,Chabahil,466,36.0,Medium,Cloudy
2025-02-13,14:30,Koteshwor,442,33.9,Medium,Clear
2025-04-02,9:30,Bhaktapur,252,38.4,High,Clear
2025-01-10,8:00,Bhaktapur,54,8.3,Medium,Clear
2025-03-06,15:30,Kalanki,52,35.6,High,Clear
2025-04-27,14:00,Maharajgunj,54,36.7,Low,Fog
2025-04-26,11:30,Chabahil,104,42.8,Medium,Fog
2025-04-09,11:15,Chabahil,54,34.6,Low,Fog
2025-03-12,8:30,Lalitpur,104,16.1,Medium,Fog
2025-01-22,8:15,Chabahil,662,51.7,Low,Cloudy
2025-04-01,8:00,Ratnapark,603,7.7,High,Fog
2025-03-19,14:45,Lalitpur,49,53.1,High,Fog
2025-05-01,14:45,Ratnapark,540,7.3,High,Clear
2025-01-21,13:00,Chabahil,105,33.7,Medium,Cloudy
2025-01-23,14:15,Lalitpur,138,30.6,High,Clear
2025-01-07,12:15,Baneshwor,51,37.7,Low,Rain
2025-04-30,14:45,Ratnapark,548,3.8,High,Clear
2025-04-18,8:30,Bhaktapur,52,39.3,Low,Fog
2025-02-09,11:30,Ratnapark,196,33.5,Medium,Cloudy
2025-04-24,8:00,Koteshwor,103,32.6,Low,Cloudy
2025-01-30,15:30,Ratnapark,100,35.3,Low,Cloudy
2025-02-22,11:00,Kalanki,366,40.4,High,Clear
2025-03-27,12:15,Lalitpur,51,31.2,High,Fog
2025-01-16,14:15,Kalanki,855,17.7,High,Rain
2025-01-09,15:15,Koteshwor,55,36.0,High,Fog
2025-03-14,15:15,Chabahil,102,5.1,Low,Clear
2025-02-12,13:45,Bhaktapur,45,35.8,Medium,Cloudy
2025-01-13,9:30,Ratnapark,48,38.6,High,Fog
2025-05-02,9:45,Maharajgunj,298,41.8,Medium,Rain
2025-04-25,15:00,Ratnapark,55,36.7,High,Rain
2025-03-31,15:15,Chabahil,52,18.7,Low,Clear
2025-01-01,12:30,Kalanki,903,34.9,Low,Cloudy
2025-02-26,9:45,Koteshwor,766,34.2,Medium,Rain
2025-03-30,11:15,Bhaktapur,289,1.1,High,Cloudy
2025-04-07,9:00,Koteshwor,196,50.6,Low,Fog
2025-02-13,15:15,Lalitpur,102,31.4,Medium,Rain
2025-01-25,12:45,Ratnapark,51,34.5,High,Rain
2025-01-17,12:30,Chabahil,229,39.6,Medium,Rain
2025-01-26,12:45,Ratnapark,53,32.8,High,Rain
2025-03-03,15:30,Koteshwor,53,10.6,High,Clear
2025-01-18,13:00,Kalanki,55,1.1,Low,Clear
2025-04-22,8:30,Bhaktapur,883,33.8,Medium,Rain
2025-03-24,15:00,Lalitpur,102,32.4,Low,Cloudy
2025-01-15,12:30,Chabahil,229,35.3,Medium,Rain
2025-04-13,8:15,Koteshwor,389,37.9,High,Rain
2025-03-03,9:15,Ratnapark,45,31.2,Low,Cloudy
2025-04-12,8:15,Koteshwor,394,34.8,High,Rain
2025-02-09,10:30,Ratnapark,46,37.0,Low,Rain
2025-04-18,8:30,Kalanki,52,49.7,Low,Fog
2025-01-12,10:15,Chabahil,95,31.9,High,Fog
2025-04-18,13:45,Chabahil,655,35.2,High,Fog
2025-01-24,11:30,Chabahil,102,38.0,High,Cloudy
2025-02-14,10:45,Baneshwor,125,34.9,Medium,Fog
2025-01-26,11:15,Ratnapark,104,50.5,Low,Cloudy
2025-02-05,14:15,Ratnapark,46,35.8,Medium,Clear
2025-03-28,13:15,Maharajgunj,46,34.6,Low,Clear
2025-04-07,13:45,Ratnapark,105,31.3,High,Rain
2025-01-09,8:00,Chabahil,444,26.6,Low,Fog
2025-02-22,10:30,Baneshwor,49,37.0,High,Cloudy
2025-04-02,11:15,Chabahil,538,33.5,High,Cloudy
2025-03-12,11:15,Chabahil,52,33.2,Low,Rain
2025-01-12,9:30,Chabahil,101,54.9,Medium,Clear
2025-01-16,11:30,Baneshwor,368,33.7,Low,Cloudy
2025-01-09,14:30,Maharajgunj,349,36.2,Low,Rain
2025-04-22,13:45,Maharajgunj,54,32.6,High,Cloudy
2025-01-16,15:30,Maharajgunj,368,32.6,Medium,Cloudy
2025-03-18,10:45,Koteshwor,615,34.0,High,Rain
2025-02-23,14:45,Baneshwor,47,35.9,Medium,Rain
2025-04-19,12:45,Ratnapark,95,19.1,High,Cloudy
2025-03-07,15:45,Bhaktapur,45,43.8,Low,Fog
2025-03-07,15:30,Kalanki,51,38.9,High,Clear
2025-03-14,12:00,Baneshwor,113,24.5,Medium,Rain
2025-01-18,8:15,Ratnapark,357,36.7,High,Cloudy
2025-01-08,12:45,Maharajgunj,909,34.7,Low,Rain
2025-04-12,8:00,Lalitpur,648,35.4,High,Rain
2025-03-23,13:15,Lalitpur,47,1.1,Medium,Rain
2025-03-23,12:15,Ratnapark,99,36.6,High,Fog
2025-04-22,8:15,Kalanki,102,34.8,Low,Fog
2025-02-03,15:00,Koteshwor,96,35.4,High,Clear
2025-03-24,10:00,Bhaktapur,51,35.3,Low,Clear
2025-04-01,11:15,Chabahil,544,35.0,High,Cloudy
2025-04-23,9:00,Kalanki,874,40.9,High,Clear
2025-04-26,15:00,Bhaktapur,971,0.7,Low,Cloudy
2025-03-15,8:45,Maharajgunj,96,33.6,High,Clear
2025-04-12,10:00,Baneshwor,96,36.4,Low,Fog
2025-04-29,14:45,Ratnapark,547,4.8,High,Clear
2025-02-25,10:15,Maharajgunj,976,34.4,High,Clear
2025-03-14,8:00,Chabahil,102,32.8,Low,Rain
2025-02-10,9:30,Ratnapark,53,36.0,Medium,Rain
2025-05-03,13:45,Lalitpur,98,31.0,Medium,Clear
2025-03-15,13:15,Maharajgunj,98,41.4,Low,Rain
2025-02-17,10:00,Lalitpur,96,36.4,Medium,Clear
2025-04-19,9:30,Bhaktapur,104,18.3,High,Cloudy
2025-05-04,8:00,Koteshwor,95,33.6,Medium,Fog
2025-01-07,10:30,Ratnapark,715,34.7,Low,Rain
2025-05-03,8:00,Chabahil,98,32.7,High,Rain
2025-01-09,13:15,Maharajgunj,491,31.5,Medium,Rain
2025-03-31,15:15,Chabahil,54,20.4,Low,Clear
2025-02-01,15:00,Ratnapark,105,36.4,Medium,Cloudy
2025-02-16,14:15,Lalitpur,162,37.6,High,Fog
2025-03-16,14:30,Maharajgunj,96,33.9,Medium,Rain
2025-03-20,10:45,Koteshwor,624,36.5,High,Rain
2025-02-04,14:15,Ratnapark,52,36.3,Medium,Clear
2025-03-27,12:00,Ratnapark,45,12.4,Low,Cloudy
2025-04-07,10:15,Koteshwor,45,34.3,Medium,Clear
2025-02-09,12:45,Koteshwor,850,31.4,High,Cloudy
2025-04-30,15:15,Bhaktapur,412,37.1,Low,Rain
2025-03-25,15:00,Koteshwor,53,24.0,High,Fog
2025-04-15,15:00,Kalanki,189,33.6,High,Cloudy
2025-02-10,14:45,Chabahil,723,34.4,Medium,Cloudy
2025-03-21,13:45,Maharajgunj,101,34.3,High,Rain
2025-04-19,15:00,Lalitpur,105,35.3,Low,Cloudy
2025-04-17,9:00,Baneshwor,802,36.4,High,Fog
2025-01-25,13:15,Maharajgunj,103,3.3,Medium,Rain
2025-03-29,13:45,Lalitpur,53,28.8,High,Fog
2025-04-18,11:30,Baneshwor,928,35.0,Low,Rain
2025-02-19,9:15,Maharajgunj,715,36.9,Medium,Rain
2025-01-23,14:15,Lalitpur,140,30.6,High,Clear
2025-03-17,8:45,Koteshwor,98,58.8,Low,Fog
2025-03-12,8:45,Chabahil,47,34.3,Low,Clear
2025-03-19,11:45,Koteshwor,874,40.7,Medium,Fog
2025-03-25,12:15,Lalitpur,49,33.4,High,Fog
2025-03-14,9:15,Ratnapark,890,11.2,Low,Rain
2025-04-08,8:00,Kalanki,98,36.6,Low,Cloudy
2025-05-04,8:30,Maharajgunj,206,32.8,Low,Cloudy
2025-02-24,13:30,Ratnapark,54,34.4,Low,Clear
2025-04-24,14:15,Bhaktapur,52,18.0,Low,Clear
2025-03-20,12:45,Chabahil,361,34.3,High,Rain
2025-02-23,12:30,Kalanki,365,36.7,Low,Clear
2025-02-12,11:45,Baneshwor,97,45.8,High,Fog
2025-01-31,9:45,Kalanki,100,8.9,Low,Fog
2025-04-27,8:30,Maharajgunj,101,31.8,Low,Rain
2025-01-20,13:15,Chabahil,103,9.6,Low,Clear
2025-05-04,8:00,Lalitpur,99,32.7,Medium,Rain
2025-02-02,9:45,Kalanki,103,12.5,Low,Fog
2025-02-06,15:45,Chabahil,938,6.0,Medium,Rain
2025-03-26,13:00,Chabahil,54,3.6,Medium,Cloudy
2025-05-01,13:15,Ratnapark,54,39.4,Low,Clear
2025-04-20,8:00,Kalanki,54,31.6,High,Clear
2025-02-23,14:45,Baneshwor,48,32.8,Medium,Rain
2025-01-22,13:15,Maharajgunj,95,5.5,Medium,Rain
2025-03-22,12:45,Chabahil,354,36.0,High,Rain
2025-04-07,13:45,Lalitpur,104,1.6,Medium,Clear
2025-01-28,12:30,Maharajgunj,99,33.9,Low,Cloudy
2025-03-17,14:30,Maharajgunj,97,39.0,Medium,Rain
2025-03-12,10:45,Kalanki,804,35.2,Low,Clear
2025-04-23,9:30,Chabahil,99,32.6,Low,Fog
2025-04-16,13:45,Chabahil,654,34.5,High,Fog
2025-01-30,10:00,Maharajgunj,102,49.6,High,Fog
2025-03-30,14:45,Baneshwor,49,62.2,Low,Clear
2025-03-22,13:15,Lalitpur,49,0.7,Medium,Rain
2025-03-19,11:45,Koteshwor,882,42.0,Medium,Fog
2025-04-21,10:30,Bhaktapur,102,34.1,Medium,Clear
2025-02-04,13:00,Chabahil,45,57.8,High,Cloudy
2025-04-26,13:15,Bhaktapur,97,31.2,Medium,Clear
2025-03-01,12:45,Ratnapark,552,36.2,Low,Fog
2025-03-13,14:15,Bhaktapur,95,37.6,Medium,Clear
2025-01-24,9:30,Chabahil,95,3.2,Low,Rain
2025-03-31,12:30,Ratnapark,99,31.9,Medium,Rain
2025-04-30,11:15,Bhaktapur,103,36.6,Low,Clear
2025-03-09,15:30,Lalitpur,50,31.7,High,Rain
2025-01-11,8:15,Chabahil,104,25.4,High,Rain
2025-03-24,14:00,Ratnapark,543,33.2,Low,Fog
2025-02-20,10:30,Baneshwor,55,32.8,High,Cloudy
2025-03-31,10:15,Ratnapark,583,35.5,High,Rain
2025-04-08,13:00,Koteshwor,813,20.9,Medium,Rain
2025-01-29,9:30,Baneshwor,49,33.6,Medium,Rain
2025-01-21,14:30,Koteshwor,99,35.7,Medium,Fog
2025-03-02,12:15,Baneshwor,498,30.1,Medium,Rain
2025-03-28,15:30,Chabahil,50,38.3,Medium,Fog
2025-05-04,11:45,Lalitpur,98,35.1,High,Rain
2025-01-29,10:30,Koteshwor,104,51.4,Low,Cloudy
2025-05-02,8:00,Chabahil,96,33.0,High,Rain
2025-02-27,10:15,Maharajgunj,969,37.0,High,Clear
2025-03-29,10:30,Chabahil,53,46.2,High,Fog
2025-03-04,8:30,Ratnapark,224,24.8,High,Cloudy
2025-04-27,11:30,Chabahil,105,41.6,Medium,Fog
2025-04-27,10:15,Bhaktapur,874,23.6,High,Clear
2025-01-16,13:30,Lalitpur,100,5.9,Low,Cloudy
2025-02-12,14:45,Chabahil,731,36.4,Medium,Cloudy
2025-01-24,9:30,Baneshwor,104,37.3,Low,Clear
2025-02-10,13:45,Bhaktapur,53,33.6,Medium,Cloudy
2025-01-03,14:30,Lalitpur,449,41.8,High,Clear
2025-01-12,8:30,Maharajgunj,55,33.8,Low,Fog
2025-03-19,13:15,Maharajgunj,99,41.9,Low,Rain
2025-01-20,8:45,Kalanki,54,36.4,Medium,Rain
2025-03-18,15:15,Baneshwor,50,31.7,Low,Cloudy
2025-04-04,15:15,Baneshwor,103,19.2,Medium,Clear
2025-05-04,8:00,Koteshwor,99,32.7,Medium,Fog
2025-02-08,13:30,Maharajgunj,52,34.4,Medium,Clear
2025-05-01,14:45,Ratnapark,549,8.5,High,Clear
2025-02-16,8:45,Kalanki,95,35.7,Low,Cloudy
2025-04-23,11:15,Maharajgunj,49,6.7,Medium,Clear
2025-04-21,14:00,Maharajgunj,54,32.6,Low,Clear
2025-02-18,13:30,Bhaktapur,95,32.9,High,Rain
2025-04-27,15:45,Ratnapark,1002,2.9,High,Cloudy
2025-02-26,11:30,Baneshwor,988,47.8,Low,Fog
2025-02-23,8:45,Kalanki,594,12.0,High,Fog
2025-01-21,11:30,Chabahil,99,36.9,High,Cloudy
2025-01-25,12:45,Lalitpur,45,32.9,Medium,Fog
2025-03-25,9:00,Lalitpur,50,11.5,Low,Cloudy
2025-04-04,9:30,Maharajgunj,787,50.1,Medium,Rain
2025-04-26,9:00,Maharajgunj,99,35.0,Low,Fog
2025-03-08,9:45,Koteshwor,50,25.0,High,Clear
2025-02-14,15:00,Lalitpur,105,33.8,Medium,Fog
2025-03-17,14:30,Baneshwor,104,32.8,Medium,Rain
2025-02-07,12:30,Chabahil,51,36.0,High,Fog
2025-03-18,10:15,Baneshwor,51,33.7,Medium,Fog
2025-03-27,12:15,Lalitpur,46,36.9,High,Fog
2025-03-18,12:00,Baneshwor,111,22.6,Medium,Rain
2025-03-14,12:00,Baneshwor,114,20.9,Medium,Rain
2025-02-14,13:15,Lalitpur,275,34.5,Medium,Rain
2025-01-05,13:15,Ratnapark,46,34.2,Low,Clear
2025-05-05,13:15,Maharajgunj,98,37.0,High,Rain
2025-01-05,12:00,Lalitpur,997,34.3,Low,Fog
2025-03-30,9:15,Baneshwor,105,34.4,Low,Clear
2025-02-24,14:00,Lalitpur,104,37.8,Low,Rain
2025-03-20,14:30,Baneshwor,103,36.0,Medium,Rain
2025-01-24,8:15,Lalitpur,937,38.3,High,Fog
2025-03-11,8:15,Bhaktapur,967,46.5,Medium,Rain
2025-03-21,11:45,Ratnapark,50,33.2,High,Cloudy
2025-03-06,11:30,Lalitpur,99,37.0,Medium,Cloudy
2025-01-28,11:15,Ratnapark,100,59.1,Low,Cloudy
2025-03-22,11:45,Ratnapark,51,38.1,High,Cloudy
2025-03-17,10:30,Bhaktapur,105,37.0,Low,Clear
2025-04-23,11:15,Maharajgunj,97,36.9,Medium,Rain
2025-04-24,14:00,Maharajgunj,49,34.4,Low,Clear
2025-03-07,13:30,Lalitpur,387,33.3,Low,Clear
2025-03-08,9:45,Maharajgunj,98,17.3,Low,Cloudy
2025-01-01,15:45,Bhaktapur,54,6.7,High,Clear
2025-01-17,8:30,Koteshwor,965,18.7,Medium,Rain
2025-01-06,15:15,Maharajgunj,328,34.4,High,Cloudy
2025-01-11,10:45,Ratnapark,96,37.6,Low,Fog
2025-04-21,11:15,Maharajgunj,97,32.5,Medium,Rain
2025-01-15,14:30,Chabahil,98,37.2,Medium,Cloudy
2025-01-18,10:00,Baneshwor,98,42.0,Low,Cloudy
2025-04-26,10:00,Koteshwor,54,54.4,High,Cloudy
2025-02-26,12:45,Bhaktapur,103,38.3,Low,Clear
2025-03-23,15:30,Ratnapark,54,54.2,Medium,Cloudy
2025-03-29,9:00,Kalanki,811,0.4,High,Rain
2025-01-10,10:00,Baneshwor,53,35.1,High,Cloudy
2025-03-19,13:15,Kalanki,98,35.9,High,Fog
2025-02-16,14:00,Chabahil,1000,35.4,High,Rain
2025-05-02,11:30,Bhaktapur,451,33.4,Medium,Fog
2025-02-06,10:15,Bhaktapur,103,34.2,Medium,Cloudy
2025-05-04,15:15,Koteshwor,100,38.9,High,Fog
2025-03-18,11:15,Lalitpur,678,45.3,High,Rain
2025-03-28,14:15,Lalitpur,97,38.1,Medium,Rain
2025-03-23,12:00,Chabahil,49,18.0,High,Rain
2025-04-01,15:15,Chabahil,47,20.3,Low,Clear
2025-01-28,10:30,Koteshwor,49,33.4,Medium,Fog
2025-04-22,8:30,Bhaktapur,881,33.5,Medium,Rain
2025-03-15,9:15,Koteshwor,46,1.9,Low,Rain
2025-01-07,8:15,Koteshwor,103,39.3,Medium,Cloudy
2025-02-18,14:00,Chabahil,101,38.6,Low,Fog
2025-02-03,14:00,Lalitpur,100,29.5,Medium,Clear
2025-03-10,12:00,Kalanki,476,33.1,Low,Rain
2025-01-20,11:00,Maharajgunj,98,36.8,Low,Clear
2025-02-18,14:45,Baneshwor,895,59.5,Medium,Clear
2025-01-09,12:45,Bhaktapur,644,29.7,Low,Fog
2025-04-24,8:00,Koteshwor,102,35.6,Low,Cloudy
2025-04-24,15:00,Ratnapark,95,15.3,Low,Rain
2025-01-29,11:45,Ratnapark,54,33.4,High,Clear
2025-03-25,15:30,Chabahil,45,34.5,Medium,Fog
2025-02-16,12:45,Baneshwor,97,34.0,High,Rain
2025-04-08,14:00,Ratnapark,451,40.9,Low,Clear
2025-01-31,10:15,Koteshwor,100,34.8,High,Cloudy
2025-01-10,12:45,Chabahil,188,31.2,Medium,Fog
2025-04-07,9:15,Maharajgunj,101,58.0,High,Cloudy
2025-03-24,15:00,Lalitpur,101,33.0,Low,Cloudy
2025-03-20,12:30,Lalitpur,46,33.1,High,Cloudy
2025-04-11,12:30,Ratnapark,665,55.3,High,Clear
2025-04-29,15:15,Maharajgunj,46,34.8,Medium,Clear
2025-02-21,11:30,Ratnapark,46,37.9,Low,Cloudy
2025-03-31,9:45,Koteshwor,103,9.5,Low,Rain
2025-01-09,11:45,Maharajgunj,99,48.1,High,Fog
2025-04-15,13:00,Maharajgunj,55,49.5,High,Cloudy
2025-01-05,10:30,Ratnapark,52,35.5,High,Clear
2025-04-27,9:00,Kalanki,99,35.6,Medium,Cloudy
2025-03-01,12:30,Maharajgunj,915,31.1,High,Cloudy
2025-01-09,10:45,Ratnapark,99,34.5,Low,Fog
2025-04-29,12:30,Chabahil,45,11.3,Medium,Rain
2025-04-11,13:00,Koteshwor,813,30.9,Medium,Rain
2025-01-31,15:00,Koteshwor,98,32.6,High,Clear
2025-04-29,13:15,Koteshwor,97,35.8,Low,Clear
2025-01-07,14:00,Koteshwor,526,6.9,High,Fog
2025-01-12,14:45,Chabahil,46,39.1,Medium,Cloudy
2025-03-13,12:15,Ratnapark,190,32.3,Low,Cloudy
2025-02-02,11:15,Maharajgunj,95,36.2,Low,Cloudy
2025-04-11,13:00,Baneshwor,806,8.2,High,Rain
2025-03-31,9:00,Kalanki,813,0.0,High,Rain
2025-02-24,13:15,Baneshwor,95,34.9,Medium,Cloudy
2025-04-12,14:30,Kalanki,54,37.1,High,Cloudy
2025-03-21,9:15,Bhaktapur,53,32.8,Low,Rain
2025-02-20,8:00,Ratnapark,46,36.3,Low,Clear
2025-01-23,12:45,Lalitpur,47,35.0,Medium,Fog
2025-02-27,12:15,Ratnapark,493,35.5,High,Clear
2025-04-28,14:45,Ratnapark,546,7.9,High,Clear
2025-04-01,12:45,Maharajgunj,46,32.4,Medium,Cloudy
2025-02-10,12:30,Koteshwor,54,36.6,Medium,Cloudy
2025-04-14,10:45,Bhaktapur,46,33.9,Medium,Clear
2025-03-07,10:00,Koteshwor,95,5.2,High,Rain
2025-02-05,13:45,Chabahil,855,35.7,Medium,Clear
2025-03-19,11:00,Ratnapark,96,34.6,High,Fog
2025-01-01,15:45,Kalanki,297,33.8,Medium,Rain
2025-05-02,10:15,Koteshwor,99,36.6,Low,Rain
2025-03-09,10:45,Chabahil,49,30.5,High,Clear
2025-03-05,9:15,Ratnapark,47,30.9,Low,Cloudy
2025-02-10,8:30,Ratnapark,47,32.7,Medium,Cloudy
2025-01-19,15:30,Kalanki,247,36.4,Low,Clear
2025-03-04,12:15,Chabahil,438,32.1,High,Fog
2025-03-17,12:45,Bhaktapur,98,42.4,Medium,Rain
2025-01-12,10:30,Koteshwor,566,32.9,Medium,Clear
2025-03-12,10:00,Ratnapark,46,20.2,Medium,Fog
2025-04-27,12:45,Ratnapark,672,32.3,Low,Cloudy
2025-03-14,11:15,Chabahil,48,31.1,Low,Rain
2025-05-02,10:15,Lalitpur,100,32.7,Low,Cloudy
2025-05-04,11:45,Lalitpur,98,36.3,High,Rain
2025-01-27,15:45,Lalitpur,52,32.5,Medium,Fog
2025-01-14,12:15,Kalanki,97,34.3,Low,Rain
2025-01-29,8:15,Bhaktapur,47,38.9,Low,Cloudy
2025-03-14,12:15,Ratnapark,185,34.9,Low,Cloudy
2025-04-20,11:30,Baneshwor,933,35.7,Low,Rain
2025-03-05,8:30,Koteshwor,98,33.1,High,Clear
2025-02-28,10:00,Bhaktapur,45,24.3,Low,Fog
2025-02-06,13:45,Chabahil,850,33.9,Medium,Clear
2025-02-18,9:30,Bhaktapur,54,6.5,High,Rain
2025-04-12,12:30,Chabahil,96,37.6,Low,Rain
2025-04-23,8:00,Kalanki,47,34.6,High,Clear
2025-02-18,10:45,Lalitpur,50,35.1,Medium,Rain
2025-04-23,15:00,Bhaktapur,973,1.4,Low,Cloudy
2025-02-05,8:30,Lalitpur,45,34.5,Medium,Clear
2025-02-08,12:30,Koteshwor,812,40.7,High,Clear
2025-03-22,14:15,Maharajgunj,453,36.1,High,Rain
2025-04-26,13:15,Bhaktapur,104,33.7,Medium,Clear
2025-01-07,9:45,Bhaktapur,96,33.5,Medium,Rain
2025-03-07,10:00,Ratnapark,828,58.8,Medium,Cloudy
2025-05-03,11:15,Bhaktapur,101,32.2,Low,Clear
2025-02-01,9:45,Kalanki,103,7.8,Low,Fog
2025-01-16,10:30,Ratnapark,47,35.6,High,Clear
2025-03-10,8:45,Maharajgunj,529,31.9,Low,Fog
2025-03-21,14:15,Lalitpur,697,36.7,High,Rain
2025-05-01,10:00,Bhaktapur,104,49.2,Low,Rain
2025-04-27,14:30,Chabahil,51,34.5,Low,Cloudy
2025-04-01,10:30,Chabahil,48,32.8,High,Clear
2025-03-20,13:15,Lalitpur,48,2.3,Medium,Rain
2025-03-21,14:15,Lalitpur,692,34.2,High,Rain
2025-02-04,14:15,Ratnapark,50,36.2,Medium,Clear
2025-02-18,11:15,Bhaktapur,794,35.0,Medium,Rain
2025-04-12,11:45,Chabahil,49,15.2,Low,Clear
2025-04-15,15:15,Bhaktapur,53,33.1,Medium,Rain
2025-03-12,12:45,Chabahil,434,35.0,Low,Fog
2025-03-28,13:45,Ratnapark,247,35.2,Low,Rain
2025-03-11,12:30,Koteshwor,735,50.2,High,Clear
2025-04-30,14:45,Ratnapark,308,31.9,High,Clear
2025-04-19,12:00,Lalitpur,915,0.1,Low,Fog
2025-04-25,10:30,Maharajgunj,51,32.2,Low,Fog
2025-01-04,15:00,Chabahil,55,17.7,High,Clear
2025-01-16,10:30,Ratnapark,52,34.1,High,Clear
2025-03-19,8:15,Lalitpur,53,0.0,Low,Clear
2025-01-15,14:15,Kalanki,848,16.2,High,Rain
2025-04-28,10:30,Maharajgunj,47,33.6,Low,Fog
2025-03-13,14:15,Bhaktapur,96,35.0,Medium,Clear
2025-03-29,8:00,Ratnapark,612,6.6,High,Fog
2025-02-02,14:15,Maharajgunj,101,35.1,Medium,Clear
2025-01-21,8:15,Chabahil,654,48.2,Low,Cloudy
2025-02-04,14:15,Ratnapark,46,35.3,Medium,Clear
2025-04-29,14:30,Kalanki,694,36.8,Medium,Rain
2025-01-18,10:15,Maharajgunj,48,36.7,Medium,Rain
2025-03-06,8:15,Bhaktapur,194,45.6,Medium,Fog
2025-04-05,10:30,Maharajgunj,46,28.7,Medium,Cloudy
2025-03-16,11:15,Lalitpur,676,40.5,High,Rain
2025-01-26,9:30,Koteshwor,101,34.1,Low,Rain
2025-03-26,13:45,Chabahil,54,34.2,Low,Fog
2025-04-14,10:30,Maharajgunj,95,33.2,High,Rain
2025-04-19,12:45,Ratnapark,100,19.0,High,Cloudy
2025-03-14,10:30,Lalitpur,740,36.4,Medium,Fog
2025-01-18,8:45,Kalanki,47,33.5,Medium,Rain
2025-02-14,15:15,Baneshwor,657,34.9,Low,Clear
2025-01-25,9:30,Chabahil,98,3.6,Low,Rain
2025-04-13,8:45,Koteshwor,51,35.4,Medium,Cloudy
2025-05-02,9:00,Koteshwor,47,33.9,High,Rain
2025-05-03,13:30,Maharajgunj,935,33.5,Low,Clear
2025-03-30,10:30,Chabahil,52,43.6,High,Fog
2025-02-20,12:00,Ratnapark,346,57.0,High,Cloudy
2025-03-25,9:15,Kalanki,341,40.8,Medium,Rain
2025-01-29,11:15,Maharajgunj,96,34.1,Low,Cloudy
2025-04-03,13:45,Lalitpur,49,35.5,Medium,Fog
2025-03-04,9:15,Ratnapark,50,31.2,Low,Cloudy
2025-03-04,10:00,Chabahil,54,45.3,Low,Clear
2025-02-04,10:00,Kalanki,98,33.1,Medium,Clear
2025-02-19,9:30,Bhaktapur,104,5.6,High,Cloudy
2025-03-03,10:00,Ratnapark,830,57.2,Medium,Cloudy
2025-02-27,11:15,Koteshwor,53,15.3,High,Clear
2025-03-25,10:00,Kalanki,355,31.6,Medium,Fog
2025-01-30,15:30,Ratnapark,101,36.5,Low,Cloudy
2025-03-16,10:45,Lalitpur,46,36.5,Medium,Rain
2025-05-03,15:00,Maharajgunj,755,36.6,High,Fog
2025-02-16,14:00,Koteshwor,95,49.1,Low,Clear
2025-02-23,9:15,Maharajgunj,96,33.2,Low,Rain
2025-03-01,8:15,Lalitpur,47,33.4,Medium,Clear
2025-05-04,10:45,Ratnapark,55,38.1,Medium,Rain
2025-02-19,9:15,Maharajgunj,709,37.9,Medium,Rain
2025-04-26,14:15,Bhaktapur,55,16.2,Low,Clear
2025-03-01,12:15,Ratnapark,97,34.0,Medium,Fog
2025-04-04,8:00,Kalanki,104,37.7,Low,Cloudy
2025-04-07,11:30,Lalitpur,867,33.6,Medium,Clear
2025-02-02,9:45,Ratnapark,225,35.5,Low,Cloudy
2025-01-18,8:45,Kalanki,53,37.7,Medium,Rain
2025-03-19,13:15,Kalanki,98,33.3,High,Fog
2025-03-05,9:15,Ratnapark,53,33.7,Low,Cloudy
2025-04-13,14:45,Ratnapark,55,36.0,High,Rain
2025-02-06,14:00,Lalitpur,97,27.9,Medium,Clear
2025-01-21,9:45,Chabahil,45,33.0,Low,Rain
2025-04-10,13:00,Koteshwor,818,21.6,Medium,Rain
2025-02-02,8:45,Bhaktapur,49,39.6,Medium,Rain
2025-01-24,11:15,Ratnapark,334,16.2,High,Cloudy
2025-02-25,15:30,Chabahil,104,35.3,High,Cloudy
2025-03-28,12:45,Kalanki,121,49.1,Medium,Fog
2025-03-30,10:45,Lalitpur,98,37.0,High,Rain
2025-03-14,15:45,Ratnapark,503,32.2,Low,Rain
2025-01-05,10:45,Baneshwor,46,37.6,Medium,Cloudy
2025-02-11,12:30,Koteshwor,47,38.4,Medium,Cloudy
2025-05-03,10:45,Ratnapark,49,35.8,Medium,Rain
2025-02-13,12:30,Baneshwor,98,32.9,Medium,Rain
2025-02-11,13:45,Bhaktapur,46,34.3,Medium,Cloudy
2025-01-10,14:30,Maharajgunj,356,35.9,Low,Rain
2025-05-05,12:45,Chabahil,562,35.5,High,Clear
2025-02-05,8:30,Chabahil,46,35.0,Low,Rain
2025-01-21,15:30,Lalitpur,824,4.6,High,Fog
2025-04-29,10:15,Bhaktapur,872,22.8,High,Clear
2025-03-29,13:30,Koteshwor,191,35.5,High,Clear
2025-02-03,11:30,Koteshwor,283,34.1,High,Clear
2025-04-19,12:45,Ratnapark,101,18.3,High,Cloudy
2025-03-21,11:30,Lalitpur,45,33.8,High,Rain
2025-03-24,15:45,Maharajgunj,100,38.8,Low,Cloudy
2025-04-26,8:15,Kalanki,105,37.9,Low,Fog
2025-04-12,13:15,Ratnapark,736,36.1,Low,Rain
2025-04-21,12:00,Baneshwor,95,37.7,High,Cloudy
2025-05-04,15:15,Bhaktapur,413,38.6,Low,Rain
2025-02-07,12:30,Chabahil,48,35.4,High,Fog
2025-04-06,15:45,Chabahil,104,32.0,Low,Clear
2025-04-25,15:45,Baneshwor,102,2.5,Low,Fog
2025-02-04,9:30,Maharajgunj,116,17.3,Medium,Clear
2025-05-03,13:30,Maharajgunj,938,32.7,Low,Clear
2025-01-11,10:45,Ratnapark,98,32.0,Low,Fog
2025-03-06,9:00,Chabahil,48,36.0,High,Fog
2025-05-01,11:30,Bhaktapur,450,35.6,Medium,Fog
2025-02-02,12:15,Koteshwor,48,32.7,Medium,Clear
2025-01-23,9:45,Chabahil,50,33.5,Low,Rain
2025-01-09,8:00,Chabahil,446,32.3,Low,Fog
2025-05-05,10:00,Bhaktapur,99,33.2,Medium,Fog
2025-03-01,10:00,Bhaktapur,54,20.3,Low,Fog
2025-01-26,15:30,Koteshwor,621,34.6,Low,Rain
2025-03-27,13:15,Maharajgunj,52,36.0,Low,Clear
2025-01-15,11:30,Baneshwor,363,33.3,Low,Cloudy
2025-01-02,8:15,Maharajgunj,55,43.2,High,Unknown
2025-04-08,12:00,Lalitpur,54,35.3,High,Rain
2025-04-21,8:45,Ratnapark,339,22.5,Low,Cloudy
2025-03-25,13:45,Chabahil,53,35.2,Low,Fog
2025-01-26,12:30,Maharajgunj,49,35.7,Medium,Fog
2025-03-18,11:00,Ratnapark,393,39.4,Low,Rain
2025-03-11,11:00,Baneshwor,99,56.1,Low,Fog
2025-02-25,13:00,Lalitpur,47,33.7,Low,Fog
2025-04-30,12:30,Chabahil,55,4.4,Medium,Rain
2025-04-17,15:45,Baneshwor,102,32.2,Low,Fog
2025-04-16,13:15,Baneshwor,103,52.4,High,Clear
2025-01-19,9:30,Baneshwor,760,9.1,Low,Cloudy
2025-01-27,12:30,Maharajgunj,53,35.6,Medium,Fog
2025-03-10,14:15,Bhaktapur,103,35.1,Medium,Clear
2025-01-30,11:15,Maharajgunj,101,37.3,Low,Cloudy
2025-02-12,14:45,Chabahil,729,37.5,Medium,Cloudy
2025-03-23,9:00,Lalitpur,47,8.2,Low,Cloudy
2025-05-05,14:45,Chabahil,722,33.4,Low,Cloudy
2025-02-07,9:30,Ratnapark,47,34.8,Medium,Rain
2025-03-29,10:45,Lalitpur,101,35.2,Medium,Fog
2025-03-03,9:15,Bhaktapur,100,34.5,Medium,Rain
2025-02-17,10:45,Baneshwor,130,35.9,Medium,Fog
2025-03-14,11:30,Chabahil,97,37.0,High,Fog
2025-02-21,15:00,Kalanki,103,38.4,High,Cloudy
2025-04-26,14:30,Bhaktapur,95,36.2,High,Rain
2025-04-09,9:00,Chabahil,54,33.3,High,Fog
2025-04-23,13:45,Bhaktapur,97,27.7,Low,Cloudy
2025-01-28,10:45,Bhaktapur,105,34.8,Low,Rain
2025-01-29,8:15,Bhaktapur,54,36.0,Low,Cloudy
2025-01-13,10:45,Chabahil,55,35.8,High,Rain
2025-04-06,14:30,Baneshwor,51,39.1,Low,Cloudy
2025-03-26,10:00,Kalanki,347,34.1,Medium,Fog
2025-02-03,14:15,Chabahil,97,35.8,High,Cloudy
2025-01-30,14:30,Bhaktapur,96,39.7,Low,Fog
2025-02-23,12:30,Chabahil,53,33.8,High,Clear
2025-02-25,8:30,Chabahil,998,35.3,Low,Fog
2025-03-19,11:00,Koteshwor,48,0.0,Medium,Clear
2025-02-14,13:15,Lalitpur,282,35.2,Medium,Rain
2025-04-29,11:30,Chabahil,100,41.4,Medium,Fog
2025-03-11,14:00,Lalitpur,290,38.1,Low,Rain
2025-03-17,12:45,Chabahil,53,35.3,Medium,Fog
2025-01-18,13:30,Lalitpur,101,3.1,Low,Cloudy
2025-03-19,13:45,Maharajgunj,104,36.7,High,Rain
2025-03-06,11:45,Ratnapark,49,35.4,High,Clear
2025-04-20,10:45,Chabahil,439,17.9,Medium,Clear
2025-04-01,14:15,Bhaktapur,48,32.7,Low,Fog
2025-03-16,8:00,Chabahil,104,35.7,Low,Rain
2025-03-29,12:00,Maharajgunj,594,36.5,Low,Clear
2025-03-14,15:15,Chabahil,96,4.2,Low,Clear
2025-04-21,14:00,Baneshwor,325,23.5,Low,Cloudy
2025-03-09,9:15,Bhaktapur,98,12.9,Medium,Clear
2025-03-20,11:45,Koteshwor,877,43.5,Medium,Fog
2025-04-26,9:00,Kalanki,95,37.3,Medium,Cloudy
2025-02-07,11:45,Lalitpur,47,15.1,Low,Rain
2025-02-22,15:45,Lalitpur,931,32.4,Medium,Clear
2025-04-22,9:15,Maharajgunj,106,34.1,Low,Rain
2025-02-06,15:45,Chabahil,934,7.1,Medium,Rain
2025-01-22,11:00,Maharajgunj,98,35.9,Low,Clear
2025-03-23,15:45,Kalanki,909,38.8,High,Rain
2025-04-05,10:15,Maharajgunj,53,33.5,Medium,Clear
2025-03-28,13:30,Koteshwor,182,37.2,High,Clear
2025-05-03,11:45,Lalitpur,100,35.3,High,Rain
2025-01-13,15:15,Koteshwor,101,35.9,Low,Cloudy
2025-03-21,8:45,Ratnapark,47,31.6,Medium,Cloudy
2025-05-04,15:30,Baneshwor,95,30.2,Low,Cloudy
2025-04-29,13:15,Koteshwor,101,32.1,Low,Clear
2025-02-23,10:15,Maharajgunj,969,34.0,High,Clear
2025-02-04,10:15,Koteshwor,54,44.2,High,Clear
2025-04-05,15:30,Maharajgunj,100,30.3,Medium,Fog
2025-02-08,13:00,Ratnapark,104,35.2,High,Rain
2025-01-25,13:15,Kalanki,98,56.3,Medium,Clear
2025-02-11,15:00,Lalitpur,105,37.7,Medium,Fog
2025-04-05,9:15,Koteshwor,50,33.2,High,Cloudy
2025-01-09,14:30,Baneshwor,55,36.0,High,Clear
2025-01-08,11:15,Koteshwor,286,4.2,High,Rain
2025-04-10,8:15,Koteshwor,392,36.6,High,Rain
2025-03-26,14:30,Baneshwor,102,34.5,Low,Cloudy
2025-02-19,15:30,Chabahil,671,35.9,High,Clear
2025-03-27,9:15,Maharajgunj,46,37.2,High,Cloudy
2025-03-07,10:45,Chabahil,51,26.7,High,Clear
2025-04-15,15:15,Bhaktapur,53,35.5,Medium,Rain
2025-05-03,10:45,Ratnapark,53,31.2,Medium,Rain
2025-02-23,13:00,Koteshwor,351,36.4,Medium,Rain
2025-01-13,12:30,Baneshwor,390,27.9,Low,Clear
2025-05-05,9:45,Bhaktapur,100,32.5,High,Fog
2025-02-27,14:45,Chabahil,102,34.8,High,Clear
2025-04-20,12:45,Maharajgunj,745,36.8,Low,Rain
2025-04-01,14:15,Lalitpur,46,35.1,Medium,Fog
2025-05-05,11:30,Bhaktapur,441,35.3,Medium,Fog
2025-03-01,13:45,Baneshwor,488,31.2,Low,Cloudy
2025-02-05,15:15,Chabahil,96,34.1,Low,Clear
2025-02-03,10:00,Kalanki,104,34.8,Medium,Clear
2025-02-11,14:15,Ratnapark,488,35.1,Medium,Cloudy
2025-03-30,8:00,Ratnapark,48,28.6,Low,Cloudy
2025-02-20,12:45,Baneshwor,95,34.9,High,Rain
2025-04-20,11:00,Baneshwor,51,38.1,Medium,Fog
2025-01-14,13:45,Maharajgunj,52,34.2,High,Clear
2025-03-26,10:45,Lalitpur,99,32.5,Medium,Fog
2025-01-26,9:30,Baneshwor,46,34.7,Medium,Rain
2025-04-18,12:00,Baneshwor,52,9.6,Low,Clear
2025-04-07,8:45,Baneshwor,95,10.3,Medium,Clear
2025-05-05,14:30,Maharajgunj,51,35.3,Medium,Rain
2025-02-15,9:00,Kalanki,95,39.6,Low,Clear
2025-01-29,12:30,Bhaktapur,50,33.8,High,Fog
2025-01-05,10:45,Baneshwor,50,35.3,Medium,Cloudy
2025-04-01,9:30,Maharajgunj,782,46.9,Medium,Rain
2025-01-11,12:45,Bhaktapur,644,30.5,Low,Fog
2025-04-11,14:00,Lalitpur,46,38.3,Low,Rain
2025-03-11,9:45,Maharajgunj,103,14.1,Low,Cloudy
2025-04-23,11:15,Baneshwor,672,33.0,Medium,Clear
2025-03-22,15:30,Ratnapark,49,48.4,Medium,Cloudy
2025-03-24,8:45,Ratnapark,51,34.0,Medium,Cloudy
2025-03-20,14:30,Baneshwor,100,35.9,Medium,Rain
2025-05-02,12:30,Kalanki,46,35.2,Medium,Cloudy
2025-03-23,13:00,Chabahil,55,5.8,Medium,Cloudy
2025-01-16,10:30,Baneshwor,605,37.2,High,Clear
2025-02-02,9:45,Koteshwor,99,33.1,High,Clear
2025-03-31,13:45,Baneshwor,98,26.6,Low,Clear
2025-01-01,15:00,Chabahil,47,26.4,High,Clear
2025-03-03,10:00,Chabahil,46,45.1,Low,Clear
2025-01-06,13:00,Lalitpur,54,36.2,High,Clear
2025-04-24,9:00,Kalanki,96,35.1,Medium,Cloudy
2025-02-24,9:45,Koteshwor,767,35.5,Medium,Rain
2025-04-01,8:00,Ratnapark,604,5.0,High,Fog
2025-02-04,13:45,Chabahil,852,35.3,Medium,Clear
2025-01-07,9:45,Kalanki,47,35.1,Low,Clear
2025-04-12,10:45,Bhaktapur,53,33.2,Medium,Clear
2025-03-17,9:45,Chabahil,663,33.9,Low,Clear
2025-03-04,11:30,Lalitpur,105,38.0,Medium,Cloudy
2025-03-12,13:45,Koteshwor,47,34.7,Low,Fog
2025-03-04,10:45,Koteshwor,155,40.1,Low,Cloudy
2025-04-10,12:45,Bhaktapur,53,31.5,Low,Clear
2025-03-28,14:45,Koteshwor,310,34.0,High,Fog
2025-02-13,11:15,Chabahil,466,31.9,Medium,Clear
2025-02-11,11:00,Bhaktapur,98,32.6,Low,Clear
2025-02-06,13:45,Ratnapark,49,33.3,High,Fog
2025-04-24,8:45,Koteshwor,52,10.6,High,Clear
2025-03-28,15:00,Chabahil,97,35.5,High,Cloudy
2025-05-03,11:15,Bhaktapur,96,33.6,Low,Clear
2025-01-26,15:30,Koteshwor,616,30.5,Low,Rain
2025-02-26,11:30,Baneshwor,989,52.0,Low,Fog
2025-05-01,12:45,Ratnapark,677,34.4,Low,Cloudy
2025-02-10,8:45,Bhaktapur,95,32.8,Low,Clear
2025-01-07,9:45,Kalanki,51,35.5,Low,Clear
2025-03-03,8:30,Bhaktapur,103,35.4,Medium,Fog
2025-04-05,11:30,Lalitpur,859,34.4,Medium,Clear
2025-03-05,15:00,Ratnapark,47,35.3,Medium,Clear
2025-01-11,9:30,Maharajgunj,241,38.7,Low,Fog
2025-01-02,15:45,Kalanki,291,36.5,Medium,Rain
2025-02-06,9:15,Lalitpur,957,33.0,Low,Cloudy
2025-02-16,13:00,Koteshwor,221,33.8,High,Rain
2025-02-27,15:45,Chabahil,315,40.3,Medium,Fog
2025-02-22,15:45,Lalitpur,930,37.4,Medium,Clear
2025-02-06,11:45,Maharajgunj,821,38.2,Low,Rain
2025-02-26,15:00,Chabahil,102,37.1,High,Clear
2025-03-19,13:15,Kalanki,100,34.4,High,Fog
2025-01-20,12:45,Bhaktapur,101,31.9,Low,Clear
2025-03-12,11:15,Chabahil,53,37.8,Low,Rain
2025-03-12,13:30,Koteshwor,100,59.7,High,Clear
2025-04-25,11:15,Baneshwor,670,33.7,Medium,Clear
2025-03-29,12:00,Maharajgunj,590,36.8,Low,Clear
2025-01-06,10:30,Ratnapark,55,34.3,High,Clear
2025-04-19,11:00,Baneshwor,47,38.0,Medium,Fog
2025-03-19,14:15,Ratnapark,54,31.0,Medium,Cloudy
2025-02-24,11:00,Kalanki,361,40.0,High,Clear
2025-01-29,8:30,Kalanki,495,15.6,Low,Fog
2025-03-12,14:15,Bhaktapur,105,38.6,Medium,Clear
2025-04-16,10:15,Bhaktapur,104,34.1,High,Rain
2025-03-16,12:45,Chabahil,45,35.8,Medium,Fog
2025-04-15,11:45,Ratnapark,48,30.1,Medium,Clear
2025-03-09,15:45,Bhaktapur,47,45.7,Low,Fog
2025-03-29,12:30,Kalanki,99,27.8,Medium,Cloudy
2025-01-22,9:15,Maharajgunj,103,39.8,High,Fog
2025-01-19,14:00,Koteshwor,102,36.0,Low,Clear
2025-04-18,15:30,Baneshwor,103,36.4,Low,Cloudy
2025-02-27,11:45,Koteshwor,727,34.1,Medium,Fog
2025-02-15,11:00,Maharajgunj,52,28.1,High,Clear
2025-03-15,9:45,Baneshwor,305,21.2,Medium,Clear
2025-04-11,10:00,Baneshwor,99,35.2,Low,Rain
2025-02-20,11:00,Kalanki,362,36.3,High,Clear
2025-01-11,15:15,Koteshwor,49,34.3,High,Fog
2025-05-02,8:45,Maharajgunj,47,39.1,High,Fog
2025-03-15,11:00,Ratnapark,392,34.2,Low,Rain
2025-04-21,11:00,Lalitpur,833,34.2,Low,Cloudy
2025-03-07,8:30,Ratnapark,218,24.2,High,Cloudy
2025-01-24,15:30,Bhaktapur,675,35.4,Low,Fog
2025-01-21,8:15,Chabahil,661,49.7,Low,Cloudy
2025-02-14,9:15,Chabahil,323,32.1,High,Cloudy
2025-05-03,8:00,Lalitpur,104,35.8,Medium,Rain
2025-02-16,12:45,Ratnapark,100,36.1,High,Cloudy
2025-04-11,14:45,Bhaktapur,45,34.2,Low,Rain
2025-03-19,8:45,Ratnapark,881,8.2,Medium,Rain
2025-01-13,11:15,Kalanki,46,30.4,High,Cloudy
2025-05-02,9:45,Bhaktapur,102,36.6,High,Fog
2025-02-02,8:45,Maharajgunj,55,36.4,Medium,Fog
2025-02-01,11:45,Ratnapark,47,36.1,High,Clear
2025-03-30,14:45,Baneshwor,152,35.4,Medium,Fog
2025-04-03,13:00,Baneshwor,100,36.1,High,Cloudy
2025-04-29,13:45,Koteshwor,100,38.7,Medium,Fog
2025-03-15,12:00,Baneshwor,112,21.5,Medium,Rain
2025-04-13,11:45,Bhaktapur,49,35.6,High,Clear
2025-02-06,8:45,Maharajgunj,46,34.6,Medium,Fog
2025-04-06,15:15,Baneshwor,104,14.8,Medium,Clear
2025-02-07,12:30,Koteshwor,813,41.4,High,Clear
2025-03-25,12:00,Lalitpur,102,33.9,Low,Rain
2025-02-28,14:30,Lalitpur,476,32.0,Medium,Clear
2025-02-18,10:00,Koteshwor,733,49.9,Low,Cloudy
2025-02-15,15:30,Ratnapark,54,33.4,High,Rain
2025-02-28,15:30,Bhaktapur,783,48.1,Medium,Cloudy
2025-02-25,12:45,Ratnapark,552,35.3,Low,Fog
2025-01-13,8:30,Baneshwor,45,37.8,Medium,Rain
2025-03-22,14:30,Koteshwor,99,33.7,High,Rain
2025-04-09,14:45,Baneshwor,101,36.7,Low,Rain
2025-04-24,14:30,Bhaktapur,95,40.7,High,Rain
2025-02-23,15:45,Lalitpur,928,35.7,Medium,Clear
2025-01-19,13:30,Lalitpur,103,6.7,Low,Cloudy
2025-02-06,15:00,Lalitpur,97,51.4,Medium,Clear
2025-02-26,9:45,Koteshwor,769,32.2,Medium,Rain
2025-04-09,11:30,Kalanki,277,36.2,Medium,Fog
2025-04-23,13:45,Maharajgunj,700,35.6,High,Clear
2025-04-20,14:30,Baneshwor,49,34.5,Low,Cloudy
2025-03-29,15:30,Maharajgunj,98,33.2,High,Fog
2025-03-27,9:30,Bhaktapur,105,36.4,High,Rain
2025-04-02,13:45,Lalitpur,46,33.1,Medium,Fog
2025-01-06,10:30,Ratnapark,708,39.3,Low,Rain
2025-02-09,9:30,Ratnapark,49,35.2,Medium,Rain
2025-04-26,9:00,Kalanki,105,32.6,Medium,Cloudy
2025-01-23,11:15,Ratnapark,326,18.0,High,Cloudy
2025-01-17,14:45,Ratnapark,98,34.4,Medium,Cloudy
2025-03-15,13:30,Kalanki,95,45.8,Low,Cloudy
2025-02-22,9:45,Bhaktapur,48,6.2,Medium,Rain
2025-04-27,14:30,Chabahil,51,34.8,Low,Cloudy
2025-04-26,11:15,Baneshwor,97,33.9,Medium,Clear
2025-03-21,10:45,Koteshwor,623,36.0,High,Rain
2025-04-18,14:00,Kalanki,102,6.0,Low,Clear
2025-02-16,10:15,Maharajgunj,50,32.7,High,Fog
2025-04-09,10:00,Baneshwor,100,34.6,Low,Fog
2025-05-05,12:00,Koteshwor,95,34.4,High,Clear
2025-03-31,15:15,Chabahil,49,19.8,Low,Clear
2025-02-13,10:45,Kalanki,303,37.9,Low,Clear
2025-03-22,12:45,Chabahil,363,37.4,High,Rain
2025-02-17,8:30,Ratnapark,45,34.4,High,Rain
2025-04-19,13:45,Maharajgunj,52,36.7,Low,Clear
2025-02-21,12:00,Ratnapark,342,55.1,High,Cloudy
2025-01-26,12:15,Kalanki,51,35.1,Low,Fog
2025-04-14,15:45,Baneshwor,54,19.3,Medium,Rain
2025-02-12,14:00,Chabahil,1001,38.3,High,Rain
2025-03-17,10:15,Maharajgunj,104,13.7,High,Rain
2025-04-17,8:30,Bhaktapur,48,37.9,Low,Fog
2025-03-13,15:45,Bhaktapur,105,35.8,Low,Cloudy
2025-03-09,8:15,Bhaktapur,970,39.8,Medium,Rain
2025-04-21,9:15,Maharajgunj,110,38.1,Low,Rain
2025-04-16,12:45,Kalanki,184,0.0,Medium,Clear
2025-04-18,10:15,Bhaktapur,103,33.4,High,Rain
2025-03-17,11:15,Lalitpur,677,40.3,High,Rain
2025-05-01,10:00,Bhaktapur,99,37.8,Medium,Fog
2025-01-24,12:45,Ratnapark,51,37.1,High,Rain
2025-01-06,10:45,Baneshwor,50,36.8,Medium,Cloudy
2025-03-13,11:30,Chabahil,104,34.4,High,Fog
2025-02-20,12:15,Chabahil,103,34.3,High,Fog
2025-03-31,15:15,Chabahil,52,21.7,Low,Clear
2025-04-15,10:45,Bhaktapur,52,34.7,Medium,Clear
2025-03-08,11:30,Lalitpur,97,36.8,Medium,Cloudy
2025-03-29,12:00,Maharajgunj,597,36.7,Low,Clear
2025-04-27,14:45,Ratnapark,309,36.2,High,Clear
2025-02-12,8:00,Chabahil,101,45.9,High,Clear
2025-01-17,10:30,Baneshwor,613,35.3,High,Clear
2025-03-12,14:00,Lalitpur,298,35.8,Low,Rain
2025-03-11,11:30,Bhaktapur,816,35.3,Low,Clear
2025-01-01,8:15,Maharajgunj,48,41.5,High,Unknown
2025-01-23,10:00,Maharajgunj,840,32.4,Medium,Cloudy
2025-03-24,11:30,Lalitpur,52,35.9,High,Rain
2025-01-02,12:30,Kalanki,897,34.3,Low,Cloudy
2025-02-06,11:45,Maharajgunj,823,36.1,Low,Rain
2025-03-16,8:45,Ratnapark,879,2.7,Medium,Rain
2025-03-02,13:30,Koteshwor,767,54.8,Low,Rain
2025-01-12,14:15,Kalanki,857,20.0,High,Rain
2025-02-05,13:45,Chabahil,853,35.6,Medium,Clear
2025-02-28,11:30,Baneshwor,984,48.6,Low,Fog
2025-01-26,14:45,Lalitpur,102,36.7,Low,Cloudy
2025-04-30,11:15,Bhaktapur,96,35.8,Low,Clear
2025-02-10,9:15,Lalitpur,953,35.5,Low,Cloudy
2025-03-19,10:45,Koteshwor,618,37.1,High,Rain
2025-01-17,11:15,Maharajgunj,810,37.9,Low,Rain
2025-02-01,13:00,Chabahil,50,56.5,High,Cloudy
2025-02-26,15:30,Chabahil,96,32.9,Low,Fog
2025-03-08,8:45,Maharajgunj,526,28.4,Low,Fog
2025-01-23,10:30,Maharajgunj,651,32.0,Medium,Cloudy
2025-04-23,12:00,Baneshwor,105,34.9,High,Cloudy
2025-01-20,12:45,Bhaktapur,102,36.2,Low,Clear
2025-02-15,13:00,Koteshwor,225,35.0,High,Rain
2025-04-01,8:00,Ratnapark,608,6.9,High,Fog
2025-02-27,15:45,Chabahil,317,41.3,Medium,Fog
2025-04-07,10:15,Maharajgunj,48,35.3,Medium,Clear
2025-04-02,15:30,Maharajgunj,96,35.7,High,Fog
2025-03-31,12:00,Lalitpur,46,37.3,Medium,Clear
2025-04-21,13:45,Maharajgunj,698,34.8,High,Clear
2025-04-22,10:30,Bhaktapur,99,39.1,Medium,Clear
2025-03-26,11:15,Baneshwor,101,34.1,Low,Rain
2025-02-11,8:45,Bhaktapur,105,39.0,Low,Clear
2025-03-30,8:00,Ratnapark,45,29.1,Low,Cloudy
2025-03-24,14:00,Ratnapark,542,36.0,Low,Fog
2025-02-25,11:00,Maharajgunj,49,49.7,Low,Fog
2025-03-18,14:45,Lalitpur,46,54.2,High,Fog
2025-03-04,12:15,Chabahil,440,34.0,High,Fog
2025-03-31,12:00,Maharajgunj,590,35.6,Low,Clear
2025-04-11,12:00,Baneshwor,669,33.7,High,Fog
2025-02-25,10:00,Maharajgunj,46,6.9,Medium,Clear
2025-05-01,11:30,Bhaktapur,450,33.7,Medium,Fog
2025-01-12,9:15,Kalanki,382,38.4,Medium,Cloudy
2025-01-17,12:30,Chabahil,230,33.0,Medium,Rain
2025-04-08,14:30,Baneshwor,50,32.3,Low,Cloudy
2025-02-10,11:45,Maharajgunj,825,36.9,Low,Rain
2025-02-17,9:00,Lalitpur,925,47.8,Low,Rain
2025-04-09,15:15,Chabahil,104,36.0,Low,Rain
2025-03-26,15:30,Chabahil,52,34.4,Medium,Fog
2025-01-06,10:45,Baneshwor,47,32.4,Medium,Cloudy
2025-05-02,10:00,Bhaktapur,100,34.8,Medium,Fog
2025-04-10,15:15,Chabahil,51,37.5,High,Rain
2025-04-17,12:45,Lalitpur,545,32.0,Medium,Cloudy
2025-01-17,13:15,Baneshwor,105,35.5,High,Rain
2025-01-28,8:00,Baneshwor,905,37.2,Low,Rain
2025-03-03,8:15,Lalitpur,45,32.9,Medium,Clear
2025-04-16,10:15,Bhaktapur,101,34.3,High,Rain
2025-04-18,13:00,Maharajgunj,105,35.8,Medium,Fog
2025-02-05,11:45,Maharajgunj,47,34.7,Low,Clear
2025-04-30,8:00,Chabahil,47,34.5,Medium,Rain
2025-01-28,8:15,Bhaktapur,49,32.6,Low,Cloudy
2025-03-16,8:45,Maharajgunj,105,30.8,High,Clear
2025-01-12,10:15,Chabahil,100,36.6,High,Fog
2025-04-04,15:30,Maharajgunj,96,35.5,Medium,Fog
2025-02-20,14:00,Koteshwor,97,50.8,Low,Clear
2025-03-16,11:30,Chabahil,100,34.1,High,Fog
2025-03-12,9:45,Baneshwor,304,20.6,Medium,Clear
2025-04-10,8:00,Lalitpur,651,35.0,High,Rain
2025-01-11,9:15,Kalanki,381,36.7,Medium,Cloudy
2025-02-28,10:00,Bhaktapur,47,19.5,Low,Fog
2025-03-27,15:00,Baneshwor,55,3.6,Low,Clear
2025-03-22,9:00,Lalitpur,50,9.0,Low,Cloudy
2025-03-09,9:45,Maharajgunj,105,17.7,Low,Cloudy
2025-03-21,14:15,Ratnapark,49,31.9,Medium,Cloudy
2025-03-30,13:15,Kalanki,856,37.5,High,Fog
2025-02-18,10:45,Lalitpur,55,35.4,Medium,Rain
2025-05-02,12:15,Baneshwor,50,38.5,Medium,Cloudy
2025-02-14,15:15,Lalitpur,100,32.3,Medium,Rain
2025-02-09,13:30,Kalanki,218,9.3,Medium,Cloudy
2025-02-03,13:15,Lalitpur,55,35.4,High,Rain
2025-01-10,11:30,Kalanki,787,36.2,Low,Cloudy
2025-05-05,12:30,Kalanki,49,33.4,Medium,Cloudy
2025-02-02,13:45,Chabahil,849,38.4,Medium,Clear
2025-02-26,10:30,Maharajgunj,102,35.0,Medium,Clear
2025-01-27,11:30,Koteshwor,361,47.8,Low,Clear
2025-04-22,10:15,Chabahil,51,35.0,Medium,Rain
2025-02-09,9:00,Baneshwor,99,31.4,High,Cloudy
2025-04-17,13:45,Chabahil,654,40.6,High,Fog
2025-02-14,13:30,Ratnapark,53,4.1,Medium,Rain
2025-01-29,10:15,Koteshwor,105,35.1,High,Cloudy
2025-03-15,13:00,Lalitpur,934,34.8,Low,Rain
2025-01-07,10:30,Ratnapark,713,36.9,Low,Rain
2025-01-16,10:30,Baneshwor,609,37.0,High,Clear
2025-01-28,15:00,Maharajgunj,47,29.2,High,Clear
2025-05-02,12:30,Chabahil,52,10.3,Medium,Rain
2025-02-08,8:30,Chabahil,45,35.1,Low,Rain
2025-02-21,13:30,Ratnapark,47,32.4,Low,Clear
2025-03-09,15:45,Bhaktapur,55,45.8,Low,Fog
2025-02-09,10:15,Bhaktapur,101,39.5,Medium,Cloudy
2025-04-16,13:00,Maharajgunj,48,50.1,High,Cloudy
2025-02-04,14:00,Lalitpur,101,30.2,Medium,Clear
2025-02-24,15:00,Chabahil,105,38.6,High,Clear
2025-01-15,14:15,Chabahil,99,33.3,Low,Rain
2025-03-29,11:15,Baneshwor,100,31.3,Low,Rain
2025-02-24,11:00,Maharajgunj,51,52.3,Low,Fog
2025-03-22,12:00,Chabahil,54,16.5,High,Rain
2025-02-23,13:15,Lalitpur,498,32.3,Low,Fog
2025-02-16,15:30,Chabahil,669,34.8,High,Clear
2025-01-12,11:15,Koteshwor,283,5.5,High,Rain
2025-05-02,14:45,Chabahil,728,34.7,Low,Cloudy
2025-03-26,11:00,Maharajgunj,664,9.4,Medium,Clear
2025-01-02,15:00,Maharajgunj,759,34.6,Low,Clear
2025-01-23,14:15,Lalitpur,132,31.0,High,Clear
2025-02-19,9:15,Maharajgunj,714,31.1,Medium,Rain
2025-04-25,12:15,Baneshwor,46,58.7,Medium,Clear
2025-04-14,8:45,Koteshwor,96,32.3,Medium,Rain
2025-02-28,9:00,Baneshwor,97,36.3,High,Fog
2025-01-26,8:30,Ratnapark,98,31.9,Low,Fog
2025-01-23,9:45,Chabahil,50,37.0,Low,Rain
2025-01-21,9:15,Koteshwor,193,34.2,High,Clear
2025-04-22,15:30,Baneshwor,104,33.9,High,Cloudy
2025-01-05,10:45,Baneshwor,54,35.6,Medium,Cloudy
2025-01-10,14:30,Baneshwor,51,33.3,High,Clear
2025-01-02,11:15,Kalanki,296,35.6,High,Clear
2025-02-16,8:45,Ratnapark,46,21.5,High,Fog
2025-01-11,14:30,Maharajgunj,347,34.9,Low,Rain
2025-03-16,12:30,Koteshwor,98,35.8,High,Fog
2025-03-31,10:15,Ratnapark,580,32.7,High,Rain
2025-04-17,8:30,Kalanki,47,46.5,Low,Fog
2025-01-13,10:15,Chabahil,100,35.5,High,Fog
2025-03-23,13:45,Maharajgunj,99,34.9,High,Rain
2025-02-18,10:00,Koteshwor,731,51.3,Low,Cloudy
2025-05-02,11:15,Bhaktapur,96,35.7,Low,Clear
2025-04-29,10:15,Koteshwor,102,35.1,Low,Rain
2025-03-29,9:00,Kalanki,810,1.2,High,Rain
2025-02-05,11:00,Lalitpur,105,35.2,Low,Clear
2025-02-25,11:45,Kalanki,46,31.0,Low,Fog
2025-03-27,9:15,Maharajgunj,463,31.5,High,Clear
2025-05-01,8:00,Koteshwor,103,38.9,Medium,Fog
2025-01-01,14:15,Baneshwor,397,35.0,Low,Fog
2025-01-26,9:30,Chabahil,95,6.9,Low,Rain
2025-02-24,12:00,Koteshwor,101,34.3,Medium,Fog
2025-03-14,15:00,Baneshwor,53,34.9,Low,Fog
2025-04-19,10:15,Chabahil,50,34.1,Medium,Rain
2025-01-27,10:45,Chabahil,669,39.9,High,Clear
2025-03-16,11:15,Chabahil,46,35.5,Low,Rain
2025-01-20,14:30,Koteshwor,98,33.9,Medium,Fog
2025-04-14,15:15,Bhaktapur,48,31.7,Medium,Rain
2025-03-26,12:30,Kalanki,96,29.9,Medium,Cloudy
2025-01-25,8:00,Baneshwor,912,34.7,Low,Rain
2025-03-01,8:15,Baneshwor,557,36.5,High,Fog
2025-05-02,11:45,Ratnapark,97,13.7,High,Fog
2025-02-25,10:30,Maharajgunj,98,34.1,Medium,Clear
2025-02-24,12:15,Ratnapark,500,36.3,High,Clear
2025-03-04,12:15,Kalanki,104,34.8,Medium,Rain
2025-03-05,8:15,Lalitpur,350,33.0,High,Cloudy
2025-01-15,15:45,Kalanki,404,37.3,High,Clear
2025-02-23,9:15,Maharajgunj,99,34.7,Low,Rain
2025-04-16,8:30,Bhaktapur,51,36.0,Low,Fog
2025-04-25,9:00,Kalanki,102,35.8,Medium,Cloudy
2025-04-14,13:15,Baneshwor,99,53.3,High,Clear
2025-03-15,9:45,Chabahil,664,31.9,Low,Clear
2025-02-14,11:15,Chabahil,470,33.8,Medium,Clear
2025-02-22,11:30,Baneshwor,291,51.4,Low,Cloudy
2025-04-30,13:30,Maharajgunj,935,33.3,Low,Clear
2025-03-29,10:30,Chabahil,53,35.9,High,Clear
2025-03-24,15:00,Lalitpur,96,37.4,Low,Cloudy
2025-02-26,11:45,Kalanki,47,37.7,Low,Fog
2025-01-28,11:15,Ratnapark,45,14.3,Low,Rain
2025-03-07,10:00,Ratnapark,829,60.6,Medium,Cloudy
2025-04-21,10:15,Chabahil,49,35.9,Medium,Rain
2025-01-05,14:45,Baneshwor,55,36.2,Medium,Cloudy
2025-02-18,8:00,Lalitpur,95,33.2,Low,Rain
2025-03-21,12:15,Ratnapark,106,38.6,High,Fog
2025-04-24,15:00,Bhaktapur,967,3.9,Low,Cloudy
2025-02-26,11:15,Koteshwor,45,17.9,High,Clear
2025-04-20,12:45,Ratnapark,96,21.4,High,Cloudy
2025-05-03,8:30,Maharajgunj,210,36.1,Low,Cloudy
2025-02-17,12:45,Baneshwor,103,32.9,High,Rain
2025-02-13,14:00,Chabahil,1000,34.7,High,Rain
2025-02-28,8:30,Chabahil,989,31.7,Low,Fog
2025-03-15,11:00,Ratnapark,389,35.8,Low,Rain
2025-01-12,14:30,Maharajgunj,348,35.7,Low,Rain
2025-03-13,11:30,Bhaktapur,813,34.9,Low,Clear
2025-04-11,10:00,Baneshwor,105,37.4,Low,Rain
2025-03-28,10:30,Chabahil,47,44.1,High,Fog
2025-01-19,8:45,Bhaktapur,95,34.5,High,Fog
2025-02-23,14:30,Bhaktapur,771,35.0,Low,Fog
2025-02-15,8:30,Ratnapark,47,31.3,High,Rain
2025-02-28,13:30,Chabahil,226,34.5,Low,Fog
2025-01-30,13:00,Chabahil,98,30.0,Medium,Clear
2025-03-16,8:45,Maharajgunj,95,33.8,High,Clear
2025-04-17,9:00,Bhaktapur,45,54.7,Low,Fog
2025-02-03,8:45,Maharajgunj,46,35.9,Medium,Fog
2025-04-20,10:00,Kalanki,123,33.8,Low,Cloudy
2025-01-16,9:00,Maharajgunj,102,7.1,Low,Cloudy
2025-05-02,10:15,Lalitpur,96,32.9,Low,Cloudy
2025-02-03,10:00,Bhaktapur,55,35.0,Medium,Clear
2025-03-11,15:15,Chabahil,96,10.9,Low,Clear
2025-05-04,13:45,Ratnapark,55,39.7,Medium,Cloudy
2025-03-04,12:15,Chabahil,443,35.1,High,Fog
2025-01-15,8:45,Baneshwor,104,50.3,Low,Cloudy
2025-01-15,9:00,Maharajgunj,104,5.0,Low,Cloudy
2025-03-14,10:15,Maharajgunj,102,10.4,High,Rain
2025-01-24,10:15,Bhaktapur,50,35.7,High,Cloudy
2025-01-19,11:30,Baneshwor,370,34.0,Low,Cloudy
2025-04-23,8:45,Koteshwor,48,11.8,High,Clear
2025-01-06,9:45,Kalanki,47,38.1,Low,Clear
2025-01-14,11:15,Kalanki,45,35.7,High,Cloudy
2025-03-27,10:00,Kalanki,355,35.2,Medium,Fog
2025-04-02,9:30,Maharajgunj,780,46.6,Medium,Rain
2025-04-12,10:30,Lalitpur,53,36.5,Medium,Fog
2025-01-24,15:30,Koteshwor,618,32.7,Low,Rain
2025-02-15,14:00,Ratnapark,50,34.2,Low,Fog
2025-04-14,12:45,Lalitpur,540,31.9,Medium,Cloudy
2025-01-13,8:45,Bhaktapur,550,37.1,Medium,Fog
2025-01-09,14:45,Baneshwor,153,34.1,Low,Cloudy
2025-02-23,15:45,Chabahil,313,38.2,Medium,Fog
2025-03-27,12:00,Ratnapark,48,8.6,Low,Cloudy
2025-03-04,15:30,Kalanki,47,32.6,High,Clear
2025-05-02,13:45,Koteshwor,105,35.7,Medium,Fog
2025-01-12,14:15,Kalanki,854,14.8,High,Rain
2025-04-09,12:00,Baneshwor,539,36.4,Medium,Fog
2025-02-06,15:45,Chabahil,105,9.8,Medium,Clear
2025-01-07,12:45,Bhaktapur,649,35.1,Low,Fog
2025-01-07,14:30,Ratnapark,102,33.1,High,Fog
2025-01-22,9:30,Baneshwor,104,32.6,Low,Clear
2025-03-03,15:45,Ratnapark,639,35.1,Low,Rain
2025-02-11,13:30,Maharajgunj,54,35.1,Medium,Clear
2025-04-30,10:15,Chabahil,96,34.7,High,Cloudy
2025-03-30,11:30,Kalanki,48,34.4,Low,Cloudy
2025-02-19,10:00,Kalanki,55,19.4,Medium,Rain
2025-04-21,11:00,Lalitpur,828,35.9,Low,Cloudy
2025-04-16,12:00,Baneshwor,47,14.9,Low,Clear
2025-02-20,8:00,Ratnapark,47,37.5,Low,Clear
2025-02-16,13:00,Koteshwor,222,38.4,High,Rain
2025-05-05,15:30,Baneshwor,95,32.9,Low,Cloudy
2025-04-29,13:15,Koteshwor,95,36.2,Low,Clear
2025-03-15,12:15,Ratnapark,187,34.1,Low,Cloudy
2025-02-15,13:15,Lalitpur,273,31.7,Medium,Rain
2025-02-24,14:45,Lalitpur,104,38.0,Low,Rain
2025-01-15,14:15,Kalanki,854,17.4,High,Rain
2025-03-13,8:45,Maharajgunj,96,32.9,High,Clear
2025-04-10,15:15,Maharajgunj,114,34.2,Low,Rain
2025-03-06,9:30,Koteshwor,54,33.4,High,Cloudy
2025-02-16,10:15,Maharajgunj,54,33.6,High,Fog
2025-05-02,9:00,Ratnapark,889,24.6,High,Fog
2025-02-21,14:45,Baneshwor,897,63.5,Medium,Clear
2025-03-11,14:15,Bhaktapur,98,33.7,Medium,Clear
2025-02-11,8:15,Ratnapark,45,38.3,Medium,Fog
2025-01-19,9:30,Lalitpur,97,36.7,High,Cloudy
2025-02-15,11:15,Ratnapark,98,35.8,High,Clear
2025-04-21,11:00,Ratnapark,46,36.5,High,Cloudy
2025-03-09,12:30,Lalitpur,742,18.0,Low,Rain
2025-02-21,15:00,Maharajgunj,46,52.6,High,Rain
2025-03-21,12:30,Lalitpur,55,36.1,High,Cloudy
2025-02-08,9:00,Lalitpur,95,31.7,Low,Rain
2025-03-26,15:30,Ratnapark,54,52.6,Medium,Cloudy
2025-03-03,9:00,Chabahil,46,36.6,High,Fog
2025-04-27,10:15,Chabahil,100,34.4,High,Cloudy
2025-01-15,15:15,Bhaktapur,47,53.3,High,Rain
2025-04-23,12:15,Baneshwor,54,57.8,Medium,Clear
2025-01-21,9:30,Lalitpur,99,32.2,High,Cloudy
2025-02-28,12:45,Bhaktapur,95,31.9,Low,Clear
2025-03-07,11:45,Chabahil,126,31.9,Low,Rain
2025-02-07,11:30,Koteshwor,281,36.3,High,Clear
2025-01-14,15:30,Ratnapark,103,30.0,Low,Cloudy
2025-04-12,9:00,Chabahil,48,33.7,High,Fog
2025-04-23,10:30,Bhaktapur,96,33.5,Medium,Clear
2025-01-15,12:15,Kalanki,97,34.4,Low,Rain
2025-01-29,11:45,Ratnapark,49,31.3,High,Clear
2025-04-10,14:00,Ratnapark,104,35.8,Low,Rain
2025-03-25,12:15,Lalitpur,50,32.5,High,Fog
2025-04-08,15:15,Maharajgunj,115,37.3,Low,Rain
2025-04-15,15:15,Bhaktapur,48,33.8,Medium,Rain
2025-01-24,9:30,Baneshwor,101,34.8,Low,Clear
2025-04-21,14:00,Maharajgunj,54,35.0,Low,Clear
2025-03-09,8:45,Maharajgunj,524,30.5,Low,Fog
2025-02-04,13:00,Ratnapark,105,32.1,High,Rain
2025-03-10,13:30,Lalitpur,383,34.1,Low,Clear
2025-03-25,13:45,Baneshwor,746,35.7,Low,Rain
2025-03-22,14:15,Lalitpur,697,35.9,High,Rain
2025-01-19,15:30,Kalanki,251,33.5,Low,Clear
2025-04-25,9:15,Ratnapark,821,20.9,Low,Fog
2025-03-28,12:00,Maharajgunj,595,37.4,Low,Clear
2025-01-11,8:00,Baneshwor,46,36.4,High,Cloudy
2025-01-13,15:00,Kalanki,53,36.9,High,Rain
2025-01-12,9:30,Ratnapark,50,40.3,High,Fog
2025-04-22,12:15,Baneshwor,55,57.1,Medium,Clear
2025-02-03,12:00,Chabahil,99,33.4,Low,Cloudy
2025-04-18,13:45,Maharajgunj,49,39.6,Low,Clear
2025-04-02,11:15,Bhaktapur,295,3.9,High,Cloudy
2025-03-16,11:15,Chabahil,49,40.6,Low,Rain
2025-01-22,8:15,Bhaktapur,529,37.0,Low,Cloudy
2025-01-31,9:45,Chabahil,53,32.7,Low,Fog
2025-03-27,14:45,Koteshwor,310,33.5,High,Fog
2025-04-08,11:45,Chabahil,53,23.6,Low,Clear
2025-02-21,9:15,Maharajgunj,98,34.6,Low,Rain
2025-03-03,13:15,Ratnapark,839,8.1,Medium,Rain
2025-03-06,9:15,Ratnapark,54,30.1,Low,Cloudy
2025-03-10,13:30,Lalitpur,383,38.1,Low,Clear
2025-01-24,9:00,Kalanki,938,36.0,High,Rain
2025-01-03,13:00,Baneshwor,102,42.5,Medium,Cloudy
2025-05-04,12:30,Kalanki,53,33.0,Medium,Cloudy
2025-03-11,14:00,Lalitpur,289,36.6,Low,Rain
2025-03-11,12:30,Koteshwor,731,53.1,High,Clear
2025-03-15,14:30,Maharajgunj,102,36.7,Medium,Rain
2025-03-11,8:15,Bhaktapur,975,45.1,Medium,Rain
2025-04-26,14:30,Bhaktapur,51,33.5,Low,Cloudy
2025-01-22,15:45,Bhaktapur,710,33.9,High,Fog
2025-03-28,10:30,Chabahil,55,44.7,High,Fog
2025-02-10,11:00,Bhaktapur,97,33.9,Low,Clear
2025-03-23,11:30,Lalitpur,54,34.7,High,Rain
2025-04-09,10:45,Baneshwor,99,35.0,High,Clear
2025-04-19,11:00,Baneshwor,47,33.2,Medium,Fog
2025-04-22,10:30,Chabahil,99,52.3,Medium,Clear
2025-03-16,14:30,Maharajgunj,104,34.3,Medium,Rain
2025-04-03,13:45,Baneshwor,95,27.3,Low,Clear
2025-04-09,15:15,Maharajgunj,119,34.3,Low,Rain
2025-02-02,10:00,Maharajgunj,98,52.5,High,Fog
2025-01-18,10:15,Maharajgunj,50,35.2,Medium,Rain
2025-03-17,12:15,Kalanki,96,35.8,Low,Fog
2025-02-22,15:30,Chabahil,101,36.8,High,Cloudy
2025-01-31,13:45,Kalanki,52,37.6,Low,Rain
2025-02-24,12:30,Chabahil,45,35.6,High,Clear
2025-02-23,10:30,Baneshwor,48,32.9,High,Cloudy
2025-04-29,15:15,Maharajgunj,55,34.5,Medium,Clear
2025-04-07,8:00,Koteshwor,564,48.0,Medium,Clear
2025-04-03,15:15,Chabahil,49,24.4,Low,Clear
2025-04-08,14:00,Ratnapark,98,39.0,Low,Rain
2025-03-08,12:30,Lalitpur,749,19.3,Low,Rain
2025-04-11,8:00,Baneshwor,107,36.7,Low,Rain
2025-02-28,13:45,Baneshwor,485,32.5,Low,Cloudy
2025-03-31,9:15,Ratnapark,45,35.7,High,Rain
2025-05-04,14:45,Chabahil,726,31.8,Low,Cloudy
2025-04-05,15:00,Kalanki,95,34.9,Medium,Clear
2025-01-10,8:30,Maharajgunj,50,33.2,Low,Fog
2025-03-22,12:30,Lalitpur,46,35.6,High,Cloudy
2025-05-02,15:30,Baneshwor,98,34.9,Low,Cloudy
2025-04-01,12:00,Lalitpur,50,38.9,Medium,Clear
2025-04-11,12:00,Baneshwor,673,36.8,High,Fog
2025-04-11,10:00,Baneshwor,105,35.6,Low,Rain
2025-05-01,8:30,Maharajgunj,100,34.5,Low,Rain
2025-02-18,10:00,Kalanki,47,19.4,Medium,Rain
2025-01-20,13:15,Chabahil,99,6.9,Low,Clear
2025-01-06,9:15,Kalanki,96,35.7,Low,Fog
2025-03-08,14:30,Kalanki,51,35.1,Medium,Clear
2025-02-13,10:00,Bhaktapur,964,34.2,High,Cloudy
2025-04-19,10:45,Chabahil,433,16.1,Medium,Clear
2025-01-13,11:00,Chabahil,114,31.1,High,Rain
2025-05-03,8:45,Maharajgunj,52,35.9,High,Fog
2025-04-24,9:00,Kalanki,868,35.7,High,Clear
2025-02-11,13:30,Maharajgunj,101,38.1,Medium,Clear
2025-04-28,9:00,Kalanki,103,35.7,Medium,Cloudy
2025-04-05,14:30,Baneshwor,52,33.6,Low,Cloudy
2025-04-25,10:30,Chabahil,97,48.1,Medium,Clear
2025-04-19,10:45,Chabahil,434,17.6,Medium,Clear
2025-01-22,15:45,Bhaktapur,711,33.9,High,Fog
2025-03-16,8:15,Lalitpur,51,2.3,Low,Clear
2025-04-14,13:15,Baneshwor,101,52.8,High,Clear
2025-02-10,15:00,Koteshwor,103,36.0,High,Clear
2025-02-27,8:30,Chabahil,992,35.1,Low,Fog
2025-04-20,12:45,Ratnapark,98,19.8,High,Cloudy
2025-01-02,12:15,Lalitpur,322,34.8,Low,Clear
2025-05-05,10:45,Ratnapark,48,33.7,Medium,Rain
2025-03-04,11:30,Lalitpur,98,33.1,Medium,Cloudy
2025-04-03,13:45,Lalitpur,46,30.2,Medium,Fog
2025-02-08,8:30,Lalitpur,45,14.6,Low,Cloudy
2025-04-04,11:00,Ratnapark,48,38.0,Low,Cloudy
2025-01-17,11:45,Bhaktapur,194,36.5,High,Clear
2025-03-04,15:00,Ratnapark,53,35.5,Medium,Clear
2025-01-01,15:45,Bhaktapur,53,8.5,High,Clear
2025-02-16,10:00,Lalitpur,104,37.0,Medium,Clear
2025-04-06,9:15,Maharajgunj,95,54.8,High,Cloudy
2025-03-31,15:30,Ratnapark,99,20.1,Medium,Clear
2025-04-19,14:45,Chabahil,51,33.0,Low,Fog
2025-03-10,11:45,Koteshwor,299,33.5,Low,Clear
2025-04-29,13:15,Ratnapark,54,33.3,Low,Clear
2025-04-18,8:15,Kalanki,100,10.0,Medium,Clear
2025-02-13,14:15,Ratnapark,489,33.1,Medium,Cloudy
2025-01-19,15:45,Kalanki,406,35.2,High,Clear
2025-02-03,14:00,Lalitpur,98,26.6,Medium,Clear
2025-01-26,11:15,Ratnapark,47,7.3,Low,Rain
2025-01-25,15:30,Bhaktapur,678,37.1,Low,Fog
2025-03-30,9:15,Baneshwor,104,31.6,Low,Clear
2025-03-25,12:15,Lalitpur,48,36.2,High,Fog
2025-03-13,8:00,Chabahil,102,35.1,Low,Rain
2025-04-01,14:45,Baneshwor,45,63.2,Low,Clear
2025-02-08,15:15,Chabahil,101,37.0,Low,Clear
2025-01-10,15:15,Maharajgunj,330,34.0,High,Cloudy
2025-04-07,9:00,Koteshwor,45,0.0,Medium,Fog
2025-02-07,10:30,Ratnapark,48,38.0,Low,Rain
2025-01-22,13:15,Chabahil,99,4.0,Low,Clear
2025-01-05,12:30,Kalanki,907,35.4,Low,Cloudy
2025-02-17,10:00,Koteshwor,102,34.7,Low,Rain
2025-01-30,11:00,Ratnapark,622,34.3,High,Fog
2025-04-14,9:15,Ratnapark,97,35.7,High,Clear
2025-01-17,12:30,Chabahil,225,35.4,Medium,Rain
2025-03-03,11:30,Kalanki,785,34.9,Low,Cloudy
2025-02-11,15:00,Lalitpur,105,35.3,Medium,Fog
2025-03-11,15:15,Chabahil,104,5.8,Low,Clear
2025-03-24,11:00,Baneshwor,98,35.2,Medium,Rain
2025-03-19,11:00,Ratnapark,397,33.7,Low,Rain
2025-01-10,9:30,Maharajgunj,238,41.0,Low,Fog
2025-02-08,13:45,Kalanki,101,1.6,High,Clear
2025-01-04,9:45,Maharajgunj,261,1.4,Medium,Clear
2025-03-16,10:15,Maharajgunj,96,11.3,High,Rain
2025-01-02,8:15,Maharajgunj,49,42.8,High,Unknown
2025-04-29,10:15,Lalitpur,105,35.1,Low,Cloudy
2025-03-15,10:15,Maharajgunj,104,13.8,High,Rain
2025-01-21,11:15,Ratnapark,53,34.0,Low,Rain
2025-04-07,14:00,Ratnapark,449,41.4,Low,Clear
2025-03-26,12:00,Lalitpur,95,35.2,Low,Rain
2025-04-27,15:15,Maharajgunj,503,12.8,Low,Fog
2025-01-23,14:15,Lalitpur,135,31.1,High,Clear
2025-01-19,12:30,Baneshwor,345,62.0,High,Rain
2025-01-28,15:30,Koteshwor,614,35.4,Low,Rain
2025-01-19,10:30,Baneshwor,605,35.5,High,Clear
2025-02-04,11:45,Ratnapark,105,33.6,Medium,Rain
2025-04-01,14:15,Lalitpur,48,38.9,Medium,Fog
2025-03-17,8:00,Chabahil,98,33.7,Low,Rain
2025-01-25,15:30,Bhaktapur,675,31.7,Low,Fog
2025-04-02,8:30,Bhaktapur,100,36.7,High,Fog
2025-01-16,12:15,Kalanki,104,34.8,Low,Rain
2025-03-12,15:45,Lalitpur,50,34.4,Low,Fog
2025-02-06,10:00,Kalanki,95,33.9,Medium,Clear
2025-04-17,9:30,Ratnapark,54,62.7,High,Clear
2025-05-05,9:00,Ratnapark,893,25.7,High,Fog
2025-02-20,13:30,Bhaktapur,105,36.1,High,Rain
2025-02-04,14:15,Ratnapark,51,35.3,Medium,Clear
2025-02-24,12:30,Kalanki,364,35.5,Low,Clear
2025-02-17,9:30,Ratnapark,686,37.8,High,Clear
2025-01-12,14:30,Maharajgunj,352,35.5,Low,Rain
2025-02-15,14:15,Lalitpur,46,51.1,Medium,Fog
2025-03-17,8:45,Ratnapark,877,5.7,Medium,Rain
2025-04-11,8:00,Lalitpur,652,36.0,High,Rain
2025-04-29,8:00,Chabahil,51,35.2,Medium,Rain
2025-01-23,14:15,Lalitpur,132,31.9,High,Clear
2025-03-31,11:15,Bhaktapur,289,1.3,High,Cloudy
2025-02-09,11:00,Lalitpur,97,35.0,Low,Clear
2025-01-07,13:00,Ratnapark,101,4.7,Low,Rain
2025-03-15,12:00,Baneshwor,115,21.8,Medium,Rain
2025-01-11,15:15,Koteshwor,98,37.4,Low,Cloudy
2025-01-17,13:00,Bhaktapur,927,32.2,Low,Rain
2025-02-15,9:30,Ratnapark,680,39.7,High,Clear
2025-03-10,14:00,Baneshwor,95,36.8,High,Rain
2025-01-11,10:45,Ratnapark,104,31.4,Low,Fog
2025-05-03,11:30,Bhaktapur,444,34.6,Medium,Fog
2025-03-28,13:45,Baneshwor,745,34.7,Low,Rain
2025-02-18,15:30,Chabahil,664,35.8,High,Clear
2025-01-22,8:15,Chabahil,654,47.0,Low,Cloudy
2025-04-07,8:30,Kalanki,911,35.1,Medium,Clear
2025-02-20,10:00,Koteshwor,728,50.8,Low,Cloudy
2025-03-27,14:15,Chabahil,54,13.5,Low,Fog
2025-02-17,9:30,Ratnapark,683,33.2,High,Clear
2025-01-25,14:15,Lalitpur,140,32.8,High,Clear
2025-02-12,13:15,Baneshwor,583,31.6,High,Clear
2025-03-03,8:15,Lalitpur,52,36.0,Medium,Clear
2025-03-02,14:00,Maharajgunj,45,36.6,High,Rain
2025-01-01,12:15,Lalitpur,315,34.6,Low,Clear
2025-01-24,9:00,Kalanki,942,35.1,High,Rain
2025-01-14,15:15,Bhaktapur,48,55.3,High,Rain
2025-05-02,9:45,Maharajgunj,297,41.6,Medium,Rain
2025-03-10,10:45,Chabahil,52,26.8,High,Clear
2025-02-07,11:00,Lalitpur,96,34.0,Low,Clear
2025-02-09,12:45,Koteshwor,849,37.3,High,Cloudy
2025-02-28,9:00,Baneshwor,100,37.6,High,Fog
2025-04-29,11:00,Chabahil,994,32.2,Low,Cloudy
2025-02-01,12:30,Lalitpur,48,37.0,High,Cloudy
2025-03-22,13:00,Chabahil,46,2.6,Medium,Cloudy
2025-04-27,8:45,Koteshwor,101,38.1,Low,Rain
2025-03-15,10:00,Ratnapark,48,21.8,Medium,Fog
2025-01-06,11:15,Lalitpur,52,34.9,Low,Clear
2025-03-23,10:00,Bhaktapur,52,37.3,Low,Clear
2025-04-08,14:00,Chabahil,51,36.4,Low,Fog
2025-01-30,13:45,Lalitpur,104,44.5,Low,Clear
2025-03-10,13:00,Ratnapark,103,36.9,Low,Clear
2025-04-16,14:00,Kalanki,98,7.3,Low,Clear
2025-02-12,12:45,Lalitpur,101,37.7,Medium,Clear
2025-04-30,13:45,Koteshwor,104,35.8,Medium,Fog
2025-01-29,12:15,Kalanki,54,32.1,Low,Fog
2025-03-29,8:00,Ratnapark,603,7.6,High,Fog
2025-02-28,14:45,Chabahil,98,36.9,High,Clear
2025-04-13,9:30,Kalanki,553,35.0,High,Clear
2025-03-13,14:15,Bhaktapur,103,37.0,Medium,Clear
2025-02-22,8:15,Ratnapark,49,35.7,Medium,Cloudy
2025-01-08,10:45,Maharajgunj,97,13.2,Low,Rain
2025-04-11,15:15,Bhaktapur,48,35.2,Medium,Rain
2025-02-11,14:45,Chabahil,727,35.9,Medium,Cloudy
2025-02-05,11:45,Lalitpur,54,16.3,Low,Rain
2025-04-08,9:15,Maharajgunj,95,55.3,High,Cloudy
2025-01-04,14:45,Baneshwor,51,33.5,Medium,Cloudy
2025-02-15,13:30,Maharajgunj,102,34.1,Medium,Clear
2025-01-22,12:45,Ratnapark,51,39.5,High,Rain
2025-01-02,11:15,Kalanki,299,37.5,High,Clear
2025-03-13,12:45,Chabahil,436,32.1,Low,Fog
2025-02-28,8:30,Baneshwor,779,30.3,Low,Fog
2025-01-10,13:15,Maharajgunj,488,35.2,Medium,Rain
2025-01-01,9:00,Chabahil,975,36.8,Medium,Clear
2025-03-05,14:00,Chabahil,901,34.0,High,Fog
2025-02-28,13:30,Koteshwor,764,54.0,Low,Rain
2025-03-14,11:45,Koteshwor,297,35.1,Low,Clear
2025-03-13,14:00,Chabahil,877,34.7,Medium,Clear
2025-03-28,13:15,Maharajgunj,52,36.5,Low,Clear
2025-01-18,12:00,Kalanki,99,33.9,Medium,Cloudy
2025-04-27,12:15,Kalanki,103,7.4,Medium,Cloudy
2025-01-02,13:45,Kalanki,103,36.3,Low,Fog
2025-01-23,12:45,Lalitpur,47,34.9,Medium,Fog
2025-02-25,10:00,Maharajgunj,54,8.8,Medium,Clear
2025-04-27,8:00,Koteshwor,100,36.4,Low,Cloudy
2025-01-09,10:45,Maharajgunj,100,15.3,Low,Rain
2025-02-20,13:30,Ratnapark,48,34.9,Low,Clear
2025-04-21,15:30,Baneshwor,105,36.7,High,Cloudy
2025-01-04,15:45,Bhaktapur,54,9.4,High,Clear
2025-01-06,15:00,Maharajgunj,759,35.6,Low,Clear
2025-03-31,8:30,Bhaktapur,95,33.2,High,Fog
2025-02-03,14:15,Ratnapark,51,37.1,Medium,Clear
2025-01-27,12:30,Maharajgunj,99,35.6,Low,Cloudy
2025-01-07,14:45,Baneshwor,153,39.0,Low,Cloudy
2025-03-01,9:15,Maharajgunj,51,39.8,Low,Fog
2025-04-14,14:00,Lalitpur,45,38.5,Low,Rain
2025-03-04,15:45,Baneshwor,52,35.1,High,Clear
2025-01-03,11:00,Baneshwor,47,33.1,Medium,Clear
2025-03-25,12:30,Lalitpur,101,36.8,Medium,Fog
2025-05-02,9:45,Maharajgunj,294,43.4,Medium,Rain
2025-02-06,11:00,Lalitpur,97,36.1,Low,Clear
2025-04-23,10:30,Bhaktapur,104,38.5,Medium,Clear
2025-04-12,13:00,Koteshwor,816,21.4,Medium,Rain
2025-02-15,13:15,Lalitpur,274,33.2,Medium,Rain
2025-03-27,14:00,Ratnapark,545,34.5,Low,Fog
2025-01-10,14:30,Maharajgunj,351,37.6,Low,Rain
2025-04-23,11:15,Baneshwor,670,36.1,Medium,Clear
2025-04-05,11:45,Lalitpur,418,33.2,Low,Rain
2025-03-12,9:15,Koteshwor,54,4.5,Low,Rain
2025-03-20,8:00,Bhaktapur,51,32.6,High,Cloudy
2025-03-01,12:45,Ratnapark,552,33.3,Low,Fog
2025-02-03,14:15,Maharajgunj,49,34.8,Medium,Cloudy
2025-04-22,15:15,Lalitpur,797,33.9,Low,Fog
2025-01-23,11:00,Maharajgunj,96,36.8,Low,Clear
2025-04-14,10:30,Lalitpur,48,35.6,Medium,Fog
2025-01-12,12:45,Bhaktapur,640,61.5,High,Cloudy
2025-04-06,9:15,Maharajgunj,105,54.5,High,Cloudy
2025-02-06,10:15,Bhaktapur,102,34.8,Medium,Cloudy
2025-01-29,14:45,Bhaktapur,102,18.4,Low,Cloudy
2025-02-13,13:00,Koteshwor,221,34.8,High,Rain
2025-01-13,12:00,Kalanki,100,38.0,High,Cloudy
2025-04-19,9:00,Bhaktapur,52,54.1,Low,Fog
2025-04-11,14:00,Lalitpur,45,32.3,Low,Rain
2025-05-01,12:30,Kalanki,49,37.4,Medium,Cloudy
2025-02-19,13:00,Chabahil,298,36.8,Low,Cloudy
2025-02-10,11:15,Chabahil,464,36.9,Medium,Clear
2025-05-03,15:00,Maharajgunj,755,31.2,High,Fog
2025-04-25,13:45,Lalitpur,46,28.7,High,Rain
2025-04-18,9:30,Bhaktapur,104,20.8,High,Cloudy
2025-01-20,12:00,Lalitpur,99,20.3,Low,Rain
2025-03-29,9:15,Maharajgunj,462,38.5,High,Clear
2025-03-27,15:45,Maharajgunj,101,35.0,Low,Cloudy
2025-03-24,9:15,Maharajgunj,49,34.9,High,Cloudy
2025-03-16,10:30,Bhaktapur,102,36.1,Low,Clear
2025-03-24,13:15,Lalitpur,53,3.1,Medium,Rain
2025-03-30,12:00,Maharajgunj,598,28.3,Low,Clear
2025-01-18,15:30,Maharajgunj,375,33.7,Medium,Cloudy
2025-04-29,15:15,Maharajgunj,46,32.2,Medium,Clear
2025-03-31,11:30,Kalanki,55,35.8,Low,Cloudy
2025-02-24,9:00,Baneshwor,386,34.4,High,Cloudy
2025-03-02,10:30,Ratnapark,55,35.0,Low,Rain
2025-03-19,13:45,Maharajgunj,103,30.8,High,Rain
2025-04-20,10:30,Bhaktapur,99,34.4,Medium,Clear
2025-05-01,10:15,Lalitpur,97,37.2,Low,Cloudy
2025-04-18,10:15,Bhaktapur,100,37.8,High,Rain
2025-01-22,11:15,Ratnapark,47,36.4,Low,Rain
2025-01-10,15:15,Koteshwor,99,32.3,Low,Cloudy
2025-01-23,8:15,Lalitpur,937,37.5,High,Fog
2025-01-25,11:15,Ratnapark,100,57.4,Low,Cloudy
2025-03-25,11:30,Ratnapark,104,34.8,High,Cloudy
2025-03-17,15:00,Baneshwor,49,30.9,Low,Fog
2025-04-02,9:15,Ratnapark,53,36.9,High,Rain
2025-02-26,12:00,Koteshwor,97,33.8,Medium,Fog
2025-02-15,10:45,Baneshwor,125,35.7,Medium,Fog
2025-04-01,9:30,Bhaktapur,256,35.1,High,Clear
2025-03-05,9:15,Maharajgunj,51,38.1,Low,Fog
2025-02-02,8:45,Bhaktapur,50,38.7,Medium,Rain
2025-05-02,15:00,Maharajgunj,96,35.0,High,Rain
2025-04-30,11:15,Bhaktapur,101,38.2,Low,Clear
2025-04-21,11:30,Baneshwor,933,33.7,Low,Rain
2025-04-04,13:45,Lalitpur,95,1.6,Medium,Clear
2025-03-24,13:00,Chabahil,53,0.6,Medium,Cloudy
2025-05-03,8:00,Lalitpur,98,33.0,Medium,Rain
2025-05-01,13:15,Ratnapark,52,35.0,Low,Clear
2025-01-22,14:15,Lalitpur,104,36.4,High,Clear
2025-01-02,11:15,Kalanki,299,37.7,High,Clear
2025-04-08,8:00,Kalanki,104,37.9,Low,Cloudy
2025-05-02,8:00,Chabahil,101,34.4,High,Rain
2025-01-30,11:30,Koteshwor,356,48.0,Low,Clear
2025-01-04,12:15,Lalitpur,315,34.4,Low,Clear
2025-01-11,12:30,Maharajgunj,796,39.6,High,Rain
2025-05-03,11:15,Bhaktapur,96,34.6,Low,Clear
2025-03-12,8:30,Lalitpur,102,18.3,Medium,Fog
2025-04-25,14:15,Bhaktapur,54,17.5,Low,Clear
2025-03-10,10:00,Ratnapark,101,30.6,Medium,Rain
2025-04-15,9:15,Ratnapark,52,33.5,Medium,Fog
2025-02-27,10:30,Ratnapark,55,33.5,Low,Rain
2025-02-27,15:45,Chabahil,318,41.4,Medium,Fog
2025-04-15,8:45,Koteshwor,45,32.8,Medium,Cloudy
2025-03-18,13:30,Kalanki,820,35.5,Medium,Clear
2025-04-05,15:30,Maharajgunj,100,34.7,Medium,Fog
2025-03-09,14:15,Bhaktapur,104,37.1,Medium,Clear
2025-04-21,13:45,Maharajgunj,692,36.2,High,Clear
2025-04-04,14:45,Chabahil,936,35.2,Low,Clear
2025-03-29,8:30,Maharajgunj,52,33.9,Low,Rain
2025-02-05,14:00,Ratnapark,50,31.3,High,Clear
2025-04-15,8:15,Kalanki,102,13.5,Medium,Clear
2025-05-01,13:45,Koteshwor,102,38.1,Medium,Fog
2025-01-10,12:30,Maharajgunj,803,38.9,High,Rain
2025-03-09,14:30,Lalitpur,102,10.5,Low,Clear
2025-02-07,11:00,Bhaktapur,104,35.5,Low,Clear
2025-04-24,13:45,Maharajgunj,51,33.7,High,Cloudy
2025-03-15,9:45,Baneshwor,308,20.0,Medium,Clear
2025-03-11,15:45,Bhaktapur,104,33.9,Low,Cloudy
2025-02-14,14:15,Lalitpur,48,50.3,Medium,Fog
2025-02-06,10:30,Ratnapark,53,37.8,Low,Rain
2025-03-05,14:45,Koteshwor,96,32.4,High,Cloudy
2025-03-26,11:15,Baneshwor,105,36.1,Low,Rain
2025-04-12,13:45,Kalanki,189,34.9,Low,Fog
2025-02-01,11:15,Maharajgunj,104,37.6,Low,Cloudy
2025-01-28,13:30,Kalanki,97,33.4,Low,Fog
2025-04-27,11:15,Baneshwor,669,35.1,Medium,Clear
2025-04-27,14:30,Chabahil,48,31.6,Low,Cloudy
2025-03-02,11:45,Koteshwor,727,31.1,Medium,Fog
2025-01-02,12:15,Lalitpur,316,36.2,Low,Clear
2025-02-01,8:15,Bhaktapur,45,31.4,Low,Cloudy
2025-04-10,11:15,Chabahil,471,34.5,Medium,Cloudy
2025-02-19,12:15,Chabahil,106,37.0,High,Fog
2025-01-16,8:15,Ratnapark,99,36.5,High,Rain
2025-01-05,14:45,Baneshwor,53,33.7,Medium,Cloudy
2025-04-26,12:00,Koteshwor,99,31.8,High,Cloudy
2025-03-10,14:00,Baneshwor,105,36.0,High,Rain
2025-03-28,13:45,Ratnapark,249,37.7,Low,Rain
2025-02-14,10:00,Bhaktapur,970,33.7,High,Cloudy
2025-01-23,8:00,Bhaktapur,54,33.4,Medium,Rain
2025-03-03,14:45,Maharajgunj,318,34.0,High,Rain
2025-04-20,13:45,Maharajgunj,47,40.1,Low,Clear
2025-05-05,11:30,Chabahil,682,30.5,Medium,Clear
2025-01-16,8:15,Ratnapark,98,32.5,High,Rain
2025-03-23,14:30,Koteshwor,95,32.0,High,Rain
2025-04-21,8:45,Ratnapark,333,26.7,Low,Cloudy
2025-01-25,13:15,Kalanki,97,55.6,Medium,Clear
2025-04-07,11:30,Kalanki,271,35.5,Medium,Fog
2025-01-20,8:15,Chabahil,661,47.6,Low,Cloudy
2025-05-01,12:45,Ratnapark,680,36.0,Low,Cloudy
2025-04-06,11:30,Lalitpur,857,36.9,Medium,Clear
2025-04-14,14:00,Lalitpur,53,37.6,Low,Rain
2025-02-02,9:45,Ratnapark,968,7.5,Medium,Fog
2025-04-17,11:30,Lalitpur,96,2.3,Medium,Cloudy
2025-02-07,12:45,Ratnapark,46,34.5,High,Clear
2025-01-02,10:45,Lalitpur,50,35.5,Medium,Rain
2025-01-04,13:15,Ratnapark,51,35.9,Low,Clear
2025-02-12,9:30,Baneshwor,105,35.5,Medium,Fog
2025-05-04,15:00,Maharajgunj,745,32.4,High,Fog
2025-01-21,12:45,Ratnapark,47,35.6,Low,Cloudy
2025-03-15,9:45,Baneshwor,303,21.3,Medium,Clear
2025-03-05,11:30,Kalanki,789,32.8,Low,Cloudy
2025-04-19,13:45,Maharajgunj,53,39.1,Low,Clear
2025-02-25,15:00,Chabahil,96,33.1,High,Clear
2025-01-11,9:30,Maharajgunj,235,38.7,Low,Fog
2025-02-18,14:15,Lalitpur,164,29.8,High,Fog
2025-03-10,14:15,Bhaktapur,103,38.5,Medium,Clear
2025-02-02,15:15,Ratnapark,98,36.1,High,Rain
2025-01-29,11:30,Koteshwor,359,49.8,Low,Clear
2025-02-01,11:15,Maharajgunj,105,33.7,Low,Cloudy
2025-03-10,11:45,Koteshwor,53,50.2,High,Rain
2025-02-09,14:45,Chabahil,727,33.5,Medium,Cloudy
2025-01-06,10:30,Ratnapark,715,36.4,Low,Rain
2025-01-13,10:15,Chabahil,103,36.9,High,Fog
2025-01-09,15:15,Bhaktapur,53,19.3,Low,Clear
2025-03-27,14:15,Lalitpur,101,35.3,Medium,Rain
2025-03-10,13:00,Ratnapark,104,37.6,Low,Clear
2025-01-08,14:00,Koteshwor,529,7.3,High,Fog
2025-04-19,15:45,Baneshwor,99,33.2,Low,Fog
2025-01-09,10:45,Maharajgunj,99,13.2,Low,Rain
2025-03-18,11:00,Ratnapark,102,33.2,High,Fog
2025-03-14,14:00,Lalitpur,298,34.0,Low,Rain
2025-03-10,11:45,Koteshwor,48,53.9,High,Rain
2025-03-31,10:15,Baneshwor,53,36.3,Medium,Fog
2025-01-18,10:15,Maharajgunj,51,33.5,Medium,Rain
2025-04-13,15:00,Kalanki,191,32.9,High,Cloudy
2025-04-13,15:15,Chabahil,47,36.4,High,Rain
2025-04-24,9:00,Kalanki,869,35.7,High,Clear
2025-04-22,15:00,Ratnapark,51,38.9,High,Rain
2025-02-23,13:00,Koteshwor,357,36.0,Medium,Rain
2025-01-21,8:15,Ratnapark,365,33.5,High,Cloudy
2025-04-01,12:45,Kalanki,124,48.2,Medium,Fog
2025-04-29,12:30,Chabahil,47,9.3,Medium,Rain
2025-02-20,10:45,Lalitpur,45,33.2,Medium,Rain
2025-01-12,15:15,Bhaktapur,51,50.8,High,Rain
2025-03-20,15:45,Kalanki,914,37.6,High,Rain
2025-01-03,8:15,Kalanki,54,10.1,Medium,Fog
2025-04-11,11:45,Bhaktapur,51,34.2,High,Clear
2025-01-23,13:15,Maharajgunj,96,6.5,Medium,Rain
2025-04-25,15:00,Ratnapark,98,16.1,Low,Rain
2025-03-13,8:30,Lalitpur,96,20.8,Medium,Fog
2025-03-13,14:45,Baneshwor,102,36.8,Low,Clear
2025-01-25,11:00,Lalitpur,51,36.9,High,Cloudy
2025-02-22,15:00,Lalitpur,45,35.8,High,Fog
2025-04-06,9:00,Koteshwor,191,52.8,Low,Fog
2025-02-21,9:00,Lalitpur,920,49.8,Low,Rain
2025-01-25,14:15,Lalitpur,133,34.4,High,Clear
2025-04-24,10:30,Baneshwor,97,31.8,High,Clear
2025-01-30,11:45,Bhaktapur,95,9.7,Medium,Cloudy
2025-04-19,10:15,Chabahil,46,35.6,Medium,Rain
2025-04-21,13:45,Maharajgunj,702,33.1,High,Clear
2025-01-16,8:30,Maharajgunj,103,22.2,Low,Fog
2025-01-23,9:45,Chabahil,45,32.0,Low,Rain
2025-04-11,14:15,Ratnapark,53,44.7,Low,Fog
2025-03-30,12:00,Lalitpur,51,31.0,Medium,Clear
2025-03-04,13:45,Baneshwor,485,35.1,Low,Cloudy
2025-01-15,12:15,Kalanki,96,34.5,Low,Rain
2025-03-21,12:30,Lalitpur,49,39.3,High,Cloudy
2025-04-04,9:30,Bhaktapur,253,36.6,High,Clear
2025-04-15,10:30,Maharajgunj,98,35.9,High,Rain
2025-03-09,14:30,Lalitpur,104,11.8,Low,Clear
2025-04-01,14:30,Maharajgunj,229,32.9,High,Rain
2025-03-29,8:30,Lalitpur,47,34.0,High,Clear
2025-04-01,10:45,Bhaktapur,48,34.9,High,Clear
2025-01-21,14:15,Lalitpur,104,32.3,High,Clear
2025-04-09,9:00,Koteshwor,48,0.0,Medium,Fog
2025-04-08,15:00,Lalitpur,46,33.1,Medium,Clear
2025-03-27,11:30,Kalanki,49,38.6,Low,Cloudy
2025-02-24,12:00,Koteshwor,99,39.4,Medium,Fog
2025-01-20,11:45,Baneshwor,678,48.4,High,Cloudy
2025-02-20,14:00,Chabahil,105,35.3,Low,Fog
2025-04-07,12:00,Baneshwor,543,34.3,Medium,Fog
2025-03-08,11:45,Ratnapark,54,33.1,High,Clear
2025-03-26,14:45,Baneshwor,143,37.8,Medium,Fog
2025-01-07,10:30,Ratnapark,50,20.7,High,Cloudy
2025-01-09,8:00,Bhaktapur,55,8.2,Medium,Clear
2025-05-05,13:15,Maharajgunj,96,34.8,High,Rain
2025-03-10,15:30,Lalitpur,51,34.1,High,Rain
2025-04-11,9:30,Chabahil,48,13.2,High,Rain
2025-04-19,8:30,Kalanki,49,51.4,Low,Fog
2025-03-27,12:00,Ratnapark,49,7.4,Low,Cloudy
2025-01-01,11:00,Baneshwor,49,35.9,Medium,Clear
2025-03-11,14:00,Baneshwor,96,36.5,High,Rain
2025-04-03,11:00,Ratnapark,49,34.7,Low,Cloudy
2025-03-13,13:30,Kalanki,97,42.8,Low,Cloudy
2025-02-17,13:15,Baneshwor,98,35.3,High,Cloudy
2025-03-05,14:00,Chabahil,898,37.4,High,Fog
2025-03-26,11:00,Baneshwor,98,32.0,Medium,Rain
2025-02-01,10:00,Maharajgunj,103,51.3,High,Fog
2025-03-24,10:00,Ratnapark,102,34.9,High,Cloudy
2025-02-07,12:30,Koteshwor,55,29.7,Medium,Cloudy
2025-03-01,12:15,Ratnapark,97,32.8,Medium,Fog
2025-01-19,12:00,Kalanki,95,33.4,Medium,Cloudy
2025-02-13,13:00,Baneshwor,45,36.9,Medium,Clear
2025-04-11,14:00,Lalitpur,50,35.6,Low,Rain
2025-02-01,8:00,Chabahil,47,33.4,Low,Rain
2025-04-06,13:45,Lalitpur,98,1.6,Medium,Clear
2025-03-08,10:00,Koteshwor,95,0.0,High,Rain
2025-03-01,13:30,Koteshwor,770,47.9,Low,Rain
2025-01-07,13:00,Ratnapark,95,4.3,Low,Rain
2025-01-28,11:45,Ratnapark,49,32.1,High,Clear
2025-01-08,14:45,Baneshwor,149,32.2,Low,Cloudy
2025-03-25,8:30,Baneshwor,96,36.1,Medium,Cloudy
2025-03-20,15:15,Ratnapark,51,36.8,Medium,Rain
2025-01-24,8:30,Ratnapark,101,36.6,Low,Fog
2025-05-01,15:00,Maharajgunj,95,37.2,High,Rain
2025-03-05,15:45,Ratnapark,636,37.5,Low,Rain
2025-01-22,12:00,Lalitpur,102,17.7,Low,Rain
2025-03-21,11:45,Ratnapark,49,35.9,High,Cloudy
2025-01-30,9:45,Ratnapark,215,33.9,Low,Cloudy
2025-02-25,10:00,Maharajgunj,45,3.5,Medium,Clear
2025-01-27,12:30,Maharajgunj,101,36.1,Low,Cloudy
2025-01-12,12:45,Chabahil,193,31.5,Medium,Fog
2025-01-16,11:30,Baneshwor,360,31.5,Low,Cloudy
2025-03-03,9:15,Maharajgunj,46,36.3,Low,Fog
2025-05-04,15:00,Maharajgunj,750,36.0,High,Fog
2025-01-31,8:45,Bhaktapur,50,39.3,Medium,Rain
2025-03-11,11:00,Baneshwor,96,49.2,Low,Fog
2025-03-22,10:45,Koteshwor,622,36.5,High,Rain
2025-01-14,12:15,Kalanki,98,36.4,Low,Rain
2025-02-22,15:00,Kalanki,101,35.2,High,Cloudy
2025-03-25,12:30,Lalitpur,100,32.6,Medium,Fog
2025-03-28,9:15,Kalanki,345,40.1,Medium,Rain
2025-04-19,14:30,Baneshwor,55,36.7,Low,Cloudy
2025-03-21,9:15,Baneshwor,404,61.7,Medium,Rain
2025-02-24,11:15,Koteshwor,52,15.3,High,Clear
2025-02-10,13:00,Baneshwor,51,34.5,Medium,Clear
2025-01-22,9:30,Baneshwor,765,6.7,Low,Cloudy
2025-04-15,8:45,Koteshwor,97,35.5,Medium,Rain
2025-03-15,9:45,Baneshwor,302,20.8,Medium,Clear
2025-02-04,15:45,Chabahil,96,3.2,Medium,Clear
2025-01-30,12:15,Kalanki,55,37.4,Low,Fog
2025-03-12,8:15,Bhaktapur,965,47.6,Medium,Rain
2025-03-17,11:15,Lalitpur,684,38.8,High,Rain
2025-01-11,14:00,Chabahil,685,34.9,Low,Rain
2025-03-04,8:30,Ratnapark,223,21.7,High,Cloudy
2025-01-26,10:30,Koteshwor,96,53.6,Low,Cloudy
2025-02-16,15:30,Ratnapark,47,37.0,High,Rain
2025-02-25,12:45,Ratnapark,553,35.1,Low,Fog
2025-01-03,10:30,Ratnapark,54,33.4,High,Clear
2025-01-04,9:45,Maharajgunj,257,0.4,Medium,Clear
2025-02-21,8:00,Kalanki,98,36.7,Medium,Cloudy
2025-03-10,9:15,Bhaktapur,99,14.2,Medium,Clear
2025-02-07,9:15,Lalitpur,959,37.1,Low,Cloudy
2025-02-15,8:30,Maharajgunj,471,33.1,Low,Rain
2025-02-06,12:00,Chabahil,102,38.7,Low,Cloudy
2025-02-28,8:45,Ratnapark,103,1.5,Medium,Clear
2025-04-01,14:30,Maharajgunj,220,36.4,High,Rain
2025-03-01,13:30,Koteshwor,766,48.2,Low,Rain
2025-02-14,8:45,Ratnapark,53,21.4,High,Fog
2025-01-11,12:45,Bhaktapur,647,37.1,Low,Fog
2025-04-24,9:30,Lalitpur,52,36.7,Low,Clear
2025-02-23,10:00,Maharajgunj,45,3.9,Medium,Clear
2025-03-04,13:00,Ratnapark,48,4.0,High,Clear
2025-04-21,10:15,Chabahil,53,35.2,Medium,Rain
2025-01-09,10:30,Ratnapark,706,36.0,Low,Rain
2025-04-02,12:00,Lalitpur,45,37.5,Medium,Clear
2025-03-16,14:00,Chabahil,877,34.1,Medium,Clear
2025-01-18,10:15,Maharajgunj,47,31.8,Medium,Rain
2025-01-30,13:45,Kalanki,51,35.3,Low,Rain
2025-02-26,15:00,Chabahil,105,34.1,High,Clear
2025-04-02,12:30,Bhaktapur,97,32.4,High,Cloudy
2025-03-18,8:45,Koteshwor,95,59.6,Low,Fog
2025-03-13,11:15,Chabahil,55,34.6,Low,Rain
2025-01-19,13:00,Chabahil,104,35.6,Medium,Cloudy
2025-03-04,15:45,Ratnapark,634,33.2,Low,Rain
2025-04-01,13:45,Lalitpur,54,29.0,High,Fog
2025-01-28,12:00,Koteshwor,48,42.4,High,Cloudy
2025-04-14,9:15,Ratnapark,95,33.3,High,Clear
2025-04-10,14:45,Baneshwor,95,34.5,Low,Rain
2025-04-25,12:15,Kalanki,102,11.5,Medium,Cloudy
2025-01-01,12:45,Koteshwor,51,36.6,Low,Fog
2025-03-21,11:45,Koteshwor,881,43.2,Medium,Fog
2025-04-19,11:00,Baneshwor,48,37.8,Medium,Fog
2025-02-16,12:45,Ratnapark,100,42.2,High,Cloudy
2025-03-01,14:45,Maharajgunj,315,35.1,High,Rain
2025-02-02,12:15,Koteshwor,55,37.8,Medium,Clear
2025-03-13,11:45,Koteshwor,300,37.0,Low,Clear
2025-03-28,8:00,Ratnapark,48,33.0,Low,Cloudy
2025-05-02,13:00,Koteshwor,47,38.5,Low,Clear
2025-02-23,13:15,Chabahil,260,34.2,Medium,Cloudy
2025-04-28,15:15,Maharajgunj,50,34.0,Medium,Clear
2025-04-05,15:30,Maharajgunj,846,35.6,Low,Cloudy
2025-01-04,14:15,Ratnapark,557,46.6,Medium,Fog
2025-04-06,12:00,Baneshwor,539,35.6,Medium,Fog
2025-03-17,12:00,Baneshwor,112,26.1,Medium,Rain
2025-01-17,8:45,Baneshwor,102,49.0,Low,Cloudy
2025-02-07,14:00,Lalitpur,101,27.4,Medium,Clear
2025-03-11,14:00,Lalitpur,290,36.3,Low,Rain
2025-02-27,15:30,Chabahil,102,34.5,Low,Fog
2025-02-19,13:00,Chabahil,303,31.2,Low,Cloudy
2025-02-05,10:15,Bhaktapur,99,33.8,Medium,Cloudy
2025-03-14,13:00,Lalitpur,929,36.4,Low,Rain
2025-03-18,14:30,Baneshwor,98,37.9,Medium,Rain
2025-02-28,8:30,Baneshwor,779,32.7,Low,Fog
2025-02-01,8:15,Bhaktapur,50,32.7,Low,Cloudy
2025-03-17,15:00,Kalanki,535,22.1,Low,Rain
2025-04-04,8:30,Baneshwor,342,44.8,Low,Fog
2025-02-09,9:30,Ratnapark,51,34.1,Medium,Rain
2025-04-27,10:15,Chabahil,101,31.5,High,Cloudy
2025-02-01,15:00,Maharajgunj,49,37.7,High,Clear
2025-04-08,9:00,Koteshwor,49,0.0,Medium,Fog
2025-01-02,10:45,Lalitpur,54,38.3,Medium,Rain
2025-03-09,12:15,Lalitpur,421,37.2,High,Clear
2025-01-14,8:30,Baneshwor,51,33.7,Medium,Rain
2025-03-10,8:45,Maharajgunj,528,27.9,Low,Fog
2025-02-27,9:00,Baneshwor,388,34.6,High,Cloudy
2025-03-04,10:30,Ratnapark,205,34.8,Medium,Fog
2025-01-28,11:30,Koteshwor,361,50.7,Low,Clear
2025-03-24,11:30,Lalitpur,54,33.4,High,Rain
2025-01-22,11:30,Chabahil,96,36.5,High,Cloudy
2025-04-04,12:45,Kalanki,54,18.5,High,Cloudy
2025-04-09,13:45,Ratnapark,96,34.3,High,Rain
2025-02-14,13:00,Baneshwor,54,33.6,Medium,Clear
2025-02-14,8:00,Chabahil,101,50.6,High,Clear
2025-01-07,12:45,Maharajgunj,912,33.4,Low,Rain
2025-03-08,10:00,Ratnapark,101,35.1,Medium,Rain
2025-04-26,9:30,Lalitpur,51,35.2,Low,Clear
2025-03-29,9:15,Maharajgunj,461,35.5,High,Clear
2025-03-08,8:30,Ratnapark,214,25.5,High,Cloudy
2025-03-17,14:30,Maharajgunj,96,34.7,Medium,Rain
2025-03-30,9:15,Baneshwor,103,37.0,Low,Clear
2025-02-04,9:30,Maharajgunj,114,18.5,Medium,Clear
2025-03-15,12:30,Kalanki,102,54.5,Low,Rain
2025-04-22,14:30,Bhaktapur,104,34.8,High,Rain
2025-02-03,15:15,Ratnapark,95,34.9,High,Rain
2025-03-13,12:30,Koteshwor,100,35.6,High,Fog
2025-04-01,14:45,Baneshwor,53,57.1,Low,Clear
2025-04-22,9:30,Bhaktapur,102,19.1,High,Cloudy
2025-04-04,10:45,Bhaktapur,47,36.3,High,Clear
2025-01-11,14:00,Chabahil,684,38.8,Low,Rain
2025-02-26,8:30,Baneshwor,778,36.5,Low,Fog
2025-02-10,11:45,Maharajgunj,823,35.3,Low,Rain
2025-01-20,9:30,Lalitpur,103,36.5,High,Cloudy
2025-02-18,13:30,Ratnapark,52,3.4,Medium,Rain
2025-03-18,9:15,Bhaktapur,54,36.6,Low,Rain
2025-02-05,12:45,Ratnapark,48,33.3,High,Clear
2025-01-02,12:30,Kalanki,898,32.8,Low,Cloudy
2025-02-09,9:00,Baneshwor,102,31.2,High,Cloudy
2025-04-26,9:30,Koteshwor,561,35.0,Low,Cloudy
2025-04-25,9:15,Ratnapark,824,19.5,Low,Fog
2025-01-23,11:00,Maharajgunj,100,31.2,Low,Clear
2025-02-18,13:00,Chabahil,302,38.4,Low,Cloudy
2025-02-01,14:15,Ratnapark,53,34.5,Medium,Clear
2025-03-23,11:30,Lalitpur,45,35.3,High,Rain
2025-04-27,14:30,Bhaktapur,53,36.5,Low,Cloudy
2025-04-17,12:45,Lalitpur,537,25.3,Medium,Cloudy
2025-03-18,11:15,Lalitpur,674,39.0,High,Rain
2025-01-17,9:00,Maharajgunj,102,6.2,Low,Cloudy
2025-02-13,13:15,Lalitpur,280,34.3,Medium,Rain
2025-02-07,11:30,Koteshwor,288,34.7,High,Clear
2025-03-23,13:15,Lalitpur,48,4.9,Medium,Rain
2025-04-17,11:30,Kalanki,665,57.3,Medium,Rain
2025-02-02,10:00,Bhaktapur,51,36.9,Medium,Clear
2025-04-23,8:00,Kalanki,46,35.1,High,Clear
2025-03-03,8:15,Lalitpur,49,32.2,Medium,Clear
2025-05-03,13:30,Maharajgunj,937,30.8,Low,Clear
2025-01-30,9:30,Koteshwor,98,31.9,Low,Rain
2025-03-11,8:45,Maharajgunj,524,30.7,Low,Fog
2025-01-21,11:15,Ratnapark,45,35.1,Low,Rain
2025-02-15,15:30,Ratnapark,49,34.6,High,Rain
2025-01-03,15:45,Kalanki,297,34.3,Medium,Rain
2025-03-02,11:15,Lalitpur,102,39.0,Medium,Rain
2025-02-14,12:00,Baneshwor,53,33.4,Medium,Clear
2025-03-05,13:30,Koteshwor,101,54.9,Low,Cloudy
2025-03-19,13:30,Kalanki,822,35.0,Medium,Clear
2025-04-19,10:15,Chabahil,45,34.9,Medium,Rain
2025-02-23,12:15,Ratnapark,492,37.4,High,Clear
2025-01-05,8:45,Chabahil,45,37.9,High,Cloudy
2025-03-17,10:15,Baneshwor,46,34.5,Medium,Fog
2025-01-23,8:30,Lalitpur,769,36.6,Low,Rain
2025-03-18,11:45,Koteshwor,877,41.7,Medium,Fog
2025-03-20,8:45,Baneshwor,104,25.0,Low,Cloudy
2025-04-08,8:00,Baneshwor,109,35.4,Low,Rain
2025-04-21,11:00,Lalitpur,826,33.6,Low,Cloudy
2025-01-14,8:30,Baneshwor,48,34.4,Medium,Rain
2025-01-12,10:00,Baneshwor,51,33.8,High,Cloudy
2025-01-08,14:00,Koteshwor,531,9.8,High,Fog
2025-01-16,15:30,Maharajgunj,373,34.8,Medium,Cloudy
2025-02-22,12:00,Koteshwor,101,32.4,Medium,Fog
2025-01-11,13:15,Maharajgunj,482,33.6,Medium,Rain
2025-03-13,9:15,Ratnapark,880,6.6,Low,Rain
2025-03-19,14:15,Lalitpur,692,34.0,High,Rain
2025-03-09,15:30,Koteshwor,48,6.1,High,Cloudy
2025-01-20,9:45,Chabahil,45,34.7,Low,Rain
2025-05-04,13:45,Ratnapark,50,40.0,Medium,Cloudy
2025-02-03,9:45,Koteshwor,104,36.1,High,Clear
2025-01-24,11:00,Lalitpur,46,36.1,High,Cloudy
2025-04-07,11:30,Lalitpur,867,31.7,Medium,Clear
2025-01-22,10:15,Bhaktapur,49,34.3,High,Cloudy
2025-04-12,9:00,Chabahil,52,34.0,High,Fog
2025-04-26,10:30,Bhaktapur,308,33.4,High,Clear
2025-02-10,13:15,Baneshwor,584,33.4,High,Clear
2025-03-14,10:00,Ratnapark,51,17.4,Medium,Fog
2025-02-28,13:30,Koteshwor,771,49.4,Low,Rain
2025-05-04,11:45,Lalitpur,95,36.7,High,Rain
2025-03-19,11:00,Koteshwor,49,0.0,Medium,Clear
2025-04-12,13:15,Lalitpur,463,29.0,High,Clear
2025-03-19,14:15,Lalitpur,692,35.0,High,Rain
2025-01-20,8:45,Bhaktapur,98,37.3,High,Fog
2025-04-27,13:45,Lalitpur,55,30.0,High,Rain
2025-02-17,10:00,Lalitpur,101,36.1,Medium,Clear
2025-03-03,9:00,Baneshwor,104,33.3,High,Fog
2025-04-25,14:15,Bhaktapur,55,14.8,Low,Clear
2025-03-27,9:30,Bhaktapur,102,35.7,High,Rain
2025-01-25,13:15,Kalanki,105,59.8,Medium,Clear
2025-01-04,9:00,Chabahil,976,37.9,Medium,Clear
2025-04-07,9:00,Koteshwor,194,51.2,Low,Fog
2025-02-06,10:00,Kalanki,104,35.3,Medium,Clear
2025-02-24,15:00,Chabahil,101,37.8,High,Clear
2025-04-10,13:00,Koteshwor,810,24.6,Medium,Rain
2025-01-28,9:30,Koteshwor,97,30.4,Low,Rain
2025-03-26,15:00,Baneshwor,47,0.0,Low,Clear
2025-03-14,15:45,Ratnapark,505,35.7,Low,Rain
2025-03-09,12:30,Lalitpur,746,14.4,Low,Rain
2025-01-18,10:30,Ratnapark,49,33.2,High,Clear
2025-03-27,10:15,Ratnapark,582,33.6,High,Rain
2025-03-20,9:15,Bhaktapur,49,34.5,Low,Rain
2025-03-22,14:15,Ratnapark,55,31.4,Medium,Cloudy
2025-02-11,15:00,Lalitpur,99,34.4,Medium,Fog
2025-04-11,14:45,Baneshwor,104,36.7,Low,Rain
2025-04-20,14:45,Chabahil,46,34.5,Low,Fog
2025-02-23,9:45,Bhaktapur,55,7.2,Medium,Rain
2025-03-24,9:00,Lalitpur,55,8.3,Low,Cloudy
2025-03-20,13:30,Kalanki,816,37.0,Medium,Clear
2025-03-28,12:45,Kalanki,126,46.7,Medium,Fog
2025-03-22,12:00,Chabahil,46,14.8,High,Rain
2025-03-21,12:15,Ratnapark,104,35.4,High,Fog
2025-02-14,11:15,Ratnapark,101,33.5,High,Clear
2025-03-22,11:00,Koteshwor,49,0.0,Medium,Clear
2025-04-22,10:30,Baneshwor,103,35.5,High,Clear
2025-04-05,9:15,Koteshwor,48,34.3,High,Cloudy
2025-01-04,8:15,Kalanki,54,10.6,Medium,Fog
2025-02-05,12:45,Ratnapark,45,34.9,High,Clear
2025-03-29,11:15,Bhaktapur,293,3.2,High,Cloudy
2025-01-13,11:00,Chabahil,114,31.1,High,Rain
2025-04-21,15:15,Lalitpur,801,33.3,Low,Fog
2025-03-31,14:30,Maharajgunj,227,32.8,High,Rain
2025-01-14,15:00,Kalanki,46,33.1,High,Rain
2025-01-12,8:30,Maharajgunj,47,35.8,Low,Fog
2025-02-10,8:45,Bhaktapur,103,37.1,Low,Clear
2025-01-16,11:45,Bhaktapur,188,35.7,High,Clear
2025-04-12,14:45,Bhaktapur,52,34.5,Low,Rain
2025-01-09,11:45,Maharajgunj,102,45.7,High,Fog
2025-01-22,11:00,Maharajgunj,101,37.2,Low,Clear
2025-04-26,15:00,Bhaktapur,976,6.1,Low,Cloudy
2025-02-21,9:45,Bhaktapur,49,8.3,Medium,Rain
2025-03-22,15:00,Lalitpur,98,36.9,Low,Cloudy
2025-04-25,8:45,Ratnapark,340,22.7,Low,Cloudy
2025-02-05,11:45,Maharajgunj,54,36.5,Low,Clear
2025-02-08,12:30,Bhaktapur,104,32.7,Medium,Clear
2025-04-03,8:00,Koteshwor,570,49.0,Medium,Clear
2025-01-06,10:45,Baneshwor,50,35.8,Medium,Cloudy
2025-01-17,13:15,Baneshwor,105,37.4,High,Rain
2025-04-26,15:15,Maharajgunj,502,12.4,Low,Fog
2025-04-29,12:30,Baneshwor,435,30.9,Low,Cloudy
2025-01-24,10:45,Chabahil,672,34.0,High,Clear
2025-02-18,10:45,Baneshwor,123,37.0,Medium,Fog
2025-02-06,15:45,Chabahil,101,5.8,Medium,Clear
2025-02-15,13:15,Lalitpur,281,32.6,Medium,Rain
2025-04-09,11:30,Kalanki,278,35.3,Medium,Fog
2025-05-02,12:30,Kalanki,55,34.8,Medium,Cloudy
2025-04-07,14:00,Chabahil,52,36.2,Low,Fog
2025-03-15,12:30,Kalanki,99,52.5,Low,Rain
2025-04-03,12:45,Maharajgunj,50,34.4,Medium,Cloudy
2025-02-05,10:15,Koteshwor,96,37.4,Medium,Rain
2025-03-28,15:45,Maharajgunj,105,32.6,Low,Cloudy
2025-04-16,14:30,Baneshwor,47,38.0,Low,Cloudy
2025-05-02,15:30,Baneshwor,99,32.9,Low,Cloudy
2025-03-30,14:45,Koteshwor,305,36.7,High,Fog
2025-01-13,15:30,Ratnapark,97,34.3,Low,Cloudy
2025-03-16,13:15,Kalanki,98,32.7,High,Fog
2025-02-04,10:30,Koteshwor,196,34.0,High,Rain
2025-04-26,14:30,Bhaktapur,49,35.1,Low,Cloudy
2025-02-23,8:15,Ratnapark,54,35.0,Medium,Cloudy
2025-01-12,14:15,Kalanki,850,20.2,High,Rain
2025-03-31,12:30,Bhaktapur,96,37.9,High,Cloudy
2025-01-29,10:30,Koteshwor,105,51.6,Low,Cloudy
2025-02-08,10:30,Ratnapark,49,32.5,Low,Rain
2025-02-10,15:00,Lalitpur,99,32.4,Medium,Fog
2025-01-21,11:00,Maharajgunj,105,33.2,Low,Clear
2025-03-16,13:00,Kalanki,101,37.2,Low,Cloudy
2025-03-27,9:15,Kalanki,335,42.1,Medium,Rain
2025-02-21,10:15,Chabahil,818,33.9,High,Fog
2025-03-04,10:15,Lalitpur,55,35.0,Medium,Cloudy
2025-01-16,14:00,Koteshwor,99,37.8,Low,Clear
2025-04-14,14:30,Kalanki,52,38.8,High,Cloudy
2025-04-27,12:30,Chabahil,102,35.5,High,Fog
2025-01-10,9:15,Kalanki,373,29.7,Medium,Cloudy
2025-02-23,10:30,Baneshwor,49,35.6,High,Cloudy
2025-04-12,8:00,Baneshwor,110,36.9,Low,Rain
2025-03-24,15:00,Lalitpur,95,35.4,Low,Cloudy
2025-01-13,14:15,Kalanki,847,19.5,High,Rain
2025-02-01,10:45,Koteshwor,46,21.7,Low,Fog
2025-04-30,11:00,Chabahil,986,32.5,Low,Cloudy
2025-03-12,15:45,Bhaktapur,103,33.2,Low,Cloudy
2025-02-18,13:30,Ratnapark,553,48.4,Low,Fog
2025-01-22,15:45,Bhaktapur,704,37.1,High,Fog
2025-01-15,8:30,Koteshwor,974,14.5,Medium,Rain
2025-03-20,8:30,Ratnapark,165,35.9,High,Rain
2025-03-11,14:00,Lalitpur,290,36.6,Low,Rain
2025-05-02,14:30,Kalanki,698,38.2,Medium,Rain
2025-03-05,11:30,Lalitpur,103,34.9,Medium,Cloudy
2025-03-09,15:45,Bhaktapur,49,40.5,Low,Fog
2025-03-05,8:15,Lalitpur,353,36.3,High,Cloudy
2025-04-22,11:00,Ratnapark,49,39.3,High,Cloudy
2025-04-29,12:30,Baneshwor,439,36.4,Low,Cloudy
2025-02-03,8:00,Bhaktapur,51,33.4,High,Rain
2025-02-24,12:00,Koteshwor,102,32.8,Medium,Fog
2025-04-28,11:00,Chabahil,98,25.1,High,Fog
2025-04-02,10:15,Baneshwor,55,39.0,Medium,Fog
2025-02-17,15:00,Ratnapark,52,34.3,Low,Rain
2025-02-07,9:00,Lalitpur,100,33.7,Low,Rain
2025-02-04,12:30,Koteshwor,808,39.7,High,Clear
2025-01-04,9:45,Bhaktapur,101,34.4,Medium,Rain
2025-01-27,10:00,Ratnapark,100,10.1,High,Clear
2025-01-22,15:30,Kalanki,247,33.0,Low,Clear
2025-03-13,8:30,Lalitpur,99,21.4,Medium,Fog
2025-03-14,8:30,Lalitpur,103,19.2,Medium,Fog
2025-01-03,11:15,Baneshwor,101,37.4,Low,Fog
2025-04-18,14:45,Chabahil,48,38.2,Low,Fog
2025-02-08,11:00,Lalitpur,101,35.2,Low,Clear
2025-05-05,12:45,Chabahil,557,34.4,High,Clear
2025-02-26,10:45,Lalitpur,332,29.1,Low,Cloudy
2025-03-01,9:15,Maharajgunj,46,34.8,Low,Fog
2025-01-24,10:00,Chabahil,857,50.7,Low,Clear
2025-02-02,12:15,Koteshwor,51,38.1,Medium,Clear
2025-03-24,15:00,Lalitpur,102,35.5,Low,Cloudy
2025-02-07,8:30,Chabahil,50,32.7,Low,Rain
2025-04-24,15:00,Bhaktapur,973,0.0,Low,Cloudy
2025-03-18,13:15,Maharajgunj,101,37.3,Low,Rain
2025-04-23,9:30,Lalitpur,46,36.5,Low,Clear
2025-02-02,15:00,Koteshwor,100,33.8,High,Clear
2025-01-26,10:00,Chabahil,860,53.1,Low,Clear
2025-04-20,14:00,Bhaktapur,100,36.0,Medium,Rain
2025-03-30,9:15,Baneshwor,98,34.0,Low,Clear
2025-04-19,8:30,Kalanki,51,50.1,Low,Fog
2025-03-09,11:45,Chabahil,121,35.2,Low,Rain
2025-04-10,14:00,Ratnapark,99,34.8,Low,Rain
2025-04-02,12:30,Bhaktapur,95,31.9,High,Cloudy
2025-03-13,11:45,Koteshwor,302,33.4,Low,Clear
2025-02-13,9:30,Baneshwor,97,36.2,Medium,Fog
2025-02-18,13:30,Ratnapark,52,0.6,Medium,Rain
2025-04-18,8:30,Kalanki,53,51.4,Low,Fog
2025-03-27,14:15,Lalitpur,103,39.7,Medium,Rain
2025-03-30,9:45,Koteshwor,104,10.3,Low,Rain
2025-02-20,14:00,Chabahil,96,38.0,Low,Fog
2025-03-23,8:30,Ratnapark,168,36.4,High,Rain
2025-05-02,9:45,Bhaktapur,99,33.9,High,Fog
2025-01-12,10:15,Ratnapark,47,35.4,High,Cloudy
2025-02-13,9:30,Ratnapark,55,39.0,Medium,Clear
2025-01-30,9:45,Koteshwor,45,34.0,High,Fog
2025-03-08,10:15,Koteshwor,751,32.9,Medium,Fog
2025-02-17,13:30,Bhaktapur,104,32.7,High,Rain
2025-04-03,9:15,Ratnapark,46,34.6,High,Rain
2025-02-16,11:45,Baneshwor,103,45.0,High,Fog
2025-04-15,15:45,Baneshwor,95,34.3,Low,Fog
2025-04-23,12:30,Ratnapark,105,35.4,Low,Cloudy
2025-01-07,15:45,Chabahil,103,36.9,High,Fog
2025-03-10,14:30,Kalanki,51,34.4,Medium,Clear
2025-02-24,11:00,Maharajgunj,55,48.7,Low,Fog
2025-04-09,12:00,Baneshwor,678,32.4,High,Fog
2025-01-23,15:45,Koteshwor,96,33.2,Medium,Cloudy
2025-04-30,10:15,Chabahil,100,35.7,High,Cloudy
2025-02-14,13:00,Koteshwor,224,36.0,High,Rain
2025-04-21,9:00,Bhaktapur,96,36.2,Low,Cloudy
2025-02-09,8:00,Kalanki,297,32.0,Medium,Clear
2025-03-10,15:15,Chabahil,105,5.0,Low,Clear
2025-04-03,14:15,Bhaktapur,50,32.9,Low,Fog
2025-04-27,8:45,Koteshwor,47,10.8,High,Clear
2025-03-13,10:30,Lalitpur,739,36.0,Medium,Fog
2025-01-14,8:30,Koteshwor,974,13.7,Medium,Rain
2025-02-25,9:00,Bhaktapur,50,36.9,Medium,Fog
2025-05-04,15:30,Baneshwor,97,39.7,Low,Cloudy
2025-01-27,15:45,Ratnapark,131,36.7,Low,Cloudy
2025-01-25,14:45,Koteshwor,95,50.7,Low,Rain
2025-02-21,12:00,Ratnapark,343,55.4,High,Cloudy
2025-03-08,14:45,Koteshwor,95,34.6,High,Cloudy
2025-02-17,8:00,Ratnapark,49,33.5,Low,Clear
2025-01-05,8:00,Chabahil,448,30.5,Low,Fog
2025-04-25,9:15,Ratnapark,819,17.7,Low,Fog
2025-04-08,9:00,Koteshwor,200,46.2,Low,Fog
2025-03-17,11:30,Chabahil,97,35.4,High,Fog
2025-03-12,14:00,Baneshwor,101,35.0,High,Rain
2025-03-08,10:00,Koteshwor,96,1.9,High,Rain
2025-01-03,15:45,Bhaktapur,51,7.4,High,Clear
2025-01-28,10:15,Koteshwor,96,35.6,High,Cloudy
2025-02-12,11:30,Maharajgunj,99,33.0,Medium,Cloudy
2025-03-27,14:45,Koteshwor,310,34.7,High,Fog
2025-04-08,14:45,Baneshwor,105,38.5,Low,Rain
2025-02-05,9:30,Maharajgunj,117,19.3,Medium,Clear
2025-03-14,11:15,Lalitpur,676,37.3,High,Rain
2025-04-15,15:00,Lalitpur,512,32.5,High,Rain
2025-05-05,13:45,Ratnapark,48,36.3,Medium,Cloudy
2025-01-26,8:00,Baneshwor,905,32.2,Low,Rain
2025-01-06,8:15,Koteshwor,97,31.0,Medium,Cloudy
2025-02-25,8:30,Chabahil,996,36.1,Low,Fog
2025-01-22,8:15,Chabahil,662,49.6,Low,Cloudy
2025-04-10,12:45,Bhaktapur,49,35.9,Low,Clear
2025-02-03,15:00,Koteshwor,102,35.5,High,Clear
2025-03-10,9:00,Lalitpur,46,34.9,Low,Fog
2025-03-26,15:45,Maharajgunj,97,33.7,Low,Cloudy
2025-03-05,15:00,Ratnapark,51,36.0,Medium,Clear
2025-01-01,9:00,Chabahil,976,38.1,Medium,Clear
2025-04-07,9:15,Maharajgunj,98,54.0,High,Cloudy
2025-03-06,15:45,Bhaktapur,53,42.0,Low,Fog
2025-04-15,9:15,Ratnapark,51,32.7,Medium,Fog
2025-04-21,11:00,Ratnapark,55,33.3,High,Cloudy
2025-03-16,12:30,Koteshwor,95,35.4,High,Fog
2025-02-24,13:15,Baneshwor,98,30.7,Medium,Cloudy
2025-01-15,15:15,Bhaktapur,54,53.9,High,Rain
2025-01-21,10:30,Maharajgunj,656,36.3,Medium,Cloudy
2025-03-23,10:00,Lalitpur,100,47.4,Medium,Rain
2025-05-03,8:00,Chabahil,100,33.0,High,Rain
2025-04-26,8:45,Koteshwor,54,10.2,High,Clear
2025-01-18,10:15,Maharajgunj,50,34.7,Medium,Rain
2025-04-08,14:45,Baneshwor,99,36.0,Low,Rain
2025-04-22,10:15,Chabahil,47,34.7,Medium,Rain
2025-01-25,12:30,Maharajgunj,46,37.5,Medium,Fog
2025-04-08,13:45,Lalitpur,97,0.0,Medium,Clear
2025-03-12,8:45,Maharajgunj,103,33.0,High,Clear
2025-04-15,11:30,Lalitpur,97,0.9,Medium,Cloudy
2025-01-11,11:30,Kalanki,781,36.5,Low,Cloudy
2025-03-04,15:45,Ratnapark,633,35.1,Low,Rain
2025-04-28,9:00,Maharajgunj,96,36.3,Low,Fog
2025-01-11,12:00,Kalanki,105,36.2,High,Cloudy
2025-01-26,15:30,Bhaktapur,672,31.0,Low,Fog
2025-01-18,12:15,Kalanki,96,32.7,Low,Rain
2025-04-11,13:15,Ratnapark,741,33.0,Low,Rain
2025-01-11,12:45,Bhaktapur,642,56.4,High,Cloudy
2025-02-25,14:00,Lalitpur,101,34.2,Low,Rain
2025-04-26,13:00,Baneshwor,45,37.0,Medium,Cloudy
2025-01-28,11:15,Ratnapark,100,58.4,Low,Cloudy
2025-01-02,8:15,Maharajgunj,46,42.4,High,Unknown
2025-02-21,12:30,Chabahil,50,34.5,High,Clear
2025-02-21,9:00,Lalitpur,921,47.6,Low,Rain
2025-01-21,12:30,Kalanki,101,35.2,Medium,Rain
2025-03-06,11:45,Chabahil,121,35.4,Low,Rain
2025-03-27,12:00,Ratnapark,53,11.6,Low,Cloudy
2025-02-08,14:45,Chabahil,724,36.6,Medium,Cloudy
2025-03-17,10:15,Baneshwor,51,30.4,Medium,Fog
2025-02-26,8:15,Kalanki,366,34.7,Medium,Clear
2025-04-12,8:15,Koteshwor,396,37.8,High,Rain
2025-03-30,9:15,Baneshwor,96,34.1,Low,Clear
2025-03-06,10:00,Chabahil,52,45.3,Low,Clear
2025-01-08,11:15,Koteshwor,285,3.4,High,Rain
2025-01-19,11:15,Ratnapark,52,35.3,Low,Rain
2025-03-19,14:30,Maharajgunj,100,32.7,Medium,Rain
2025-02-05,8:45,Maharajgunj,54,32.8,Medium,Fog
2025-02-16,9:15,Maharajgunj,118,36.5,High,Clear
2025-02-11,14:15,Chabahil,701,36.8,Medium,Clear
2025-02-02,10:00,Bhaktapur,45,35.1,Medium,Clear
2025-03-08,10:15,Koteshwor,752,32.5,Medium,Fog
2025-02-15,13:30,Maharajgunj,96,35.1,Medium,Clear
2025-03-15,8:15,Lalitpur,52,3.5,Low,Clear
2025-03-12,9:15,Koteshwor,46,6.5,Low,Rain
2025-01-10,15:15,Koteshwor,47,34.4,High,Fog
2025-04-24,10:00,Koteshwor,47,53.7,High,Cloudy
2025-01-25,14:15,Lalitpur,95,36.7,High,Clear
2025-01-13,14:15,Kalanki,851,17.4,High,Rain
2025-01-24,12:45,Ratnapark,49,36.9,High,Rain
2025-01-25,13:00,Chabahil,104,20.6,High,Cloudy
2025-01-10,9:30,Maharajgunj,238,39.2,Low,Fog
2025-04-23,9:00,Kalanki,874,35.1,High,Clear
2025-03-02,14:00,Maharajgunj,50,37.6,High,Rain
2025-04-12,13:15,Ratnapark,739,34.7,Low,Rain
2025-01-16,8:15,Ratnapark,97,32.9,High,Rain
2025-03-14,12:45,Chabahil,432,31.8,Low,Fog
2025-04-26,10:30,Chabahil,104,49.5,Medium,Clear
2025-01-18,12:30,Baneshwor,347,59.2,High,Rain
2025-02-28,10:30,Ratnapark,47,36.6,Low,Rain
2025-04-29,11:45,Ratnapark,96,9.8,High,Fog
2025-02-19,14:00,Ratnapark,49,38.1,Low,Fog
2025-04-23,12:00,Ratnapark,47,32.3,Medium,Clear
2025-01-08,12:00,Lalitpur,997,39.7,Low,Fog
2025-04-28,15:00,Ratnapark,103,20.5,Low,Rain
2025-02-24,10:30,Maharajgunj,105,35.3,Medium,Clear
2025-03-04,11:30,Kalanki,791,30.7,Low,Cloudy
2025-01-11,9:30,Chabahil,95,54.9,Medium,Clear
2025-04-19,9:00,Bhaktapur,98,34.2,Low,Cloudy
2025-04-17,11:45,Bhaktapur,54,34.5,Low,Clear
2025-02-05,15:45,Chabahil,937,8.6,Medium,Rain
2025-03-31,11:30,Kalanki,46,33.4,Low,Cloudy
2025-04-03,13:45,Lalitpur,46,33.6,Medium,Fog
2025-04-09,12:00,Lalitpur,45,34.6,High,Rain
2025-04-26,14:00,Maharajgunj,52,33.9,Low,Fog
2025-04-05,11:30,Lalitpur,858,39.2,Medium,Clear
2025-02-12,12:30,Bhaktapur,97,33.9,Medium,Clear
2025-05-02,15:00,Maharajgunj,96,35.9,High,Rain
2025-04-20,12:00,Ratnapark,48,35.3,Medium,Clear
2025-04-30,9:30,Maharajgunj,45,35.7,Low,Rain
2025-04-27,13:45,Lalitpur,47,30.9,High,Rain
2025-05-02,12:00,Koteshwor,99,36.8,High,Clear
2025-01-20,10:00,Maharajgunj,845,35.5,Medium,Cloudy
2025-02-13,8:30,Maharajgunj,466,35.4,Low,Rain
2025-01-26,10:45,Chabahil,672,35.1,High,Clear
2025-02-25,15:30,Chabahil,100,34.7,Low,Fog
2025-02-06,12:30,Koteshwor,807,38.2,High,Clear
2025-02-13,14:30,Koteshwor,445,34.9,Medium,Clear
2025-02-20,13:00,Chabahil,301,35.5,Low,Cloudy
2025-03-10,11:45,Koteshwor,50,56.8,High,Rain
2025-01-25,14:45,Lalitpur,103,35.4,Low,Cloudy
2025-04-21,9:30,Bhaktapur,96,21.5,High,Cloudy
2025-03-03,9:00,Chabahil,54,34.9,High,Fog
2025-03-27,12:00,Maharajgunj,595,33.9,Low,Clear
2025-04-06,11:45,Lalitpur,416,35.6,Low,Rain
2025-03-21,9:30,Lalitpur,55,34.6,High,Cloudy
2025-04-26,13:00,Baneshwor,54,35.4,Medium,Cloudy
2025-03-13,13:30,Kalanki,105,43.0,Low,Cloudy
2025-03-01,15:00,Ratnapark,48,33.6,Medium,Fog
2025-01-14,13:45,Maharajgunj,50,36.2,High,Clear
2025-03-30,13:15,Maharajgunj,55,35.1,Low,Clear
2025-01-12,11:30,Ratnapark,50,34.0,High,Rain
2025-03-02,10:30,Ratnapark,49,34.6,Low,Rain
2025-02-27,9:00,Baneshwor,383,36.4,High,Cloudy
2025-01-21,13:00,Chabahil,47,35.0,High,Rain
2025-03-09,9:45,Maharajgunj,101,15.2,Low,Cloudy
2025-02-20,12:45,Baneshwor,102,34.0,High,Rain
2025-01-04,15:45,Bhaktapur,46,11.8,High,Clear
2025-04-25,14:30,Bhaktapur,47,33.1,Low,Cloudy
2025-02-09,14:45,Chabahil,725,30.6,Medium,Cloudy
2025-04-19,10:45,Chabahil,443,15.9,Medium,Clear
2025-03-11,15:30,Lalitpur,49,32.8,High,Rain
2025-01-30,15:45,Ratnapark,132,35.3,Low,Cloudy
2025-05-05,11:30,Chabahil,683,31.1,Medium,Clear
2025-02-18,15:30,Chabahil,670,36.5,High,Clear
2025-03-01,9:00,Baneshwor,102,38.1,High,Fog
2025-03-25,14:15,Maharajgunj,454,33.9,High,Rain
2025-04-14,14:15,Ratnapark,50,45.7,Low,Fog
2025-03-19,13:00,Kalanki,98,6.9,High,Fog
2025-01-26,9:15,Maharajgunj,103,33.6,High,Fog
2025-01-30,8:15,Bhaktapur,54,33.1,Low,Cloudy
2025-03-04,15:30,Kalanki,46,32.4,High,Clear
2025-03-01,12:15,Baneshwor,102,9.7,Low,Fog
2025-04-19,10:45,Chabahil,433,11.8,Medium,Clear
2025-01-19,11:30,Baneshwor,370,37.7,Low,Cloudy
2025-01-14,12:30,Chabahil,229,37.5,Medium,Rain
2025-01-03,11:00,Baneshwor,55,36.0,Medium,Clear
2025-01-19,15:45,Kalanki,407,32.8,High,Clear
2025-03-13,13:00,Ratnapark,104,31.8,Low,Clear
2025-02-13,13:00,Baneshwor,45,33.9,Medium,Clear
2025-04-28,15:15,Maharajgunj,503,15.3,Low,Fog
2025-02-06,12:30,Koteshwor,806,40.0,High,Clear
2025-01-19,8:15,Bhaktapur,531,32.9,Low,Cloudy
2025-02-15,10:45,Baneshwor,124,37.3,Medium,Fog
2025-04-29,9:30,Maharajgunj,54,38.4,Low,Rain
2025-01-12,14:45,Chabahil,54,34.5,Medium,Cloudy
2025-03-06,13:30,Lalitpur,381,35.2,Low,Clear
2025-03-18,8:45,Koteshwor,104,56.0,Low,Fog
2025-04-29,14:30,Kalanki,697,34.2,Medium,Rain
2025-04-23,14:00,Baneshwor,323,27.0,Low,Cloudy
2025-01-09,14:30,Ratnapark,95,35.7,High,Fog
2025-01-12,10:15,Chabahil,97,34.0,High,Fog
2025-04-28,11:30,Chabahil,99,42.5,Medium,Fog
2025-01-05,14:45,Baneshwor,152,34.1,Low,Cloudy
2025-01-04,10:30,Ratnapark,54,16.4,High,Cloudy
2025-02-09,10:45,Kalanki,301,39.8,Low,Clear
2025-01-07,12:45,Maharajgunj,910,31.1,Low,Rain
2025-04-26,10:00,Koteshwor,45,56.9,High,Cloudy
2025-03-04,15:45,Ratnapark,641,35.7,Low,Rain
2025-01-05,12:30,Kalanki,902,33.9,Low,Cloudy
2025-04-05,9:15,Maharajgunj,95,54.0,High,Cloudy
2025-01-28,12:15,Maharajgunj,102,39.1,High,Fog
2025-04-27,13:00,Baneshwor,49,34.0,Medium,Cloudy
2025-03-01,8:15,Lalitpur,51,35.0,Medium,Clear
2025-03-16,11:15,Chabahil,51,35.3,Low,Rain
2025-03-27,9:00,Kalanki,812,0.0,High,Rain
2025-02-27,10:30,Ratnapark,50,36.3,Low,Rain
2025-02-06,12:30,Chabahil,55,34.4,High,Fog
2025-01-20,11:15,Ratnapark,52,38.9,Low,Rain
2025-01-10,9:15,Kalanki,381,32.6,Medium,Cloudy
2025-04-01,8:00,Ratnapark,96,33.3,High,Rain
2025-02-19,14:00,Chabahil,101,34.6,Low,Fog
2025-03-20,8:00,Bhaktapur,46,35.8,High,Cloudy
2025-01-30,12:30,Lalitpur,50,31.1,High,Cloudy
2025-03-10,13:00,Koteshwor,901,33.3,High,Clear
2025-01-30,12:30,Lalitpur,54,36.2,High,Cloudy
2025-02-24,8:15,Ratnapark,50,33.1,Medium,Cloudy
2025-01-18,12:30,Baneshwor,342,62.7,High,Rain
2025-04-20,13:45,Maharajgunj,45,38.1,Low,Clear
2025-03-06,10:00,Chabahil,51,41.2,Low,Clear
2025-04-09,13:00,Koteshwor,810,24.2,Medium,Rain
2025-02-21,9:45,Bhaktapur,48,11.2,Medium,Rain
2025-01-02,12:30,Ratnapark,100,35.8,Low,Clear
2025-04-15,15:00,Kalanki,189,37.5,High,Cloudy
2025-02-11,12:30,Baneshwor,98,38.4,Medium,Rain
2025-04-21,8:30,Bhaktapur,885,33.2,Medium,Rain
2025-04-03,8:30,Baneshwor,344,50.9,Low,Fog
2025-02-16,12:45,Ratnapark,100,32.0,High,Cloudy
2025-03-15,8:45,Koteshwor,96,59.8,Low,Fog
2025-02-21,11:30,Baneshwor,286,51.9,Low,Cloudy
2025-01-30,8:45,Bhaktapur,51,41.5,Medium,Rain
2025-03-14,13:00,Lalitpur,933,37.3,Low,Rain
2025-03-30,12:30,Kalanki,102,27.1,Medium,Cloudy
2025-01-28,8:00,Baneshwor,913,35.6,Low,Rain
2025-01-05,8:15,Kalanki,54,7.0,Medium,Fog
2025-02-09,13:15,Baneshwor,586,35.1,High,Clear
2025-03-09,12:15,Lalitpur,416,34.9,High,Clear
2025-03-15,9:15,Koteshwor,104,36.9,Low,Rain
2025-02-10,11:15,Chabahil,467,38.1,Medium,Clear
2025-02-23,10:00,Maharajgunj,51,4.7,Medium,Clear
2025-02-12,10:45,Kalanki,301,39.5,Low,Clear
2025-03-29,9:15,Baneshwor,102,35.2,Low,Clear
2025-01-13,8:30,Maharajgunj,48,31.8,Low,Fog
2025-03-05,14:00,Maharajgunj,49,34.3,High,Rain
2025-03-05,8:30,Koteshwor,100,38.2,High,Clear
2025-02-26,8:45,Kalanki,590,11.5,High,Fog
2025-05-05,12:00,Koteshwor,99,39.2,High,Clear
2025-04-08,15:00,Kalanki,104,37.3,Medium,Clear
2025-03-30,15:30,Maharajgunj,99,35.8,High,Fog
2025-01-28,11:15,Ratnapark,45,16.1,Low,Rain
2025-03-19,9:15,Ratnapark,641,33.2,High,Rain
2025-02-20,10:45,Lalitpur,47,34.5,Medium,Rain
2025-04-12,8:00,Maharajgunj,95,55.9,Medium,Clear
2025-01-13,14:30,Chabahil,101,33.8,Medium,Cloudy
2025-02-14,8:30,Chabahil,95,37.1,High,Cloudy
2025-04-14,10:00,Ratnapark,805,32.2,High,Cloudy
2025-01-30,13:00,Chabahil,98,32.6,High,Cloudy
2025-03-08,9:45,Maharajgunj,103,21.8,Low,Cloudy
2025-03-24,14:30,Baneshwor,101,35.0,Low,Cloudy
2025-04-16,15:00,Kalanki,189,33.9,High,Cloudy
2025-03-16,11:00,Ratnapark,101,37.7,High,Fog
2025-01-25,8:00,Bhaktapur,53,37.5,Medium,Rain
2025-01-04,15:45,Bhaktapur,54,11.8,High,Clear
2025-01-22,11:00,Maharajgunj,100,33.9,Low,Clear
2025-05-04,14:45,Lalitpur,95,34.4,Medium,Fog
2025-03-01,9:30,Chabahil,317,60.6,Medium,Fog
2025-02-09,12:45,Koteshwor,847,36.4,High,Cloudy
2025-01-31,14:30,Bhaktapur,98,34.0,Low,Fog
2025-03-30,12:30,Kalanki,102,26.3,Medium,Cloudy
2025-03-07,13:30,Koteshwor,99,53.5,Low,Cloudy
2025-01-30,11:45,Bhaktapur,99,11.6,Medium,Cloudy
2025-01-02,13:00,Baneshwor,104,45.5,Medium,Cloudy
2025-03-11,15:45,Bhaktapur,105,32.0,Low,Cloudy
2025-05-05,10:30,Maharajgunj,353,34.6,Medium,Rain
2025-01-20,14:30,Koteshwor,102,33.1,Medium,Fog
2025-01-17,15:15,Chabahil,45,36.1,Low,Rain
2025-02-23,8:15,Ratnapark,49,36.8,Medium,Cloudy
2025-03-21,11:45,Koteshwor,878,41.2,Medium,Fog
2025-03-04,9:00,Chabahil,52,34.5,High,Fog
2025-02-19,15:00,Ratnapark,45,35.1,Low,Rain
2025-04-22,13:45,Lalitpur,601,35.4,Low,Rain
2025-02-24,12:30,Kalanki,364,33.7,Low,Clear
2025-02-07,15:00,Maharajgunj,53,1.6,Medium,Cloudy
2025-04-14,9:30,Ratnapark,46,54.9,High,Clear
2025-04-30,9:15,Bhaktapur,97,37.5,Low,Rain
2025-04-19,14:45,Chabahil,48,36.0,Low,Fog
2025-01-18,11:45,Baneshwor,674,48.7,High,Cloudy
2025-04-07,10:15,Bhaktapur,101,37.5,Low,Clear
2025-02-06,12:30,Koteshwor,813,37.5,High,Clear
2025-04-13,8:00,Maharajgunj,97,49.5,Medium,Clear
2025-01-10,11:15,Koteshwor,279,4.8,High,Rain
2025-03-03,15:30,Koteshwor,47,8.6,High,Clear
2025-02-13,12:00,Baneshwor,52,31.5,Medium,Clear
2025-03-12,12:30,Koteshwor,103,35.7,High,Fog
2025-02-12,9:30,Baneshwor,104,34.2,Medium,Fog
2025-04-07,15:00,Lalitpur,46,33.4,Medium,Clear
2025-02-24,8:30,Chabahil,997,34.3,Low,Fog
2025-01-17,8:15,Ratnapark,104,30.1,High,Rain
2025-01-05,14:45,Baneshwor,144,33.8,Low,Cloudy
2025-03-06,10:45,Chabahil,53,26.6,High,Clear
2025-02-02,13:15,Lalitpur,50,36.1,High,Rain
2025-02-22,11:00,Maharajgunj,103,34.7,Low,Clear
2025-02-27,10:30,Ratnapark,50,36.3,Low,Rain
2025-01-10,9:30,Maharajgunj,235,35.9,Low,Fog
2025-03-20,13:00,Kalanki,95,7.3,High,Fog
2025-01-21,11:00,Maharajgunj,102,36.1,Low,Clear
2025-02-04,11:45,Maharajgunj,47,34.4,Low,Clear
2025-04-16,12:00,Baneshwor,45,12.7,Low,Clear
2025-01-09,12:45,Chabahil,192,31.4,Medium,Fog
2025-02-08,12:30,Bhaktapur,95,36.5,Medium,Clear
2025-03-29,13:30,Koteshwor,189,33.7,High,Clear
2025-05-05,15:30,Baneshwor,95,33.5,Low,Cloudy
2025-03-14,12:30,Koteshwor,103,37.0,High,Fog
2025-05-01,8:00,Chabahil,103,37.3,High,Rain
2025-04-29,13:00,Baneshwor,53,37.1,Medium,Cloudy
2025-01-31,12:15,Koteshwor,47,39.1,Medium,Clear
2025-04-14,13:15,Lalitpur,464,32.5,High,Clear
2025-04-25,15:00,Ratnapark,49,35.4,High,Rain
2025-03-23,11:45,Ratnapark,50,35.3,High,Cloudy
2025-02-24,12:30,Kalanki,366,34.3,Low,Clear
2025-01-02,9:45,Maharajgunj,263,7.1,Medium,Clear
2025-02-06,13:00,Ratnapark,102,34.2,High,Rain
2025-03-01,15:30,Bhaktapur,783,45.6,Medium,Cloudy
2025-04-28,9:00,Kalanki,95,36.8,Medium,Cloudy
2025-02-06,9:15,Lalitpur,951,32.5,Low,Cloudy
2025-01-09,12:45,Bhaktapur,650,34.5,Low,Fog
2025-01-01,14:15,Baneshwor,392,33.1,Low,Fog
2025-04-16,8:30,Bhaktapur,54,31.6,Low,Fog
2025-01-16,15:30,Maharajgunj,371,36.6,Medium,Cloudy
2025-01-19,15:30,Kalanki,248,36.8,Low,Clear
2025-01-12,15:15,Koteshwor,103,35.9,Low,Cloudy
2025-04-27,11:00,Chabahil,103,26.6,High,Fog
2025-03-26,14:15,Lalitpur,98,32.5,Medium,Rain
2025-02-25,11:00,Maharajgunj,52,48.7,Low,Fog
2025-01-12,11:15,Koteshwor,282,2.1,High,Rain
2025-01-28,14:00,Koteshwor,95,42.5,Medium,Fog
2025-01-05,15:30,Lalitpur,101,49.2,Low,Rain
2025-03-24,12:45,Chabahil,354,37.1,High,Rain
2025-05-02,10:00,Bhaktapur,97,50.7,Low,Rain
2025-04-15,8:45,Koteshwor,102,33.6,Medium,Rain
2025-02-02,8:45,Maharajgunj,53,33.6,Medium,Fog
2025-01-22,15:30,Lalitpur,821,0.0,High,Fog
2025-01-23,8:00,Bhaktapur,45,36.1,Medium,Rain
2025-03-26,13:45,Baneshwor,739,34.5,Low,Rain
2025-04-21,11:15,Maharajgunj,101,34.8,Medium,Rain
2025-02-18,10:00,Koteshwor,99,37.7,Low,Rain
2025-04-14,10:30,Maharajgunj,95,35.2,High,Rain
2025-01-06,15:15,Bhaktapur,50,17.1,Low,Clear
2025-04-03,12:30,Ratnapark,100,36.1,Medium,Rain
2025-02-26,10:30,Maharajgunj,98,37.1,Medium,Clear
2025-04-11,9:30,Chabahil,51,14.6,High,Rain
2025-03-08,9:15,Bhaktapur,101,14.4,Medium,Clear
2025-02-16,10:15,Maharajgunj,53,34.7,High,Fog
2025-01-18,10:30,Baneshwor,605,34.8,High,Clear
2025-02-22,15:00,Lalitpur,49,35.2,High,Fog
2025-05-02,14:30,Kalanki,702,33.5,Medium,Rain
2025-02-19,15:00,Ratnapark,47,33.9,Low,Rain
2025-02-06,8:00,Bhaktapur,51,37.8,High,Rain
2025-03-25,8:30,Baneshwor,98,39.0,Medium,Cloudy
2025-03-21,14:15,Ratnapark,48,35.2,Medium,Cloudy
2025-02-17,8:00,Ratnapark,45,32.4,Low,Clear
2025-01-08,11:15,Koteshwor,277,1.2,High,Rain
2025-05-01,15:15,Maharajgunj,54,32.6,Medium,Clear
2025-04-29,13:45,Lalitpur,96,30.3,Medium,Clear
2025-05-01,14:45,Ratnapark,540,0.4,High,Clear
2025-02-03,12:15,Koteshwor,45,33.8,Medium,Clear
2025-04-24,14:45,Koteshwor,107,31.8,Low,Fog
2025-04-12,9:15,Ratnapark,50,37.0,Medium,Fog
2025-01-06,12:00,Lalitpur,998,34.0,Low,Fog
2025-02-19,14:00,Koteshwor,104,48.1,Low,Clear
2025-01-07,10:45,Baneshwor,54,36.1,Medium,Cloudy
2025-01-22,10:15,Bhaktapur,53,36.9,High,Cloudy
2025-05-03,13:00,Koteshwor,49,33.9,Low,Clear
2025-02-01,9:45,Koteshwor,48,34.5,High,Fog
2025-03-04,10:30,Ratnapark,209,33.9,Medium,Fog
2025-03-30,9:45,Koteshwor,100,6.3,Low,Rain
2025-01-07,8:45,Chabahil,52,34.6,High,Cloudy
2025-02-18,14:00,Ratnapark,45,34.4,Low,Fog
2025-04-08,10:00,Baneshwor,101,32.5,Low,Fog
2025-01-22,13:00,Chabahil,52,36.3,High,Rain
2025-01-16,15:15,Bhaktapur,53,54.0,High,Rain
2025-03-02,15:00,Ratnapark,55,36.4,Medium,Clear
2025-02-24,13:15,Baneshwor,102,33.5,Medium,Cloudy
2025-01-09,8:00,Chabahil,444,26.0,Low,Fog
2025-03-19,8:15,Lalitpur,47,1.9,Low,Clear
2025-04-07,14:30,Baneshwor,46,33.7,Low,Cloudy
2025-02-16,11:15,Bhaktapur,793,33.2,Medium,Rain
2025-01-08,14:30,Ratnapark,98,32.5,High,Fog
2025-02-07,14:30,Ratnapark,98,34.4,Low,Clear
2025-05-05,11:45,Lalitpur,100,38.2,High,Rain
2025-04-17,9:30,Ratnapark,51,58.0,High,Clear
2025-02-10,13:30,Kalanki,221,6.8,Medium,Cloudy
2025-01-29,9:30,Baneshwor,54,36.3,Medium,Rain
2025-01-07,11:00,Bhaktapur,948,55.3,High,Clear
2025-05-03,13:00,Koteshwor,53,30.8,Low,Clear
2025-04-18,14:00,Bhaktapur,100,36.3,Medium,Rain
2025-02-10,13:45,Bhaktapur,47,39.3,Medium,Cloudy
2025-01-21,11:30,Chabahil,95,29.8,High,Cloudy
2025-02-14,13:00,Baneshwor,55,32.5,Medium,Clear
2025-03-08,14:00,Baneshwor,104,29.3,High,Rain
2025-02-13,12:30,Baneshwor,104,34.8,Medium,Rain
2025-03-22,13:30,Kalanki,816,37.0,Medium,Clear
2025-02-11,11:00,Bhaktapur,104,35.2,Low,Clear
2025-03-07,13:00,Chabahil,54,36.8,Low,Rain
2025-03-28,14:15,Lalitpur,97,36.7,Medium,Rain
2025-02-15,12:30,Baneshwor,102,38.4,Medium,Rain
2025-03-13,12:45,Chabahil,54,37.3,Medium,Fog
2025-03-23,14:00,Ratnapark,542,34.2,Low,Fog
2025-02-03,10:15,Koteshwor,55,43.1,High,Clear
2025-01-20,15:30,Kalanki,246,33.3,Low,Clear
2025-02-26,8:30,Chabahil,990,34.5,Low,Fog
2025-02-09,11:30,Ratnapark,193,35.1,Medium,Cloudy
2025-03-19,15:00,Maharajgunj,52,34.8,High,Fog
2025-03-06,10:00,Koteshwor,99,5.7,High,Rain
2025-03-31,13:45,Lalitpur,52,27.3,High,Fog
2025-02-18,10:45,Lalitpur,55,33.1,Medium,Rain
2025-04-23,9:30,Koteshwor,564,33.3,Low,Cloudy
2025-04-20,10:15,Chabahil,50,36.3,Medium,Rain
2025-04-25,11:30,Chabahil,96,40.2,Medium,Fog
2025-03-20,11:00,Koteshwor,55,0.0,Medium,Clear
2025-04-08,13:45,Baneshwor,98,37.7,High,Cloudy
2025-04-14,14:00,Lalitpur,53,37.6,Low,Rain
2025-04-01,9:15,Ratnapark,48,34.9,High,Rain
2025-03-07,11:30,Lalitpur,99,34.9,Medium,Cloudy
2025-03-04,9:45,Koteshwor,49,23.9,High,Clear
2025-04-07,12:45,Kalanki,54,16.3,High,Cloudy
2025-01-09,11:15,Koteshwor,284,3.6,High,Rain
2025-03-09,11:45,Chabahil,124,35.5,Low,Rain
2025-02-20,13:00,Chabahil,304,36.9,Low,Cloudy
2025-03-21,13:15,Lalitpur,51,2.2,Medium,Rain
2025-04-22,11:15,Maharajgunj,50,8.7,Medium,Clear
2025-02-07,12:45,Koteshwor,851,38.2,High,Cloudy
2025-02-16,14:00,Ratnapark,49,36.6,Low,Fog
2025-05-05,15:15,Koteshwor,97,37.4,High,Fog
2025-04-17,13:00,Maharajgunj,51,47.0,High,Cloudy
2025-04-23,11:15,Baneshwor,104,32.7,Medium,Clear
2025-04-02,8:00,Ratnapark,99,36.0,High,Rain
2025-03-13,10:15,Maharajgunj,101,9.3,High,Rain
2025-03-24,13:45,Ratnapark,241,34.4,Low,Rain
2025-04-24,10:30,Bhaktapur,103,36.5,Medium,Clear
2025-03-16,15:00,Baneshwor,52,37.8,Low,Fog
2025-01-26,8:30,Lalitpur,773,34.5,Low,Rain
2025-04-22,14:00,Maharajgunj,46,33.7,Low,Clear
2025-04-13,15:15,Chabahil,50,35.6,High,Rain
2025-03-01,11:30,Baneshwor,990,46.9,Low,Fog
2025-03-17,9:15,Koteshwor,101,33.7,Low,Rain
2025-02-15,8:30,Ratnapark,52,35.0,High,Rain
2025-01-16,13:00,Bhaktapur,924,34.9,Low,Rain
2025-01-26,14:15,Lalitpur,132,31.2,High,Clear
2025-04-07,12:45,Koteshwor,805,33.3,High,Clear
2025-03-28,9:45,Koteshwor,96,7.5,Low,Rain
2025-02-22,11:00,Maharajgunj,49,49.5,Low,Fog
2025-03-22,14:15,Maharajgunj,459,31.8,High,Rain
2025-01-31,15:15,Ratnapark,95,35.7,High,Rain
2025-03-22,13:15,Lalitpur,48,3.8,Medium,Rain
2025-03-15,10:15,Maharajgunj,96,13.6,High,Rain
2025-02-15,15:00,Koteshwor,50,34.5,Medium,Clear
2025-01-11,9:00,Koteshwor,929,33.4,High,Rain
2025-03-09,10:45,Bhaktapur,101,31.5,Medium,Fog
2025-04-24,12:15,Baneshwor,47,60.3,Medium,Clear
2025-01-10,14:30,Baneshwor,45,35.4,High,Clear
2025-03-30,13:30,Koteshwor,189,38.5,High,Clear
2025-03-08,15:30,Koteshwor,51,5.9,High,Cloudy
2025-01-19,9:30,Lalitpur,96,34.5,High,Cloudy
2025-04-01,9:30,Bhaktapur,255,34.2,High,Clear
2025-01-26,14:45,Koteshwor,97,47.9,Low,Rain
2025-01-29,12:30,Maharajgunj,103,36.3,Low,Cloudy
2025-04-11,10:00,Baneshwor,102,34.8,Low,Rain
2025-01-30,11:45,Ratnapark,49,36.0,High,Clear
2025-02-02,10:15,Koteshwor,101,38.7,Medium,Rain
2025-01-18,10:00,Ratnapark,47,34.2,Medium,Clear
2025-03-17,12:00,Baneshwor,109,18.3,Medium,Rain
2025-04-27,13:15,Bhaktapur,95,36.0,Medium,Clear
2025-04-18,13:45,Maharajgunj,55,39.3,Low,Clear
2025-01-13,12:00,Kalanki,96,33.5,High,Cloudy
2025-04-21,11:00,Ratnapark,52,35.8,High,Cloudy
2025-01-29,10:45,Bhaktapur,95,36.6,Low,Rain
2025-01-18,10:30,Ratnapark,55,33.1,High,Clear
2025-04-17,15:30,Baneshwor,99,34.4,Low,Cloudy
2025-01-01,10:45,Lalitpur,53,38.0,Medium,Rain
2025-05-05,9:45,Bhaktapur,103,33.6,High,Fog
2025-04-12,8:00,Baneshwor,102,35.1,Low,Rain
2025-01-13,13:15,Bhaktapur,959,26.8,Low,Clear
2025-02-19,15:00,Maharajgunj,55,47.0,High,Rain
2025-03-20,15:45,Kalanki,909,39.3,High,Rain
2025-01-04,15:45,Chabahil,97,37.5,High,Fog
2025-02-14,10:15,Maharajgunj,50,32.3,High,Fog
2025-05-03,15:00,Maharajgunj,103,35.1,High,Rain
2025-03-26,9:15,Kalanki,344,40.2,Medium,Rain
2025-04-06,8:30,Baneshwor,340,50.9,Low,Fog
2025-04-21,14:45,Koteshwor,106,26.6,Low,Fog
2025-01-01,14:30,Lalitpur,449,42.9,High,Clear
2025-01-27,12:00,Koteshwor,46,43.7,High,Cloudy
2025-03-02,11:45,Koteshwor,725,35.4,Medium,Fog
2025-03-24,14:30,Koteshwor,100,35.1,High,Rain
2025-02-10,10:30,Ratnapark,54,34.5,Low,Rain
2025-03-19,11:45,Koteshwor,882,42.0,Medium,Fog
2025-03-21,13:00,Kalanki,102,9.1,High,Fog
2025-04-16,10:00,Ratnapark,808,34.7,High,Cloudy
2025-01-10,14:30,Ratnapark,105,34.3,High,Fog
2025-01-18,10:30,Ratnapark,53,35.2,High,Clear
2025-01-24,9:30,Chabahil,98,5.4,Low,Rain
2025-01-20,8:15,Bhaktapur,526,33.0,Low,Cloudy
2025-02-28,8:15,Baneshwor,564,34.3,High,Fog
2025-02-06,12:30,Koteshwor,811,37.9,High,Clear
2025-02-12,10:00,Chabahil,181,51.9,High,Cloudy
2025-04-08,8:30,Kalanki,918,33.8,Medium,Clear
2025-03-10,15:45,Lalitpur,45,36.5,Low,Fog
2025-03-27,14:45,Baneshwor,151,36.3,Medium,Fog
2025-02-07,14:00,Lalitpur,103,26.2,Medium,Clear
2025-01-07,11:00,Bhaktapur,950,55.0,High,Clear
2025-02-10,11:30,Ratnapark,201,36.3,Medium,Cloudy
2025-04-26,12:30,Baneshwor,435,34.6,Low,Cloudy
2025-01-08,13:45,Chabahil,350,36.5,Low,Rain
2025-04-24,9:15,Maharajgunj,104,32.8,Low,Rain
2025-01-19,10:30,Maharajgunj,650,36.7,Medium,Cloudy
2025-04-09,11:30,Kalanki,274,36.8,Medium,Fog
2025-02-10,9:00,Baneshwor,95,31.6,High,Cloudy
2025-04-18,12:00,Lalitpur,913,1.5,Low,Fog
2025-03-13,12:45,Chabahil,437,29.1,Low,Fog
2025-03-11,10:00,Ratnapark,48,23.7,Medium,Fog
2025-04-22,10:30,Chabahil,97,50.7,Medium,Clear
2025-02-22,12:15,Lalitpur,50,49.3,Low,Fog
2025-03-15,9:15,Ratnapark,880,12.4,Low,Rain
2025-03-25,8:45,Ratnapark,49,37.8,Medium,Cloudy
2025-01-23,8:15,Lalitpur,941,32.9,High,Fog
2025-02-14,15:30,Ratnapark,46,37.9,High,Rain
2025-02-10,13:45,Bhaktapur,54,35.8,Medium,Cloudy
2025-04-16,14:00,Kalanki,103,8.2,Low,Clear
2025-04-24,8:00,Kalanki,50,34.3,High,Clear
2025-01-14,14:45,Chabahil,46,32.4,Medium,Cloudy
2025-04-27,9:00,Kalanki,102,36.9,Medium,Cloudy
2025-01-28,10:15,Koteshwor,102,35.6,High,Cloudy
2025-04-20,12:45,Maharajgunj,745,37.7,Low,Rain
2025-01-17,15:30,Maharajgunj,365,34.6,Medium,Cloudy
2025-01-01,13:00,Koteshwor,45,34.2,Low,Fog
2025-01-15,14:15,Kalanki,850,20.8,High,Rain
2025-03-13,8:00,Chabahil,98,38.8,Low,Rain
2025-01-05,8:45,Chabahil,52,35.0,High,Cloudy
2025-03-30,13:30,Koteshwor,182,33.5,High,Clear
2025-02-27,8:45,Kalanki,597,14.6,High,Fog
2025-03-23,10:00,Bhaktapur,47,34.5,Low,Clear
2025-02-01,15:00,Ratnapark,105,36.2,Medium,Cloudy
2025-02-27,10:15,Maharajgunj,967,34.5,High,Clear
2025-01-12,11:15,Kalanki,53,38.1,High,Cloudy
2025-03-02,13:45,Baneshwor,493,30.6,Low,Cloudy
2025-01-08,15:15,Koteshwor,53,36.0,High,Fog
2025-03-01,9:15,Maharajgunj,51,34.0,Low,Fog
2025-02-23,12:30,Kalanki,365,34.4,Low,Clear
2025-04-17,8:30,Kalanki,45,48.2,Low,Fog
2025-04-27,9:00,Maharajgunj,99,36.5,Low,Fog
2025-04-04,9:15,Maharajgunj,96,56.8,High,Cloudy
2025-03-01,12:15,Ratnapark,95,36.1,Medium,Fog
2025-02-07,14:45,Ratnapark,448,34.8,Medium,Clear
2025-01-26,8:45,Kalanki,281,35.3,Medium,Clear
2025-04-01,10:15,Baneshwor,45,36.8,Medium,Fog
2025-03-18,15:15,Baneshwor,55,36.9,Low,Cloudy
2025-03-26,9:30,Bhaktapur,96,29.6,High,Rain
2025-03-28,10:15,Ratnapark,576,34.5,High,Rain
2025-03-15,14:00,Lalitpur,292,35.6,Low,Rain
2025-02-20,9:30,Bhaktapur,97,7.3,High,Cloudy
2025-03-05,13:30,Koteshwor,97,52.9,Low,Cloudy
2025-03-22,11:30,Ratnapark,104,36.4,High,Cloudy
2025-04-30,11:30,Koteshwor,99,35.8,Medium,Clear
2025-01-04,13:00,Ratnapark,97,5.5,Low,Rain
2025-02-18,10:45,Baneshwor,130,36.8,Medium,Fog
2025-01-28,9:30,Koteshwor,101,32.1,Low,Rain
2025-03-18,15:15,Ratnapark,49,40.0,Medium,Rain
2025-03-19,12:45,Bhaktapur,98,47.4,Medium,Rain
2025-02-27,8:15,Lalitpur,47,35.0,Medium,Clear
2025-03-03,12:15,Chabahil,436,33.3,High,Fog
2025-03-26,10:00,Kalanki,346,34.6,Medium,Fog
2025-03-21,11:30,Lalitpur,45,35.2,High,Rain
2025-01-03,10:45,Maharajgunj,47,53.9,Medium,Clear
2025-03-21,13:30,Kalanki,822,38.0,Medium,Clear
2025-03-30,13:30,Koteshwor,183,34.0,High,Clear
2025-04-11,11:45,Chabahil,45,20.1,Low,Clear
2025-02-05,12:30,Chabahil,45,32.4,High,Fog
2025-02-23,12:30,Kalanki,359,34.2,Low,Clear
2025-04-04,12:45,Kalanki,53,18.8,High,Cloudy
2025-03-24,12:00,Ratnapark,49,11.4,Low,Cloudy
2025-01-29,11:30,Koteshwor,363,48.5,Low,Clear
2025-02-24,14:45,Lalitpur,102,34.1,Low,Rain
2025-05-01,13:45,Ratnapark,55,38.9,Medium,Cloudy
2025-03-09,12:30,Lalitpur,746,20.3,Low,Rain
2025-03-22,11:00,Maharajgunj,658,11.4,Medium,Clear
2025-03-25,14:15,Lalitpur,104,30.5,Medium,Rain
2025-01-15,10:45,Chabahil,49,40.0,High,Rain
2025-05-03,14:30,Baneshwor,95,16.0,Medium,Cloudy
2025-03-28,11:30,Kalanki,51,34.4,Low,Cloudy
2025-04-01,15:30,Maharajgunj,104,34.0,Medium,Fog
2025-02-02,13:00,Chabahil,105,35.8,Medium,Clear
2025-03-13,9:45,Baneshwor,309,22.8,Medium,Clear
2025-01-04,10:45,Chabahil,102,36.9,Medium,Cloudy
2025-01-26,15:45,Ratnapark,136,33.1,Low,Cloudy
2025-03-27,9:00,Kalanki,807,0.0,High,Rain
2025-01-27,9:30,Koteshwor,99,39.1,Low,Rain
2025-03-14,11:15,Chabahil,48,35.4,Low,Rain
2025-04-08,11:45,Chabahil,49,18.7,Low,Clear
2025-01-16,10:30,Baneshwor,614,33.1,High,Clear
2025-01-18,15:45,Bhaktapur,710,36.0,High,Fog
2025-01-13,10:15,Chabahil,98,37.1,High,Fog
2025-05-02,10:15,Lalitpur,102,36.7,Low,Cloudy
2025-02-18,12:00,Ratnapark,343,55.5,High,Cloudy
2025-02-25,10:00,Maharajgunj,46,5.7,Medium,Clear
2025-03-28,12:15,Lalitpur,50,38.3,High,Fog
2025-03-16,8:45,Ratnapark,880,6.1,Medium,Rain
2025-02-18,8:30,Ratnapark,46,33.4,High,Rain
2025-03-08,11:45,Chabahil,128,29.9,Low,Rain
2025-01-19,15:30,Maharajgunj,368,35.6,Medium,Cloudy
2025-01-22,14:15,Lalitpur,101,36.6,High,Clear
2025-02-06,12:30,Chabahil,45,32.8,High,Fog
2025-03-04,15:30,Koteshwor,53,8.0,High,Clear
2025-01-03,12:30,Kalanki,906,34.5,Low,Cloudy
2025-01-24,8:30,Ratnapark,95,35.2,Low,Fog
2025-02-11,12:45,Ratnapark,798,39.9,Low,Cloudy
2025-05-03,11:30,Bhaktapur,447,37.6,Medium,Fog
2025-01-24,14:15,Lalitpur,102,35.3,High,Clear
2025-02-27,15:30,Bhaktapur,779,44.2,Medium,Cloudy
2025-05-01,15:00,Maharajgunj,98,36.8,High,Rain
2025-05-02,13:00,Koteshwor,46,32.5,Low,Clear
2025-02-17,13:15,Lalitpur,276,37.6,Medium,Rain
2025-03-06,12:30,Lalitpur,746,20.0,Low,Rain
2025-01-19,11:15,Ratnapark,50,37.8,Low,Rain
2025-04-09,11:45,Chabahil,46,18.7,Low,Clear
2025-04-27,11:00,Chabahil,105,26.0,High,Fog
2025-05-04,13:30,Maharajgunj,931,35.2,Low,Clear
2025-01-15,8:30,Baneshwor,48,34.8,Medium,Rain
2025-05-02,11:45,Lalitpur,95,33.7,High,Rain
2025-01-27,8:45,Kalanki,276,33.9,Medium,Clear
2025-01-27,12:30,Maharajgunj,97,34.3,Low,Cloudy
2025-03-15,12:30,Koteshwor,105,32.7,High,Fog
2025-02-25,10:45,Lalitpur,326,30.4,Low,Cloudy
2025-02-04,10:00,Bhaktapur,55,34.9,Medium,Clear
2025-04-18,9:30,Bhaktapur,102,21.4,High,Cloudy
2025-02-10,9:30,Ratnapark,50,32.8,Medium,Clear
2025-04-29,15:00,Maharajgunj,97,32.7,High,Rain
2025-02-08,12:45,Koteshwor,852,38.9,High,Cloudy
2025-03-25,13:45,Chabahil,51,33.7,Low,Fog
2025-04-23,9:15,Maharajgunj,107,36.2,Low,Rain
2025-02-06,10:30,Koteshwor,200,35.3,High,Rain
2025-01-04,8:15,Kalanki,50,0.4,Medium,Fog
2025-01-07,15:00,Lalitpur,95,38.6,Medium,Rain
2025-02-03,14:15,Maharajgunj,97,36.4,Medium,Clear
2025-02-13,11:15,Chabahil,467,33.5,Medium,Clear
2025-04-14,9:15,Ratnapark,98,34.9,High,Clear
2025-02-11,13:30,Maharajgunj,48,32.7,Medium,Clear
2025-03-02,9:00,Baneshwor,101,38.7,High,Fog
2025-01-02,14:15,Baneshwor,397,33.2,Low,Fog
2025-02-12,13:45,Bhaktapur,55,34.0,Medium,Cloudy
2025-04-19,8:30,Bhaktapur,46,33.5,Low,Fog
2025-01-14,11:15,Maharajgunj,818,35.2,Low,Rain
2025-04-18,12:00,Baneshwor,47,13.7,Low,Clear
2025-01-25,10:45,Chabahil,674,38.6,High,Clear
2025-04-11,14:45,Baneshwor,98,34.2,Low,Rain
2025-03-16,13:00,Lalitpur,926,35.8,Low,Rain
2025-03-12,8:15,Bhaktapur,973,44.2,Medium,Rain
2025-01-21,11:00,Lalitpur,55,33.0,High,Cloudy
2025-03-13,10:30,Lalitpur,743,39.8,Medium,Fog
2025-02-04,14:15,Chabahil,102,37.7,High,Cloudy
2025-04-12,10:15,Chabahil,672,36.4,High,Rain
2025-02-18,10:45,Lalitpur,51,38.2,Medium,Rain
2025-01-29,10:45,Bhaktapur,100,37.4,Low,Rain
2025-03-13,14:45,Baneshwor,96,35.2,Low,Clear
2025-03-25,9:00,Lalitpur,46,11.7,Low,Cloudy
2025-02-24,14:45,Lalitpur,98,38.0,Low,Rain
2025-04-13,9:15,Ratnapark,98,33.1,High,Clear
2025-02-18,10:00,Koteshwor,729,54.3,Low,Cloudy
2025-01-20,10:00,Baneshwor,102,42.5,Low,Cloudy
2025-01-06,9:45,Maharajgunj,259,6.0,Medium,Clear
2025-04-17,13:45,Maharajgunj,46,39.0,Low,Clear
2025-03-26,9:15,Maharajgunj,459,35.7,High,Clear
2025-01-12,11:15,Koteshwor,286,3.9,High,Rain
2025-03-26,13:00,Chabahil,53,0.0,Medium,Cloudy
2025-04-19,14:30,Baneshwor,49,34.5,Low,Cloudy
2025-04-20,10:15,Chabahil,46,37.8,Medium,Rain
2025-01-13,8:30,Baneshwor,47,30.4,Medium,Rain
2025-03-05,15:45,Bhaktapur,52,41.5,Low,Fog
2025-03-18,14:30,Baneshwor,98,33.5,Medium,Rain
2025-02-14,14:30,Koteshwor,440,32.8,Medium,Clear
2025-02-25,8:45,Kalanki,589,16.0,High,Fog
2025-03-08,12:30,Lalitpur,746,20.5,Low,Rain
2025-02-16,9:15,Maharajgunj,715,36.2,Medium,Rain
2025-05-05,15:30,Baneshwor,101,33.7,Low,Cloudy
2025-03-23,10:00,Bhaktapur,48,37.7,Low,Clear
2025-04-10,15:00,Lalitpur,46,31.8,Medium,Clear
2025-01-26,10:30,Koteshwor,103,58.3,Low,Cloudy
2025-04-06,9:15,Koteshwor,48,33.6,High,Cloudy
2025-02-22,11:00,Maharajgunj,103,34.5,Low,Clear
2025-02-14,8:30,Maharajgunj,470,34.1,Low,Rain
2025-03-29,12:00,Maharajgunj,598,32.9,Low,Clear
2025-05-01,12:30,Kalanki,55,38.9,Medium,Cloudy
2025-02-25,13:15,Lalitpur,498,36.6,Low,Fog
2025-04-13,13:15,Ratnapark,738,37.4,Low,Rain
2025-04-30,13:15,Koteshwor,96,32.6,Low,Clear
2025-01-20,9:30,Lalitpur,100,35.4,High,Cloudy
2025-04-01,14:30,Maharajgunj,226,36.0,High,Rain
2025-05-05,9:00,Ratnapark,895,25.5,High,Fog
2025-03-12,15:15,Chabahil,100,2.7,Low,Clear
2025-01-07,15:15,Maharajgunj,327,37.2,High,Cloudy
2025-01-31,8:30,Kalanki,504,14.2,Low,Fog
2025-03-28,11:15,Baneshwor,102,33.1,Low,Rain
2025-02-24,12:45,Bhaktapur,97,31.3,Low,Clear
2025-02-20,13:30,Bhaktapur,99,36.2,High,Rain
2025-03-13,12:30,Koteshwor,103,39.9,High,Fog
2025-01-26,15:30,Bhaktapur,680,33.0,Low,Fog
2025-04-09,12:00,Baneshwor,537,35.3,Medium,Fog
2025-03-24,12:00,Lalitpur,101,37.2,Low,Rain
2025-03-12,13:00,Kalanki,105,31.5,Low,Clear
2025-03-11,12:15,Lalitpur,420,34.0,High,Clear
2025-04-06,11:45,Lalitpur,413,33.3,Low,Rain
2025-04-11,12:00,Baneshwor,670,37.0,High,Fog
2025-01-22,14:45,Koteshwor,99,53.7,Low,Rain
2025-04-27,10:30,Bhaktapur,312,35.3,High,Clear
2025-02-05,13:45,Kalanki,101,1.3,High,Clear
2025-02-12,15:00,Koteshwor,48,34.1,Medium,Clear
2025-04-06,8:00,Koteshwor,45,5.7,Medium,Fog
2025-01-13,11:00,Chabahil,112,33.0,High,Rain
2025-04-21,8:30,Kalanki,47,48.8,Low,Fog
2025-01-05,10:30,Ratnapark,716,36.1,Low,Rain
2025-03-30,11:15,Bhaktapur,290,3.0,High,Cloudy
2025-01-12,8:30,Maharajgunj,48,35.0,Low,Fog
2025-04-19,13:45,Lalitpur,596,35.1,Low,Rain
2025-02-15,8:00,Chabahil,101,50.8,High,Clear
2025-03-13,11:30,Bhaktapur,811,32.4,Low,Clear
2025-02-14,15:00,Koteshwor,51,35.3,Medium,Clear
2025-03-11,12:00,Kalanki,480,33.8,Low,Rain
2025-02-01,10:45,Koteshwor,48,18.3,Low,Fog
2025-03-25,10:00,Lalitpur,99,51.7,Medium,Rain
2025-04-07,8:30,Kalanki,919,33.8,Medium,Clear
2025-04-06,14:00,Chabahil,54,35.5,Low,Fog
2025-02-10,15:00,Koteshwor,105,36.7,High,Clear
2025-04-23,12:00,Ratnapark,48,33.1,Medium,Clear
2025-01-02,10:45,Lalitpur,49,35.2,Medium,Rain
2025-03-31,8:00,Ratnapark,99,31.4,High,Rain
2025-01-26,15:45,Ratnapark,137,38.1,Low,Cloudy
2025-04-20,9:30,Bhaktapur,98,19.3,High,Cloudy
2025-01-04,9:45,Bhaktapur,98,34.0,Medium,Rain
2025-01-06,14:45,Baneshwor,150,37.7,Low,Cloudy
2025-05-05,8:00,Lalitpur,105,34.5,Medium,Rain
2025-03-15,13:00,Lalitpur,930,32.6,Low,Rain
2025-03-27,8:30,Baneshwor,100,36.4,Medium,Cloudy
2025-03-09,9:15,Bhaktapur,100,14.4,Medium,Clear
2025-03-17,10:45,Lalitpur,50,33.7,Medium,Rain
2025-04-28,15:00,Ratnapark,104,16.0,Low,Rain
2025-04-21,13:00,Maharajgunj,99,34.1,Medium,Fog
2025-01-18,8:45,Baneshwor,99,49.6,Low,Cloudy
2025-03-06,12:15,Kalanki,103,32.2,Medium,Rain
2025-03-24,13:15,Lalitpur,52,1.6,Medium,Rain
2025-01-12,12:45,Bhaktapur,640,61.6,High,Cloudy
2025-04-23,12:00,Baneshwor,101,33.2,High,Cloudy
2025-02-24,12:30,Kalanki,365,33.8,Low,Clear
2025-01-30,11:30,Koteshwor,363,47.6,Low,Clear
2025-04-27,12:00,Koteshwor,99,36.2,High,Cloudy
2025-01-07,13:00,Lalitpur,47,37.4,High,Clear
2025-02-03,10:15,Koteshwor,98,37.4,Medium,Rain
2025-03-13,9:15,Koteshwor,54,0.5,Low,Rain
2025-04-27,12:45,Ratnapark,675,36.0,Low,Cloudy
2025-02-11,11:00,Maharajgunj,54,29.9,High,Clear
2025-03-29,11:15,Baneshwor,105,36.0,Low,Rain
2025-01-17,11:30,Baneshwor,364,36.0,Low,Cloudy
2025-03-03,8:30,Bhaktapur,103,34.1,Medium,Fog
2025-02-11,9:30,Ratnapark,55,35.4,Medium,Clear
2025-03-08,10:00,Koteshwor,105,5.5,High,Rain
2025-04-04,10:15,Bhaktapur,97,35.7,Low,Clear
2025-01-06,9:15,Kalanki,96,32.5,Low,Fog
2025-02-21,15:00,Lalitpur,50,34.1,High,Fog
2025-04-30,14:30,Baneshwor,101,18.4,Medium,Cloudy
2025-01-18,14:45,Ratnapark,99,35.6,Medium,Cloudy
2025-01-24,15:30,Koteshwor,614,35.2,Low,Rain
2025-02-04,13:00,Chabahil,47,57.9,High,Cloudy
2025-02-10,13:45,Bhaktapur,47,37.4,Medium,Cloudy
2025-04-26,8:45,Koteshwor,48,13.3,High,Clear
2025-02-15,13:30,Ratnapark,559,51.5,Low,Fog
2025-02-24,13:15,Lalitpur,497,37.9,Low,Fog
2025-04-18,14:00,Bhaktapur,99,34.3,Medium,Rain
2025-04-15,14:00,Kalanki,95,6.0,Low,Clear
2025-03-01,15:00,Ratnapark,50,34.7,Medium,Clear
2025-02-08,13:45,Bhaktapur,53,35.1,Medium,Cloudy
2025-03-05,15:30,Kalanki,55,37.9,High,Clear
2025-04-04,12:45,Kalanki,45,20.3,High,Cloudy
2025-02-14,14:15,Lalitpur,52,55.1,Medium,Fog
2025-03-07,12:15,Chabahil,440,32.1,High,Fog
2025-01-27,15:30,Ratnapark,97,31.6,Low,Cloudy
2025-03-31,15:15,Chabahil,53,21.5,Low,Clear
2025-01-07,14:00,Koteshwor,531,9.8,High,Fog
2025-03-11,14:45,Baneshwor,105,34.8,Low,Clear
2025-03-14,11:15,Lalitpur,681,43.8,High,Rain
2025-03-19,9:15,Ratnapark,641,32.8,High,Rain
2025-01-11,9:00,Koteshwor,938,32.6,High,Rain
2025-02-02,10:00,Kalanki,99,33.7,Medium,Clear
2025-04-26,9:00,Maharajgunj,97,33.6,Low,Fog
2025-01-31,9:45,Kalanki,99,12.1,Low,Fog
2025-04-30,9:30,Maharajgunj,53,34.2,Low,Rain
2025-05-03,15:00,Maharajgunj,98,31.9,High,Rain
2025-03-01,13:00,Lalitpur,50,36.8,Low,Fog
2025-02-16,10:45,Baneshwor,122,31.5,Medium,Fog
2025-02-19,14:45,Baneshwor,47,32.9,Medium,Rain
2025-04-08,10:15,Maharajgunj,49,31.8,Medium,Clear
2025-04-29,13:15,Koteshwor,102,35.4,Low,Clear
2025-04-13,12:45,Kalanki,189,0.4,Medium,Clear
2025-03-18,9:45,Chabahil,659,38.8,Low,Clear
2025-04-21,10:30,Baneshwor,102,36.8,High,Clear
2025-04-17,11:30,Lalitpur,105,5.9,Medium,Cloudy
2025-03-04,9:45,Koteshwor,52,26.6,High,Clear
2025-03-06,12:15,Chabahil,435,33.0,High,Fog
2025-04-10,10:00,Baneshwor,104,35.3,Low,Fog
2025-03-04,11:45,Bhaktapur,348,33.2,Low,Fog
2025-03-18,13:00,Lalitpur,927,36.4,Low,Rain
2025-05-02,13:45,Ratnapark,54,35.1,Medium,Cloudy
2025-04-21,12:30,Ratnapark,96,36.0,Low,Cloudy
2025-04-01,8:30,Lalitpur,53,31.1,High,Clear
2025-02-26,11:30,Baneshwor,989,46.9,Low,Fog
2025-02-04,14:15,Maharajgunj,100,32.8,Medium,Clear
2025-02-06,12:00,Chabahil,102,35.0,Low,Cloudy
2025-01-06,15:15,Bhaktapur,52,15.6,Low,Clear
2025-03-09,14:00,Baneshwor,95,34.2,High,Rain
2025-03-11,8:45,Maharajgunj,529,31.8,Low,Fog
2025-03-22,15:15,Ratnapark,47,32.9,Medium,Rain
2025-01-09,14:45,Baneshwor,146,34.0,Low,Cloudy
2025-04-18,8:30,Kalanki,50,49.1,Low,Fog
2025-01-05,9:45,Bhaktapur,98,35.5,Medium,Rain
2025-01-30,14:00,Koteshwor,98,42.0,Medium,Fog
2025-05-04,14:30,Maharajgunj,48,36.6,Medium,Rain
2025-02-18,9:30,Bhaktapur,54,8.2,High,Rain
2025-03-19,13:30,Kalanki,820,37.3,Medium,Clear
2025-04-05,9:00,Koteshwor,52,0.0,Medium,Fog
2025-04-03,11:45,Lalitpur,411,34.0,Low,Rain
2025-03-26,14:15,Lalitpur,95,33.6,Medium,Rain
2025-02-09,8:15,Ratnapark,45,35.6,Medium,Fog
2025-02-21,9:15,Maharajgunj,95,34.2,Low,Rain
2025-01-26,10:45,Bhaktapur,98,33.9,Low,Rain
2025-02-11,14:30,Koteshwor,444,34.1,Medium,Clear
2025-03-20,10:15,Baneshwor,48,33.6,Medium,Fog
2025-04-05,15:15,Baneshwor,105,17.4,Medium,Clear
2025-03-08,9:45,Maharajgunj,105,15.2,Low,Cloudy
2025-01-21,12:45,Lalitpur,47,35.6,Medium,Fog
2025-02-21,11:15,Maharajgunj,52,16.4,Low,Clear
2025-02-18,8:45,Kalanki,102,33.8,Low,Cloudy
2025-04-23,10:30,Baneshwor,100,38.8,High,Clear
2025-04-13,14:30,Kalanki,53,35.0,High,Cloudy
2025-03-25,11:15,Baneshwor,104,31.9,Low,Rain
2025-02-10,10:45,Kalanki,301,38.4,Low,Clear
2025-04-09,12:00,Baneshwor,540,35.1,Medium,Fog
2025-02-19,14:00,Ratnapark,50,35.9,Low,Fog
2025-02-20,13:30,Bhaktapur,95,34.5,High,Rain
2025-01-06,13:00,Lalitpur,48,33.0,High,Clear
2025-04-16,13:15,Baneshwor,99,49.8,High,Clear
2025-03-05,15:45,Bhaktapur,51,42.7,Low,Fog
2025-01-29,8:45,Kalanki,282,33.9,Medium,Clear
2025-01-26,8:30,Ratnapark,103,32.7,Low,Fog
2025-03-29,13:15,Kalanki,857,33.5,High,Fog
2025-01-31,12:30,Bhaktapur,54,36.3,High,Fog
2025-01-11,11:00,Bhaktapur,951,58.3,High,Clear
2025-01-17,10:30,Ratnapark,48,36.5,High,Clear
2025-03-31,11:15,Bhaktapur,293,4.6,High,Cloudy
2025-01-20,9:45,Chabahil,47,36.9,Low,Rain
2025-05-03,8:00,Chabahil,98,36.7,High,Rain
2025-02-21,9:00,Lalitpur,928,48.3,Low,Rain
2025-03-21,8:45,Ratnapark,48,35.3,Medium,Cloudy
2025-04-15,9:30,Kalanki,557,34.2,High,Clear
2025-05-02,15:15,Maharajgunj,53,34.6,Medium,Clear
2025-04-26,15:00,Ratnapark,50,37.1,High,Rain
2025-04-30,8:30,Maharajgunj,95,36.4,Low,Rain
2025-04-16,13:15,Lalitpur,465,30.8,High,Clear
2025-03-16,11:00,Ratnapark,103,34.7,High,Fog
2025-02-25,14:45,Chabahil,99,35.1,High,Clear
2025-01-29,10:45,Bhaktapur,100,35.9,Low,Rain
2025-02-19,8:00,Lalitpur,97,36.3,Low,Rain
2025-03-02,15:00,Ratnapark,52,32.0,Medium,Clear
2025-04-12,14:30,Kalanki,54,32.8,High,Cloudy
2025-04-28,10:30,Maharajgunj,55,37.2,Low,Fog
2025-04-20,15:00,Lalitpur,98,34.9,Low,Cloudy
2025-02-16,9:15,Maharajgunj,121,34.2,High,Clear
2025-04-24,8:45,Koteshwor,55,9.5,High,Clear
2025-02-13,9:15,Maharajgunj,122,34.5,High,Clear
2025-01-25,11:15,Ratnapark,54,16.1,Low,Rain
2025-01-20,11:30,Chabahil,103,32.8,High,Cloudy
2025-03-11,9:45,Baneshwor,309,22.0,Medium,Clear
2025-02-21,11:30,Baneshwor,287,52.5,Low,Cloudy
2025-04-13,14:45,Bhaktapur,49,35.8,Low,Rain
2025-03-31,10:15,Baneshwor,53,35.4,Medium,Fog
2025-03-15,8:15,Lalitpur,53,2.0,Low,Clear
2025-03-09,13:00,Kalanki,104,32.9,Low,Clear
2025-01-09,8:15,Chabahil,104,21.1,High,Rain
2025-04-28,15:45,Baneshwor,96,7.9,Low,Fog
2025-02-23,10:15,Chabahil,818,34.4,High,Fog
2025-03-23,9:15,Baneshwor,409,58.6,Medium,Rain
2025-03-31,12:45,Kalanki,120,49.4,Medium,Fog
2025-03-21,8:00,Bhaktapur,49,38.2,High,Cloudy
2025-03-08,13:30,Lalitpur,387,33.9,Low,Clear
2025-04-21,11:30,Baneshwor,927,33.0,Low,Rain
2025-01-12,12:30,Baneshwor,391,21.5,Low,Clear
2025-04-17,12:00,Lalitpur,912,3.2,Low,Fog
2025-03-31,12:30,Ratnapark,104,32.9,Medium,Rain
2025-03-30,10:30,Chabahil,53,34.9,High,Clear
2025-04-28,9:30,Maharajgunj,51,33.0,Low,Rain
2025-01-27,9:00,Baneshwor,649,32.1,Medium,Rain
2025-01-07,9:00,Maharajgunj,99,7.4,High,Clear
2025-02-19,11:15,Bhaktapur,791,33.1,Medium,Rain
2025-03-31,10:45,Bhaktapur,48,33.6,High,Clear
2025-03-08,10:00,Koteshwor,96,7.0,High,Rain
2025-04-06,14:00,Ratnapark,449,41.8,Low,Clear
2025-04-09,12:45,Bhaktapur,47,36.9,Low,Clear
2025-05-02,15:00,Maharajgunj,103,36.6,High,Rain
2025-03-03,11:45,Koteshwor,732,34.8,Medium,Fog
2025-01-16,12:15,Kalanki,98,34.1,Low,Rain
2025-01-12,8:45,Bhaktapur,551,35.5,Medium,Fog
2025-01-30,11:45,Bhaktapur,97,9.3,Medium,Cloudy
2025-04-29,11:45,Ratnapark,97,10.9,High,Fog
2025-02-04,13:15,Lalitpur,51,35.3,High,Rain
2025-01-30,11:00,Ratnapark,626,33.6,High,Fog
2025-02-12,13:00,Baneshwor,55,34.7,Medium,Clear
2025-01-22,13:15,Maharajgunj,100,3.3,Medium,Rain
2025-04-26,15:45,Baneshwor,98,0.5,Low,Fog
2025-04-10,13:45,Kalanki,186,30.3,Low,Fog
2025-03-15,12:45,Chabahil,55,33.1,Medium,Fog
2025-03-30,10:30,Chabahil,45,38.6,High,Clear
2025-01-06,11:15,Lalitpur,54,34.4,Low,Clear
2025-02-06,13:45,Ratnapark,52,36.6,High,Fog
2025-03-28,8:30,Maharajgunj,45,30.8,Low,Rain
2025-02-07,14:30,Ratnapark,99,33.0,Low,Clear
2025-04-14,15:00,Lalitpur,503,32.3,High,Rain
2025-01-11,15:00,Kalanki,50,34.6,High,Rain
2025-03-04,15:00,Ratnapark,53,39.8,Medium,Clear
2025-03-15,12:00,Baneshwor,113,23.9,Medium,Rain
2025-03-03,15:00,Ratnapark,48,38.4,Medium,Fog
2025-03-03,9:00,Baneshwor,96,34.5,High,Fog
2025-02-18,10:00,Kalanki,47,18.7,Medium,Rain
2025-04-21,12:00,Baneshwor,100,39.1,High,Cloudy
2025-03-28,12:45,Kalanki,127,47.8,Medium,Fog
2025-02-13,11:30,Bhaktapur,102,33.9,Medium,Clear
2025-03-29,15:30,Chabahil,49,32.4,Medium,Fog
2025-02-21,14:45,Baneshwor,49,34.4,Medium,Rain
2025-01-25,13:15,Bhaktapur,104,21.2,High,Fog
2025-04-13,9:30,Kalanki,554,39.1,High,Clear
2025-04-27,9:00,Kalanki,101,32.4,Medium,Cloudy
2025-04-18,10:00,Ratnapark,804,35.1,High,Cloudy
2025-02-27,14:45,Maharajgunj,313,31.4,High,Rain
2025-04-04,10:45,Bhaktapur,48,34.1,High,Clear
2025-05-02,8:00,Chabahil,100,35.6,High,Rain
2025-03-09,12:30,Lalitpur,751,19.0,Low,Rain
2025-05-04,10:30,Maharajgunj,351,36.2,Medium,Rain
2025-04-30,8:30,Maharajgunj,216,35.8,Low,Cloudy
2025-03-10,10:45,Chabahil,47,29.2,High,Clear
2025-02-11,11:00,Bhaktapur,100,35.1,Low,Clear
2025-03-09,11:45,Ratnapark,54,32.9,High,Clear
2025-04-17,10:00,Ratnapark,804,31.3,High,Cloudy
2025-03-17,14:30,Baneshwor,103,33.9,Medium,Rain
2025-01-21,8:00,Bhaktapur,53,34.7,Medium,Rain
2025-02-22,13:30,Maharajgunj,96,25.5,Medium,Fog
2025-03-01,10:15,Lalitpur,48,34.8,Medium,Cloudy
2025-05-03,10:15,Koteshwor,103,34.6,Low,Rain
2025-01-13,11:45,Bhaktapur,191,35.8,High,Clear
2025-02-24,10:45,Lalitpur,329,28.5,Low,Cloudy
2025-02-18,14:15,Lalitpur,164,36.6,High,Fog
2025-05-02,10:00,Bhaktapur,97,58.0,Low,Rain
2025-03-30,13:45,Baneshwor,97,33.4,Low,Clear
2025-01-30,10:45,Bhaktapur,103,35.2,Low,Rain
2025-04-13,13:45,Kalanki,191,35.7,Low,Fog
2025-01-28,11:30,Koteshwor,364,53.2,Low,Clear
2025-02-26,13:00,Lalitpur,52,34.7,Low,Fog
2025-02-17,14:15,Lalitpur,45,55.4,Medium,Fog
2025-03-07,10:15,Koteshwor,755,32.7,Medium,Fog
2025-01-28,13:00,Chabahil,96,34.4,High,Cloudy
2025-04-02,12:45,Maharajgunj,47,37.3,Medium,Cloudy
2025-04-21,14:00,Maharajgunj,55,33.6,Low,Clear
2025-01-19,9:00,Maharajgunj,96,6.7,Low,Cloudy
2025-01-17,8:15,Ratnapark,357,31.9,High,Cloudy
2025-02-14,8:30,Maharajgunj,473,39.0,Low,Rain
2025-03-13,10:30,Lalitpur,748,37.5,Medium,Fog
2025-01-10,12:45,Bhaktapur,653,34.4,Low,Fog
2025-03-15,12:00,Baneshwor,114,24.0,Medium,Rain
2025-03-13,14:45,Baneshwor,101,35.8,Low,Clear
2025-02-20,14:45,Baneshwor,897,62.8,Medium,Clear
2025-01-05,12:30,Kalanki,906,34.0,Low,Cloudy
2025-03-29,15:30,Ratnapark,100,18.5,Medium,Clear
2025-03-02,8:15,Lalitpur,45,37.2,Medium,Clear
2025-01-10,13:15,Maharajgunj,492,37.4,Medium,Rain
2025-03-17,12:00,Baneshwor,111,18.5,Medium,Rain
2025-05-02,14:45,Lalitpur,95,33.8,Medium,Fog
2025-03-27,14:45,Baneshwor,152,33.0,Medium,Fog
2025-02-05,13:45,Ratnapark,53,35.3,High,Fog
2025-01-07,9:15,Kalanki,103,31.0,Low,Fog
2025-01-29,15:30,Ratnapark,99,30.9,Low,Cloudy
2025-04-23,8:45,Ratnapark,334,26.3,Low,Cloudy
2025-04-29,10:15,Koteshwor,103,36.2,Low,Rain
2025-03-25,15:45,Maharajgunj,103,35.2,Low,Cloudy
2025-03-24,8:45,Ratnapark,47,35.7,Medium,Cloudy
2025-03-30,13:45,Baneshwor,99,29.3,Low,Clear
2025-03-13,9:45,Baneshwor,304,24.0,Medium,Clear
2025-04-04,12:45,Maharajgunj,54,33.7,Medium,Cloudy
2025-01-24,12:30,Maharajgunj,46,35.4,Medium,Fog
2025-02-10,12:30,Bhaktapur,95,35.5,Medium,Clear
2025-04-30,15:15,Maharajgunj,511,11.9,Low,Fog
2025-03-14,8:45,Maharajgunj,96,37.6,High,Clear
2025-03-30,14:45,Koteshwor,311,34.1,High,Fog
2025-04-12,11:45,Bhaktapur,55,37.0,High,Clear
2025-03-14,13:45,Koteshwor,52,35.2,Low,Fog
2025-04-27,14:00,Maharajgunj,47,38.3,Low,Fog
2025-04-08,11:45,Chabahil,51,16.9,Low,Clear
2025-01-17,12:30,Chabahil,230,32.8,Medium,Rain
2025-01-21,10:15,Bhaktapur,46,33.2,High,Cloudy
2025-03-05,8:30,Koteshwor,103,35.3,High,Clear
2025-03-28,13:15,Kalanki,854,38.1,High,Fog
2025-04-30,12:30,Chabahil,46,12.2,Medium,Rain
2025-01-01,13:45,Kalanki,97,30.4,Low,Fog
2025-04-03,8:00,Koteshwor,562,50.5,Medium,Clear
2025-02-08,9:15,Chabahil,102,28.6,High,Cloudy
2025-04-27,14:45,Ratnapark,308,36.6,High,Clear
2025-01-25,10:00,Ratnapark,97,9.2,High,Clear
2025-05-01,11:45,Ratnapark,99,11.9,High,Fog
2025-01-20,8:45,Bhaktapur,105,35.2,High,Fog
2025-03-11,10:00,Ratnapark,55,21.1,Medium,Fog
2025-04-02,8:00,Ratnapark,102,33.4,High,Rain
2025-04-05,13:00,Baneshwor,101,35.9,High,Cloudy
2025-04-29,11:30,Chabahil,100,42.5,Medium,Fog
2025-03-02,9:15,Maharajgunj,45,36.9,Low,Fog
2025-01-11,14:30,Maharajgunj,355,35.8,Low,Rain
2025-02-06,14:00,Lalitpur,95,26.3,Medium,Clear
2025-05-04,15:00,Maharajgunj,745,31.9,High,Fog
2025-03-24,9:15,Kalanki,344,37.3,Medium,Rain
2025-02-13,13:00,Koteshwor,224,37.6,High,Rain
2025-02-24,8:45,Kalanki,595,12.1,High,Fog
2025-03-14,11:15,Lalitpur,680,40.7,High,Rain
2025-03-06,14:30,Kalanki,50,38.6,Medium,Clear
2025-04-21,11:15,Maharajgunj,48,4.9,Medium,Clear
2025-01-24,13:15,Maharajgunj,95,2.7,Medium,Rain
2025-03-02,15:00,Ratnapark,53,34.7,Medium,Fog
2025-04-30,9:15,Bhaktapur,95,35.1,Low,Rain
2025-04-21,12:00,Ratnapark,48,38.8,Medium,Clear
2025-04-18,10:15,Chabahil,47,38.1,Medium,Rain
2025-01-10,8:00,Baneshwor,51,36.2,High,Cloudy
2025-04-23,8:15,Lalitpur,421,37.9,Medium,Cloudy
2025-02-04,14:15,Ratnapark,49,34.6,Medium,Clear
2025-01-28,10:45,Chabahil,672,35.6,High,Clear
2025-03-28,15:30,Chabahil,45,34.4,Medium,Fog
2025-03-18,15:15,Ratnapark,49,32.4,Medium,Rain
2025-02-24,11:00,Kalanki,363,38.4,High,Clear
2025-04-08,9:15,Maharajgunj,104,56.1,High,Cloudy
2025-04-09,8:00,Baneshwor,108,35.0,Low,Rain
2025-05-05,10:45,Ratnapark,46,35.0,Medium,Rain
2025-04-05,12:45,Kalanki,52,15.0,High,Cloudy
2025-01-13,8:30,Baneshwor,45,33.0,Medium,Rain
2025-02-24,14:30,Bhaktapur,769,35.7,Low,Fog
2025-03-26,10:45,Lalitpur,97,33.9,Medium,Fog
2025-02-25,11:15,Koteshwor,49,15.6,High,Clear
2025-02-20,9:45,Bhaktapur,49,7.8,Medium,Rain
2025-02-24,11:15,Koteshwor,49,14.6,High,Clear
2025-01-13,8:30,Koteshwor,967,14.1,Medium,Rain
2025-04-30,11:15,Bhaktapur,102,31.8,Low,Clear
2025-02-17,15:30,Chabahil,665,34.7,High,Clear
2025-01-06,14:45,Baneshwor,147,36.2,Low,Cloudy
2025-01-04,12:00,Lalitpur,993,31.7,Low,Fog
2025-01-26,10:45,Bhaktapur,101,35.0,Low,Rain
2025-04-15,11:45,Bhaktapur,45,35.6,High,Clear
2025-02-09,13:30,Kalanki,219,7.0,Medium,Cloudy
2025-01-16,10:15,Chabahil,105,37.8,High,Fog
2025-03-12,12:00,Kalanki,478,34.2,Low,Rain
2025-01-29,12:30,Bhaktapur,45,34.8,High,Fog
2025-01-21,8:00,Bhaktapur,55,34.7,Medium,Rain
2025-03-23,11:45,Baneshwor,97,31.5,Medium,Cloudy
2025-01-23,9:45,Chabahil,50,37.0,Low,Rain
2025-01-24,9:00,Kalanki,938,33.1,High,Rain
2025-01-13,14:00,Chabahil,686,36.5,Low,Rain
2025-01-15,10:00,Baneshwor,773,61.2,Medium,Rain
2025-01-01,12:15,Lalitpur,316,37.9,Low,Clear
2025-04-19,13:45,Lalitpur,596,32.8,Low,Rain
2025-04-18,12:00,Kalanki,50,34.1,High,Clear
2025-05-05,12:00,Koteshwor,104,37.8,High,Clear
2025-04-06,12:45,Koteshwor,803,35.9,High,Clear
2025-04-21,13:45,Lalitpur,601,36.3,Low,Rain
2025-04-14,11:30,Lalitpur,101,0.9,Medium,Cloudy
2025-02-24,15:00,Chabahil,99,34.2,High,Clear
2025-03-11,9:15,Baneshwor,52,52.7,Medium,Fog
2025-03-19,12:15,Kalanki,104,33.3,Low,Fog
2025-04-24,14:15,Bhaktapur,50,12.7,Low,Clear
2025-05-01,11:30,Bhaktapur,445,34.0,Medium,Fog
2025-04-16,11:30,Kalanki,661,58.7,Medium,Rain
2025-01-21,15:00,Koteshwor,101,35.1,Medium,Fog
2025-03-27,13:15,Maharajgunj,48,37.7,Low,Clear
2025-01-01,15:45,Kalanki,292,35.4,Medium,Rain
2025-01-02,12:30,Ratnapark,99,33.5,Low,Clear
2025-02-07,13:30,Kalanki,218,11.6,Medium,Cloudy
2025-05-02,8:30,Maharajgunj,206,35.4,Low,Cloudy
2025-04-06,12:45,Kalanki,47,19.9,High,Cloudy
2025-03-23,13:45,Chabahil,55,32.9,Low,Fog
2025-02-15,9:15,Maharajgunj,120,37.1,High,Clear
2025-03-24,15:00,Lalitpur,96,37.1,Low,Cloudy
2025-02-28,9:30,Chabahil,313,60.6,Medium,Fog
2025-01-19,10:00,Baneshwor,100,41.4,Low,Cloudy
2025-05-05,9:00,Ratnapark,885,24.9,High,Fog
2025-04-21,14:00,Bhaktapur,100,36.2,Medium,Rain
2025-04-08,9:15,Baneshwor,459,35.5,Medium,Clear
2025-03-08,15:30,Lalitpur,50,36.2,High,Rain
2025-01-08,13:00,Ratnapark,99,7.0,Low,Rain
2025-05-05,14:30,Maharajgunj,51,33.7,Medium,Rain
2025-01-28,8:45,Kalanki,275,32.7,Medium,Clear
2025-05-03,11:30,Chabahil,681,27.9,Medium,Clear
2025-05-04,11:45,Lalitpur,100,34.3,High,Rain
2025-01-19,8:45,Bhaktapur,95,36.6,High,Fog
2025-01-25,10:00,Chabahil,862,51.9,Low,Clear
2025-01-28,12:30,Lalitpur,55,37.0,High,Cloudy
2025-01-12,12:00,Kalanki,101,37.7,High,Cloudy
2025-02-01,10:15,Koteshwor,98,35.0,Medium,Rain
2025-03-07,14:30,Kalanki,47,35.1,Medium,Clear
2025-01-10,11:15,Koteshwor,286,2.5,High,Rain
2025-04-30,15:15,Bhaktapur,414,35.9,Low,Rain
2025-01-24,9:15,Maharajgunj,95,34.2,High,Fog
2025-02-01,9:45,Koteshwor,52,37.9,High,Fog
2025-04-16,12:00,Kalanki,45,34.9,High,Clear
2025-02-02,13:00,Chabahil,99,32.4,Medium,Clear
2025-02-28,13:45,Baneshwor,493,32.5,Low,Cloudy
2025-04-11,12:00,Baneshwor,676,36.7,High,Fog
2025-01-30,15:00,Maharajgunj,50,34.9,High,Clear
2025-03-23,12:30,Lalitpur,101,37.9,Medium,Fog
2025-04-21,8:30,Kalanki,55,50.6,Low,Fog
2025-01-29,11:00,Ratnapark,626,32.9,High,Fog
2025-01-27,10:45,Bhaktapur,100,33.9,Low,Rain
2025-03-22,8:45,Kalanki,409,35.5,Low,Rain
2025-04-29,8:30,Ratnapark,100,31.7,Low,Fog
2025-04-09,9:00,Koteshwor,55,0.7,Medium,Fog
2025-02-15,11:15,Bhaktapur,796,31.5,Medium,Rain
2025-02-06,13:45,Ratnapark,49,37.0,High,Fog
2025-02-17,10:00,Koteshwor,734,52.8,Low,Cloudy
2025-04-06,10:15,Koteshwor,46,36.0,Medium,Clear
2025-02-09,15:00,Maharajgunj,51,2.6,Medium,Cloudy
2025-03-22,12:30,Lalitpur,98,35.3,Medium,Fog
2025-02-06,13:45,Chabahil,849,34.0,Medium,Clear
2025-05-02,12:00,Koteshwor,99,32.9,High,Clear
2025-04-13,9:15,Ratnapark,47,34.3,Medium,Fog
2025-01-11,8:00,Baneshwor,48,36.4,High,Cloudy
2025-04-17,8:15,Kalanki,101,13.1,Medium,Clear
2025-02-12,15:15,Lalitpur,99,37.9,Medium,Rain
2025-04-30,15:00,Maharajgunj,98,36.5,High,Rain
2025-04-29,14:45,Ratnapark,539,7.3,High,Clear
2025-03-08,11:30,Lalitpur,100,31.8,Medium,Cloudy
2025-03-08,10:00,Ratnapark,105,34.4,Medium,Rain
2025-01-14,14:30,Chabahil,104,32.9,Medium,Cloudy
2025-05-02,13:00,Koteshwor,50,34.6,Low,Clear
2025-01-11,15:00,Lalitpur,101,33.6,Medium,Rain
2025-02-18,9:15,Maharajgunj,708,34.2,Medium,Rain
2025-03-15,9:15,Koteshwor,98,36.1,Low,Rain
2025-04-16,9:30,Ratnapark,53,60.0,High,Clear
2025-04-09,8:15,Koteshwor,398,37.0,High,Rain
2025-02-07,13:45,Ratnapark,50,31.8,High,Fog
2025-01-09,12:45,Maharajgunj,904,35.1,Low,Rain
2025-02-16,9:30,Ratnapark,679,36.9,High,Clear
2025-04-07,11:30,Lalitpur,862,38.0,Medium,Clear
2025-04-27,13:15,Ratnapark,48,31.9,Low,Clear
2025-05-03,10:00,Bhaktapur,104,53.3,Low,Rain
2025-03-17,14:00,Chabahil,880,37.1,Medium,Clear
2025-04-12,13:15,Ratnapark,736,34.6,Low,Rain
2025-03-06,12:15,Chabahil,438,33.2,High,Fog
2025-01-11,9:15,Kalanki,376,31.9,Medium,Cloudy
2025-04-28,13:15,Koteshwor,97,33.1,Low,Clear
2025-04-18,12:00,Kalanki,47,31.6,High,Clear
2025-03-24,12:00,Ratnapark,46,10.1,Low,Cloudy
2025-04-14,15:45,Maharajgunj,105,36.8,High,Clear
2025-03-20,8:45,Ratnapark,878,1.5,Medium,Rain
2025-02-08,13:30,Kalanki,227,9.5,Medium,Cloudy
2025-01-26,13:30,Kalanki,95,36.7,Low,Fog
2025-01-10,9:00,Maharajgunj,97,8.0,High,Clear
2025-05-02,11:30,Koteshwor,103,34.8,Medium,Clear
2025-02-18,8:45,Ratnapark,48,23.8,High,Fog
2025-04-27,14:45,Ratnapark,306,34.9,High,Clear
2025-01-14,9:45,Kalanki,52,51.7,Low,Clear
2025-01-24,13:00,Chabahil,95,18.9,High,Cloudy
2025-05-01,11:00,Chabahil,989,35.2,Low,Cloudy
2025-01-15,8:30,Baneshwor,45,36.0,Medium,Rain
2025-04-24,8:15,Kalanki,101,39.8,Low,Fog
2025-03-16,15:00,Baneshwor,49,35.2,Low,Fog
2025-01-08,12:15,Baneshwor,46,38.0,Low,Rain
2025-03-26,14:15,Lalitpur,95,35.7,Medium,Rain
2025-01-05,8:45,Chabahil,55,34.8,High,Cloudy
2025-03-12,9:45,Baneshwor,308,22.3,Medium,Clear
2025-01-05,10:30,Ratnapark,706,32.6,Low,Rain
2025-02-24,11:00,Maharajgunj,47,51.6,Low,Fog
2025-03-22,15:30,Ratnapark,55,48.0,Medium,Cloudy
2025-01-04,12:15,Lalitpur,320,33.3,Low,Clear
2025-01-03,13:45,Lalitpur,100,35.2,High,Clear
2025-01-09,12:30,Maharajgunj,799,44.4,High,Rain
2025-04-15,9:15,Ratnapark,105,37.9,High,Clear
2025-01-10,10:00,Baneshwor,55,34.5,High,Cloudy
2025-03-11,11:00,Baneshwor,95,51.3,Low,Fog
2025-01-31,15:00,Maharajgunj,51,37.0,High,Clear
2025-02-13,12:30,Baneshwor,96,32.3,Medium,Rain
2025-01-22,8:00,Bhaktapur,50,35.8,Medium,Rain
2025-02-20,14:45,Baneshwor,895,58.3,Medium,Clear
2025-04-25,9:15,Maharajgunj,106,34.7,Low,Rain
2025-04-29,9:00,Maharajgunj,104,34.1,Low,Fog
2025-02-17,12:45,Baneshwor,97,35.9,High,Rain
2025-03-02,9:15,Maharajgunj,55,36.1,Low,Fog
2025-04-16,13:15,Lalitpur,468,31.8,High,Clear
2025-03-27,8:00,Baneshwor,52,35.7,Medium,Clear
2025-01-05,14:45,Baneshwor,48,35.3,Medium,Cloudy
2025-02-19,15:30,Chabahil,670,38.7,High,Clear
2025-01-01,10:45,Chabahil,99,32.0,Medium,Cloudy
2025-02-11,9:30,Ratnapark,55,38.4,Medium,Rain
2025-01-11,12:45,Bhaktapur,641,57.4,High,Cloudy
2025-01-27,11:15,Ratnapark,327,20.1,High,Cloudy
2025-02-27,15:30,Chabahil,101,34.3,Low,Fog
2025-01-25,13:00,Chabahil,105,18.6,High,Cloudy
2025-03-07,10:00,Ratnapark,836,61.0,Medium,Cloudy
2025-02-05,11:45,Maharajgunj,53,37.1,Low,Clear
2025-02-24,15:45,Lalitpur,935,35.9,Medium,Clear
2025-01-16,12:30,Baneshwor,341,58.9,High,Rain
2025-01-26,15:45,Lalitpur,45,42.2,Medium,Fog
2025-04-30,10:15,Koteshwor,104,37.4,Low,Rain
2025-02-17,14:15,Lalitpur,55,55.9,Medium,Fog
2025-05-03,15:00,Maharajgunj,749,34.3,High,Fog
2025-01-16,8:30,Koteshwor,964,14.7,Medium,Rain
2025-04-18,11:30,Baneshwor,929,34.4,Low,Rain
2025-02-28,8:30,Baneshwor,776,37.2,Low,Fog
2025-02-13,13:00,Koteshwor,218,33.0,High,Rain
2025-01-21,11:00,Baneshwor,453,32.9,Low,Clear
2025-01-08,9:30,Maharajgunj,237,42.1,Low,Fog
2025-01-30,9:30,Koteshwor,102,35.6,Low,Rain
2025-04-07,10:30,Maharajgunj,46,25.5,Medium,Cloudy
2025-03-06,9:45,Koteshwor,53,23.8,High,Clear
2025-04-20,8:30,Kalanki,53,51.9,Low,Fog
2025-02-26,9:30,Chabahil,313,60.7,Medium,Fog
2025-01-16,9:45,Ratnapark,95,5.3,High,Clear
2025-01-22,10:00,Chabahil,861,51.4,Low,Clear
2025-01-23,9:00,Kalanki,942,34.3,High,Rain
2025-02-02,9:45,Ratnapark,223,36.5,Low,Cloudy
2025-04-12,15:45,Baneshwor,46,23.2,Medium,Rain
2025-04-16,13:15,Lalitpur,468,32.3,High,Clear
2025-04-27,10:15,Chabahil,97,32.0,High,Cloudy
2025-01-12,13:45,Maharajgunj,45,35.4,High,Clear
2025-04-02,10:30,Chabahil,55,37.9,High,Clear
2025-03-10,10:45,Bhaktapur,95,32.7,Medium,Fog
2025-02-18,8:45,Kalanki,104,35.7,Low,Cloudy
2025-05-02,11:30,Bhaktapur,442,39.7,Medium,Fog
2025-04-28,13:45,Koteshwor,101,38.2,Medium,Fog
2025-02-20,10:30,Baneshwor,50,37.1,High,Cloudy
2025-01-14,9:45,Ratnapark,105,8.1,High,Clear
2025-02-06,8:00,Bhaktapur,46,33.4,High,Rain
2025-04-21,8:30,Bhaktapur,880,33.2,Medium,Rain
2025-03-05,13:00,Chabahil,46,34.4,Low,Rain
2025-03-31,9:00,Kalanki,806,0.0,High,Rain
2025-03-11,11:45,Koteshwor,47,52.5,High,Rain
2025-04-24,9:00,Kalanki,869,32.9,High,Clear
2025-01-07,8:15,Koteshwor,104,34.4,Medium,Cloudy
2025-02-22,15:00,Kalanki,99,36.5,High,Cloudy
2025-01-06,9:45,Bhaktapur,99,35.0,Medium,Rain
2025-03-29,13:15,Maharajgunj,51,34.9,Low,Clear
2025-02-02,8:45,Bhaktapur,54,37.0,Medium,Rain
2025-04-04,15:00,Kalanki,102,35.0,Medium,Clear
2025-01-13,8:30,Maharajgunj,53,37.6,Low,Fog
2025-04-20,13:45,Bhaktapur,101,28.3,Low,Cloudy
2025-04-05,11:00,Ratnapark,49,32.0,Low,Cloudy
2025-01-26,15:30,Koteshwor,622,32.5,Low,Rain
2025-02-27,12:30,Maharajgunj,912,36.2,High,Cloudy
2025-04-23,12:30,Ratnapark,104,34.6,Low,Cloudy
2025-02-24,9:00,Baneshwor,391,34.9,High,Cloudy
2025-01-07,15:45,Chabahil,104,33.8,High,Fog
2025-01-29,15:30,Ratnapark,102,36.0,Low,Cloudy
2025-02-27,8:15,Baneshwor,561,34.4,High,Fog
2025-02-10,15:00,Lalitpur,98,34.6,Medium,Fog
2025-04-11,14:00,Ratnapark,103,33.3,Low,Rain
2025-02-01,11:15,Maharajgunj,103,36.8,Low,Cloudy
2025-01-08,9:15,Kalanki,104,34.6,Low,Fog
2025-01-02,10:45,Maharajgunj,54,54.2,Medium,Clear
2025-05-02,12:15,Baneshwor,53,32.6,Medium,Cloudy
2025-02-27,9:30,Chabahil,321,63.5,Medium,Fog
2025-04-17,14:00,Kalanki,97,9.6,Low,Clear
2025-04-02,9:30,Maharajgunj,788,46.2,Medium,Rain
2025-01-26,8:30,Lalitpur,771,33.4,Low,Rain
2025-02-17,8:30,Chabahil,105,36.0,High,Cloudy
2025-01-29,14:30,Baneshwor,100,32.4,Medium,Rain
2025-04-17,14:00,Bhaktapur,100,34.7,Medium,Rain
2025-03-05,11:30,Kalanki,787,34.9,Low,Cloudy
2025-04-27,10:15,Chabahil,99,34.6,High,Cloudy
2025-04-23,15:00,Bhaktapur,970,3.1,Low,Cloudy
2025-04-21,9:00,Kalanki,867,33.6,High,Clear
2025-01-31,12:45,Ratnapark,174,52.5,High,Fog
2025-02-20,13:00,Chabahil,298,37.0,Low,Cloudy
2025-03-17,15:00,Maharajgunj,47,37.0,High,Fog
2025-01-24,14:15,Lalitpur,137,36.0,High,Clear
2025-04-21,10:30,Baneshwor,98,30.6,High,Clear
2025-02-06,15:45,Chabahil,943,9.5,Medium,Rain
2025-03-19,8:45,Kalanki,402,31.1,Low,Rain
2025-02-08,11:30,Maharajgunj,102,38.5,Medium,Cloudy
2025-01-19,14:00,Koteshwor,95,36.0,Low,Clear
2025-03-15,11:30,Chabahil,103,33.1,High,Fog
2025-01-09,10:30,Koteshwor,570,36.6,Medium,Clear
2025-04-15,8:45,Koteshwor,46,33.9,Medium,Cloudy
2025-04-21,13:45,Bhaktapur,105,28.6,Low,Cloudy
2025-03-29,10:15,Ratnapark,580,35.4,High,Rain
2025-01-24,8:30,Lalitpur,776,38.5,Low,Rain
2025-03-05,10:00,Ratnapark,836,63.6,Medium,Cloudy
2025-01-25,12:30,Maharajgunj,49,33.8,Medium,Fog
2025-02-25,13:15,Chabahil,262,37.1,Medium,Cloudy
2025-01-12,12:30,Baneshwor,399,24.7,Low,Clear
2025-02-01,9:45,Kalanki,102,8.2,Low,Fog
2025-01-07,10:45,Maharajgunj,100,12.6,Low,Rain
2025-04-09,9:00,Koteshwor,53,4.7,Medium,Fog
2025-03-03,9:00,Baneshwor,103,35.7,High,Fog
2025-02-24,10:00,Maharajgunj,53,7.0,Medium,Clear
2025-03-26,11:45,Baneshwor,100,34.6,Medium,Cloudy
2025-01-29,14:00,Koteshwor,103,41.9,Medium,Fog
2025-04-08,11:45,Chabahil,47,19.1,Low,Clear
2025-04-06,15:30,Maharajgunj,840,34.5,Low,Cloudy
2025-04-05,11:00,Ratnapark,46,32.0,Low,Cloudy
2025-02-23,11:00,Kalanki,367,34.0,High,Clear
2025-03-19,9:15,Baneshwor,412,60.4,Medium,Rain
2025-02-26,13:15,Chabahil,260,34.2,Medium,Cloudy
2025-04-05,14:15,Ratnapark,367,38.1,Low,Fog
2025-01-30,9:30,Koteshwor,100,35.5,Low,Rain
2025-01-11,10:30,Koteshwor,568,35.6,Medium,Clear
2025-04-21,14:00,Bhaktapur,95,37.3,Medium,Rain
2025-01-26,14:45,Koteshwor,105,48.8,Low,Rain
2025-01-03,13:00,Koteshwor,51,36.1,Low,Fog
2025-01-28,15:45,Ratnapark,139,36.5,Low,Cloudy
2025-03-14,12:45,Chabahil,435,37.0,Low,Fog
2025-03-19,12:00,Chabahil,45,14.2,High,Rain
2025-04-30,13:15,Ratnapark,54,35.5,Low,Clear
2025-02-20,10:45,Lalitpur,51,38.4,Medium,Rain
2025-04-11,13:45,Kalanki,184,34.8,Low,Fog
2025-04-03,10:45,Bhaktapur,50,36.0,High,Clear
2025-01-12,15:15,Koteshwor,53,36.6,High,Fog
2025-01-26,8:15,Lalitpur,939,32.9,High,Fog
2025-04-18,10:00,Kalanki,121,38.7,Low,Cloudy
2025-04-17,15:00,Lalitpur,506,36.0,High,Rain
2025-02-13,10:00,Lalitpur,96,36.0,Medium,Clear
2025-02-05,9:45,Koteshwor,98,31.7,High,Clear
2025-04-21,12:45,Ratnapark,96,20.6,High,Cloudy
2025-04-04,14:15,Bhaktapur,51,36.0,Low,Fog
2025-02-10,14:15,Chabahil,701,38.2,Medium,Clear
2025-02-15,8:30,Chabahil,97,34.4,High,Cloudy
2025-01-16,10:30,Baneshwor,611,33.0,High,Clear
2025-05-03,12:30,Kalanki,45,33.6,Medium,Cloudy
2025-02-08,8:30,Lalitpur,45,14.0,Low,Cloudy
2025-04-10,11:15,Chabahil,53,32.8,Low,Fog
2025-04-06,8:00,Kalanki,100,37.6,Low,Cloudy
2025-04-12,15:15,Maharajgunj,113,37.7,Low,Rain
2025-03-21,11:45,Koteshwor,879,40.6,Medium,Fog
2025-03-04,13:15,Ratnapark,835,7.2,Medium,Rain
2025-02-19,14:45,Baneshwor,888,56.4,Medium,Clear
2025-02-20,11:00,Kalanki,364,37.4,High,Clear
2025-02-18,8:00,Lalitpur,103,38.3,Low,Rain
2025-03-08,11:45,Koteshwor,48,54.7,High,Rain
2025-03-13,11:30,Bhaktapur,809,34.8,Low,Clear
2025-03-25,14:00,Ratnapark,542,35.9,Low,Fog
2025-05-03,13:45,Ratnapark,46,39.4,Medium,Cloudy
2025-03-24,14:15,Maharajgunj,455,35.4,High,Rain
2025-05-02,12:00,Koteshwor,98,35.4,High,Clear
2025-02-03,13:45,Ratnapark,51,35.4,High,Fog
2025-03-04,15:30,Kalanki,50,32.1,High,Clear
2025-04-05,14:45,Baneshwor,55,17.1,High,Rain
2025-02-14,13:30,Maharajgunj,102,33.4,Medium,Clear
2025-05-05,10:30,Maharajgunj,354,37.0,Medium,Rain
2025-04-30,14:30,Baneshwor,100,15.3,Medium,Cloudy
2025-03-02,15:30,Koteshwor,51,6.9,High,Clear
2025-04-30,11:00,Chabahil,98,25.9,High,Fog
2025-05-02,10:15,Lalitpur,96,34.7,Low,Cloudy
2025-02-07,11:30,Koteshwor,286,38.4,High,Clear
2025-05-02,10:15,Koteshwor,103,34.7,Low,Rain
2025-01-08,11:45,Maharajgunj,98,45.4,High,Fog
2025-02-11,14:45,Lalitpur,974,29.1,High,Cloudy
2025-04-04,15:00,Kalanki,104,38.5,Medium,Clear
2025-01-16,14:15,Kalanki,857,17.0,High,Rain
2025-02-04,8:30,Chabahil,50,32.6,Low,Rain
2025-03-29,13:45,Lalitpur,47,27.0,High,Fog
2025-02-10,14:45,Lalitpur,972,29.3,High,Cloudy
2025-04-12,14:00,Lalitpur,48,38.4,Low,Rain
2025-02-08,12:30,Bhaktapur,95,37.0,Medium,Clear
2025-03-03,14:00,Maharajgunj,46,32.9,High,Rain
2025-01-13,15:15,Bhaktapur,47,51.1,High,Rain
2025-04-01,10:45,Bhaktapur,52,34.4,High,Clear
2025-04-14,9:30,Kalanki,561,36.4,High,Clear
2025-05-01,10:00,Bhaktapur,98,32.5,Medium,Fog
2025-02-03,12:45,Ratnapark,171,55.8,High,Fog
2025-03-08,9:30,Koteshwor,54,33.8,High,Cloudy
2025-01-22,9:45,Chabahil,53,36.9,Low,Rain
2025-03-02,13:45,Ratnapark,51,11.1,High,Rain
2025-04-04,13:45,Lalitpur,46,36.8,Medium,Fog
2025-02-03,9:30,Maharajgunj,109,20.7,Medium,Clear
2025-04-25,10:30,Maharajgunj,48,34.4,Low,Fog
2025-01-01,9:45,Bhaktapur,48,21.6,Low,Rain
2025-04-10,11:45,Chabahil,54,16.6,Low,Clear
2025-04-04,13:00,Baneshwor,102,31.3,High,Cloudy
2025-03-10,14:30,Kalanki,54,34.1,Medium,Clear
2025-04-30,13:45,Koteshwor,104,36.2,Medium,Fog
2025-02-08,15:15,Chabahil,100,36.6,Low,Clear
2025-04-22,13:45,Maharajgunj,47,33.0,High,Cloudy
2025-01-02,12:15,Lalitpur,325,34.0,Low,Clear
2025-03-23,9:15,Baneshwor,410,58.8,Medium,Rain
2025-03-05,8:45,Bhaktapur,822,21.9,High,Rain
2025-04-08,14:00,Chabahil,52,37.1,Low,Fog
2025-01-27,15:45,Lalitpur,53,33.4,Medium,Fog
2025-01-11,10:00,Baneshwor,767,57.7,Medium,Rain
2025-02-15,12:30,Baneshwor,97,36.6,Medium,Rain
2025-04-14,9:30,Kalanki,555,36.1,High,Clear
2025-01-23,11:00,Lalitpur,49,31.6,High,Cloudy
2025-03-20,13:30,Kalanki,820,36.7,Medium,Clear
2025-03-29,14:45,Koteshwor,312,33.5,High,Fog
2025-03-21,11:30,Ratnapark,97,34.3,High,Cloudy
2025-03-13,10:00,Ratnapark,51,21.4,Medium,Fog
2025-04-24,9:00,Kalanki,871,36.2,High,Clear
2025-05-04,11:30,Bhaktapur,444,35.9,Medium,Fog
2025-03-04,14:30,Lalitpur,471,34.9,Medium,Clear
2025-03-25,15:00,Lalitpur,104,34.2,Low,Cloudy
2025-01-20,9:30,Baneshwor,758,7.8,Low,Cloudy
2025-01-27,15:30,Koteshwor,624,34.8,Low,Rain
2025-01-25,11:15,Baneshwor,101,38.6,High,Clear
2025-04-05,8:30,Baneshwor,342,50.2,Low,Fog
2025-02-18,9:15,Maharajgunj,709,33.2,Medium,Rain
2025-03-03,12:15,Kalanki,105,35.0,Medium,Rain
2025-03-13,13:00,Ratnapark,100,35.1,Low,Clear
2025-03-03,9:15,Maharajgunj,55,37.6,Low,Fog
2025-02-20,13:30,Bhaktapur,96,37.8,High,Rain
2025-04-03,10:45,Lalitpur,104,34.2,High,Rain
2025-05-01,8:30,Maharajgunj,207,33.1,Low,Cloudy
2025-02-25,15:30,Chabahil,101,32.9,High,Cloudy
2025-04-19,8:30,Kalanki,45,49.5,Low,Fog
2025-02-09,14:15,Chabahil,701,39.6,Medium,Clear
2025-03-27,13:45,Ratnapark,249,36.1,Low,Rain
2025-04-01,8:00,Ratnapark,99,31.8,High,Rain
2025-02-16,15:00,Ratnapark,45,33.5,Low,Rain
2025-01-03,8:15,Maharajgunj,50,41.8,High,Unknown
2025-01-06,14:00,Koteshwor,527,6.4,High,Fog
2025-04-08,8:45,Baneshwor,95,12.2,Medium,Clear
2025-04-18,13:00,Maharajgunj,103,35.7,Medium,Fog
2025-01-13,14:30,Chabahil,101,36.4,Medium,Cloudy
2025-04-03,11:00,Ratnapark,45,37.2,Low,Cloudy
2025-02-03,10:00,Kalanki,97,36.0,Medium,Clear
2025-04-16,8:45,Koteshwor,99,31.1,Medium,Rain
2025-04-12,13:15,Ratnapark,737,32.9,Low,Rain
2025-01-19,8:15,Bhaktapur,524,34.7,Low,Cloudy
2025-03-02,15:30,Koteshwor,45,8.3,High,Clear
2025-01-29,14:00,Koteshwor,98,44.7,Medium,Fog
2025-05-05,12:45,Chabahil,559,35.1,High,Clear
2025-05-01,11:00,Chabahil,995,35.1,Low,Cloudy
2025-01-09,10:30,Koteshwor,567,35.5,Medium,Clear
2025-03-26,15:00,Baneshwor,53,1.5,Low,Clear
2025-01-26,11:15,Ratnapark,332,19.2,High,Cloudy
2025-02-04,13:45,Chabahil,856,37.3,Medium,Clear
2025-02-10,12:45,Lalitpur,99,39.8,Medium,Clear
2025-01-14,14:15,Chabahil,95,34.9,Low,Rain
2025-01-28,8:30,Kalanki,503,13.9,Low,Fog
2025-01-08,11:00,Kalanki,489,37.6,Low,Cloudy
2025-04-02,14:15,Bhaktapur,50,32.8,Low,Fog
2025-04-26,14:30,Bhaktapur,54,37.6,Low,Cloudy
2025-01-19,9:30,Lalitpur,99,32.6,High,Cloudy
2025-03-22,8:30,Ratnapark,174,33.7,High,Rain
2025-03-27,15:30,Ratnapark,102,18.5,Medium,Clear
2025-04-26,9:30,Lalitpur,55,37.1,Low,Clear
2025-02-04,11:30,Koteshwor,280,32.2,High,Clear
2025-03-02,15:30,Koteshwor,50,5.8,High,Clear
2025-02-24,14:45,Lalitpur,100,35.6,Low,Rain
2025-03-08,8:15,Bhaktapur,203,47.7,Medium,Fog
2025-04-06,14:00,Chabahil,47,37.5,Low,Fog
2025-04-05,8:00,Kalanki,101,34.5,Low,Cloudy
2025-04-22,14:00,Maharajgunj,55,30.2,Low,Clear
2025-02-24,15:45,Lalitpur,930,35.2,Medium,Clear
2025-02-21,12:30,Chabahil,49,35.7,High,Clear
2025-03-17,15:00,Baneshwor,53,34.2,Low,Fog
2025-02-18,13:00,Chabahil,300,33.3,Low,Cloudy
2025-02-16,11:45,Baneshwor,104,47.3,High,Fog
2025-05-03,13:00,Koteshwor,48,33.1,Low,Clear
2025-03-21,15:45,Kalanki,916,42.7,High,Rain
2025-05-03,8:00,Koteshwor,103,38.0,Medium,Fog
2025-03-08,10:30,Ratnapark,208,36.3,Medium,Fog
2025-01-26,13:00,Chabahil,99,20.2,High,Cloudy
2025-03-05,12:30,Lalitpur,742,16.7,Low,Rain
2025-04-18,13:45,Maharajgunj,50,39.0,Low,Clear
2025-04-02,14:15,Ratnapark,372,41.3,Low,Fog
2025-01-30,12:15,Kalanki,52,36.7,Low,Fog
2025-05-02,12:00,Koteshwor,99,35.4,High,Clear
2025-02-01,11:15,Maharajgunj,95,36.8,Low,Cloudy
2025-02-18,8:45,Kalanki,102,36.1,Low,Cloudy
2025-01-21,9:30,Lalitpur,103,35.8,High,Cloudy
2025-04-23,9:15,Maharajgunj,102,37.0,Low,Rain
2025-04-20,8:30,Bhaktapur,52,36.0,Low,Fog
2025-01-21,12:45,Ratnapark,54,36.7,Low,Cloudy
2025-01-14,10:45,Chabahil,46,35.3,High,Rain
2025-02-28,8:15,Lalitpur,48,34.5,Medium,Clear
2025-01-06,14:30,Baneshwor,46,33.9,High,Clear
2025-01-16,12:15,Kalanki,96,33.7,Low,Rain
2025-04-22,12:00,Ratnapark,54,31.8,Medium,Clear
2025-04-24,13:45,Maharajgunj,47,31.2,High,Cloudy
2025-03-27,9:15,Maharajgunj,464,33.1,High,Clear
2025-02-03,11:30,Koteshwor,281,34.0,High,Clear
2025-01-01,13:00,Koteshwor,51,38.1,Low,Fog
2025-01-22,15:45,Bhaktapur,711,34.7,High,Fog
2025-01-25,9:00,Kalanki,935,35.5,High,Rain
2025-01-06,13:15,Ratnapark,54,35.5,Low,Clear
2025-03-16,12:45,Chabahil,55,38.2,Medium,Fog
2025-01-16,8:30,Maharajgunj,97,19.8,Low,Fog
2025-02-09,14:00,Ratnapark,46,34.6,High,Clear
2025-02-20,8:45,Kalanki,100,34.8,Low,Cloudy
2025-02-01,8:45,Ratnapark,767,20.3,High,Clear
2025-03-19,12:30,Kalanki,95,57.7,Low,Rain
2025-04-06,9:15,Maharajgunj,101,55.9,High,Cloudy
2025-01-29,8:45,Bhaktapur,48,41.5,Medium,Rain
2025-01-25,8:15,Lalitpur,945,35.4,High,Fog
2025-02-08,14:30,Ratnapark,97,34.7,Low,Clear
2025-03-28,14:15,Lalitpur,52,37.4,Medium,Fog
2025-01-08,11:45,Maharajgunj,96,48.0,High,Fog
2025-02-06,14:15,Maharajgunj,103,33.5,Medium,Clear
2025-02-10,14:15,Chabahil,702,37.0,Medium,Clear
2025-03-16,9:15,Koteshwor,102,33.6,Low,Rain
2025-02-08,9:15,Chabahil,97,34.3,High,Cloudy
2025-01-15,13:15,Baneshwor,98,36.8,High,Rain
2025-01-31,10:00,Maharajgunj,96,51.8,High,Fog
2025-01-30,9:30,Koteshwor,96,35.8,Low,Rain
2025-04-04,12:30,Bhaktapur,98,36.3,High,Cloudy
2025-03-05,11:30,Lalitpur,100,33.4,Medium,Cloudy
2025-01-11,15:15,Koteshwor,99,35.8,Low,Cloudy
2025-01-22,15:45,Koteshwor,569,37.7,Low,Rain
2025-01-31,15:15,Ratnapark,104,33.1,High,Rain
2025-02-14,14:15,Lalitpur,45,54.9,Medium,Fog
2025-04-06,13:45,Baneshwor,100,33.3,High,Cloudy
2025-04-25,10:30,Bhaktapur,308,37.0,High,Clear
2025-03-30,14:45,Baneshwor,47,61.0,Low,Clear
2025-04-13,13:00,Maharajgunj,51,48.3,High,Cloudy
2025-04-27,11:00,Chabahil,95,31.4,High,Fog
2025-05-04,13:45,Ratnapark,45,38.2,Medium,Cloudy
2025-01-31,8:15,Bhaktapur,54,36.4,Low,Cloudy
2025-04-17,14:45,Baneshwor,852,36.3,Low,Fog
2025-04-17,15:45,Maharajgunj,102,37.0,High,Clear
2025-03-23,10:00,Baneshwor,95,33.0,High,Rain
2025-02-27,12:30,Maharajgunj,914,35.4,High,Cloudy
2025-03-03,9:15,Bhaktapur,98,35.8,Medium,Rain
2025-03-01,12:15,Baneshwor,504,34.2,Medium,Rain
2025-04-06,11:00,Ratnapark,48,35.9,Low,Cloudy
2025-02-17,10:00,Koteshwor,104,37.5,Low,Rain
2025-04-26,14:00,Maharajgunj,52,34.2,Low,Fog
2025-05-01,9:45,Bhaktapur,101,34.9,High,Fog
2025-03-05,8:30,Ratnapark,216,20.4,High,Cloudy
2025-04-30,15:15,Maharajgunj,51,31.4,Medium,Clear
2025-01-18,15:30,Maharajgunj,371,36.6,Medium,Cloudy
2025-02-16,15:00,Ratnapark,54,34.9,Low,Rain
2025-04-29,12:15,Baneshwor,47,35.1,Medium,Cloudy
2025-01-24,9:00,Kalanki,934,33.0,High,Rain
2025-03-16,13:15,Kalanki,103,34.6,High,Fog
2025-02-05,8:30,Lalitpur,45,17.2,Low,Cloudy
2025-03-02,12:15,Baneshwor,502,35.0,Medium,Rain
2025-02-16,15:30,Chabahil,666,35.1,High,Clear
2025-03-29,10:45,Lalitpur,96,35.4,Medium,Fog
2025-04-08,11:30,Kalanki,272,32.5,Medium,Fog
2025-03-10,10:30,Lalitpur,745,36.2,Medium,Fog
2025-03-08,14:30,Kalanki,51,32.5,Medium,Clear
2025-04-15,9:30,Ratnapark,51,57.1,High,Clear
2025-03-16,11:00,Ratnapark,392,32.9,Low,Rain
2025-02-01,13:00,Chabahil,54,58.6,High,Cloudy
2025-05-02,10:15,Koteshwor,102,34.3,Low,Rain
2025-03-07,12:45,Baneshwor,555,45.0,Medium,Rain
2025-03-24,10:00,Bhaktapur,46,33.2,Low,Clear
2025-01-08,11:15,Koteshwor,281,6.0,High,Rain
2025-02-05,10:30,Koteshwor,191,36.7,High,Rain
2025-05-03,9:00,Koteshwor,50,34.7,High,Rain
2025-02-14,8:45,Ratnapark,48,22.0,High,Fog
2025-01-02,9:00,Chabahil,972,33.8,Medium,Clear
2025-01-30,15:30,Ratnapark,101,34.4,Low,Cloudy
2025-04-20,14:45,Chabahil,47,32.2,Low,Fog
2025-01-21,14:45,Maharajgunj,105,56.1,Medium,Rain
2025-01-01,12:45,Koteshwor,52,36.7,Low,Fog
2025-01-27,8:30,Ratnapark,101,35.6,Low,Fog
2025-05-03,13:15,Maharajgunj,95,38.3,High,Rain
2025-02-06,12:30,Koteshwor,809,39.4,High,Clear
2025-03-02,12:15,Baneshwor,101,6.3,Low,Fog
2025-01-16,12:30,Chabahil,234,34.2,Medium,Rain
2025-02-07,8:00,Bhaktapur,48,34.4,High,Rain
2025-01-22,13:15,Chabahil,96,5.7,Low,Clear
2025-03-03,9:15,Bhaktapur,104,35.5,Medium,Rain
2025-01-15,13:15,Baneshwor,103,35.1,High,Rain
2025-03-29,14:30,Maharajgunj,226,34.0,High,Rain
2025-03-13,10:45,Kalanki,800,37.5,Low,Clear
2025-02-05,10:30,Koteshwor,198,38.8,High,Rain
2025-03-30,12:00,Lalitpur,47,37.3,Medium,Clear
2025-01-23,8:15,Chabahil,656,50.1,Low,Cloudy
2025-02-15,11:30,Bhaktapur,99,36.5,Medium,Clear
2025-02-25,11:15,Koteshwor,45,19.7,High,Clear
2025-04-23,13:45,Maharajgunj,697,36.5,High,Clear
2025-01-20,8:15,Bhaktapur,532,33.8,Low,Cloudy
2025-03-01,9:15,Maharajgunj,50,35.8,Low,Fog
2025-01-17,14:00,Koteshwor,96,36.3,Low,Clear
2025-01-12,11:15,Kalanki,55,33.0,High,Cloudy
2025-03-30,10:30,Chabahil,54,34.4,High,Clear
2025-01-25,12:45,Ratnapark,50,37.2,High,Rain
2025-02-19,13:30,Ratnapark,557,45.4,Low,Fog
2025-01-16,10:30,Ratnapark,50,32.5,High,Clear
2025-02-03,9:45,Chabahil,48,34.6,Low,Fog
2025-03-19,9:15,Bhaktapur,48,35.7,Low,Rain
2025-03-17,15:00,Maharajgunj,190,32.3,High,Rain
2025-04-01,8:00,Ratnapark,608,7.7,High,Fog
2025-04-26,13:15,Koteshwor,102,37.3,Low,Clear
2025-02-19,9:00,Lalitpur,926,49.1,Low,Rain
2025-01-18,12:45,Ratnapark,51,36.9,Low,Cloudy
2025-04-24,13:45,Maharajgunj,694,33.8,High,Clear
2025-02-24,10:45,Lalitpur,331,27.4,Low,Cloudy
2025-03-21,15:00,Lalitpur,95,36.7,Low,Cloudy
2025-04-05,9:15,Maharajgunj,99,55.7,High,Cloudy
2025-03-03,10:45,Koteshwor,157,33.6,Low,Cloudy
2025-03-01,8:30,Baneshwor,785,33.4,Low,Fog
2025-03-03,15:30,Koteshwor,46,11.1,High,Clear
2025-04-24,15:00,Ratnapark,104,15.2,Low,Rain
2025-02-05,10:15,Bhaktapur,96,36.9,Medium,Cloudy
2025-04-12,10:15,Chabahil,677,35.0,High,Rain
2025-01-19,9:30,Baneshwor,767,7.0,Low,Cloudy
2025-02-04,13:00,Chabahil,47,59.6,High,Cloudy
2025-04-28,8:00,Koteshwor,102,30.8,Low,Cloudy
2025-05-05,9:00,Baneshwor,103,32.1,Low,Cloudy
2025-02-11,9:30,Ratnapark,52,35.2,Medium,Rain
2025-01-02,9:45,Maharajgunj,258,1.6,Medium,Clear
2025-04-12,12:45,Kalanki,186,2.0,Medium,Clear
2025-04-25,13:45,Lalitpur,47,26.8,High,Rain
2025-04-27,12:30,Baneshwor,433,36.1,Low,Cloudy
2025-04-30,15:15,Maharajgunj,508,11.2,Low,Fog
2025-01-08,8:15,Chabahil,99,22.3,High,Rain
2025-03-22,12:15,Ratnapark,104,32.9,High,Fog
2025-04-27,13:15,Bhaktapur,100,38.8,Medium,Clear
2025-01-15,8:30,Koteshwor,972,13.3,Medium,Rain
2025-02-19,9:15,Maharajgunj,708,34.8,Medium,Rain
2025-02-09,10:30,Ratnapark,52,31.5,Low,Rain
2025-03-05,9:15,Maharajgunj,54,38.2,Low,Fog
2025-01-13,15:00,Kalanki,49,35.8,High,Rain
2025-03-11,10:45,Bhaktapur,100,30.3,Medium,Fog
2025-03-30,14:45,Koteshwor,309,37.9,High,Fog
2025-04-08,8:45,Baneshwor,95,13.3,Medium,Clear
2025-04-05,9:15,Maharajgunj,97,55.4,High,Cloudy
2025-04-26,10:30,Bhaktapur,311,35.3,High,Clear
2025-03-31,8:45,Maharajgunj,105,36.1,High,Fog
2025-01-27,13:00,Chabahil,105,19.0,High,Cloudy
2025-03-14,13:00,Kalanki,103,34.6,Low,Cloudy
2025-01-27,12:00,Koteshwor,50,46.6,High,Cloudy
2025-01-19,8:15,Ratnapark,360,35.6,High,Cloudy
2025-02-13,8:30,Chabahil,95,34.8,High,Cloudy
2025-01-22,11:15,Baneshwor,103,32.2,High,Clear
2025-04-02,14:15,Ratnapark,365,41.0,Low,Fog
2025-03-06,13:00,Chabahil,46,32.7,Low,Rain
2025-01-28,9:30,Baneshwor,45,37.0,Medium,Rain
2025-03-17,12:00,Baneshwor,111,23.4,Medium,Rain
2025-01-26,13:00,Chabahil,97,17.4,High,Cloudy
2025-01-02,12:45,Koteshwor,49,37.5,Low,Fog
2025-04-28,12:30,Baneshwor,431,35.5,Low,Cloudy
2025-01-30,14:00,Koteshwor,101,45.7,Medium,Fog
2025-03-30,14:30,Maharajgunj,220,34.6,High,Rain
2025-02-10,9:00,Baneshwor,98,33.4,High,Cloudy
2025-03-15,10:15,Maharajgunj,100,8.5,High,Rain
2025-01-08,9:00,Maharajgunj,95,7.0,High,Clear
2025-02-26,8:30,Chabahil,994,32.5,Low,Fog
2025-01-28,14:00,Koteshwor,104,42.3,Medium,Fog
2025-04-27,9:30,Koteshwor,560,35.9,Low,Cloudy
2025-04-22,15:15,Lalitpur,797,33.8,Low,Fog
2025-01-27,12:15,Maharajgunj,98,41.7,High,Fog
2025-03-19,10:00,Ratnapark,426,33.3,Medium,Cloudy
2025-03-17,11:15,Lalitpur,684,41.8,High,Rain
2025-04-08,13:45,Ratnapark,101,37.6,High,Rain
2025-03-08,9:45,Maharajgunj,98,20.0,Low,Cloudy
2025-03-02,15:30,Bhaktapur,787,45.3,Medium,Cloudy
2025-02-18,8:45,Ratnapark,55,18.7,High,Fog
2025-04-03,12:30,Bhaktapur,103,36.2,High,Cloudy
2025-04-17,10:15,Bhaktapur,103,34.7,High,Rain
2025-01-05,15:00,Maharajgunj,765,33.0,Low,Clear
2025-04-15,10:45,Bhaktapur,54,33.9,Medium,Clear
2025-01-17,15:15,Chabahil,50,37.9,Low,Rain
2025-04-23,12:30,Ratnapark,96,32.7,Low,Cloudy
2025-05-01,10:00,Bhaktapur,96,35.9,Medium,Fog
2025-03-20,10:45,Koteshwor,624,35.4,High,Rain
2025-04-02,14:45,Baneshwor,48,19.3,High,Rain
2025-04-28,13:00,Baneshwor,53,36.3,Medium,Cloudy
2025-03-01,11:30,Baneshwor,985,52.3,Low,Fog
2025-04-26,15:45,Baneshwor,100,2.4,Low,Fog
2025-02-26,15:00,Chabahil,96,34.5,High,Clear
2025-04-09,8:00,Koteshwor,45,8.2,Medium,Fog
2025-04-28,12:30,Baneshwor,435,36.8,Low,Cloudy
2025-03-22,13:30,Kalanki,819,34.7,Medium,Clear
2025-03-03,12:15,Ratnapark,104,34.4,Medium,Fog
2025-03-24,8:30,Ratnapark,174,30.6,High,Rain
2025-04-05,10:30,Maharajgunj,46,25.4,Medium,Cloudy
2025-04-04,9:30,Bhaktapur,258,32.7,High,Clear
2025-03-31,14:45,Baneshwor,53,60.4,Low,Clear
2025-03-04,13:30,Koteshwor,102,52.5,Low,Cloudy
2025-03-27,11:30,Kalanki,47,34.4,Low,Cloudy
2025-01-29,9:30,Koteshwor,95,35.0,Low,Rain
2025-03-13,8:45,Chabahil,48,33.3,Low,Clear
2025-03-15,14:00,Chabahil,881,38.1,Medium,Clear
2025-04-24,11:15,Maharajgunj,47,8.6,Medium,Clear
2025-03-18,13:15,Kalanki,104,38.2,High,Fog
2025-04-30,11:00,Chabahil,96,28.4,High,Fog
2025-02-26,9:30,Chabahil,318,59.9,Medium,Fog
2025-02-07,15:45,Chabahil,98,12.2,Medium,Clear
2025-03-15,13:00,Kalanki,100,33.6,Low,Cloudy
2025-03-21,14:15,Lalitpur,693,33.3,High,Rain
2025-01-13,15:15,Bhaktapur,46,51.8,High,Rain
2025-02-17,15:00,Maharajgunj,54,51.0,High,Rain
2025-04-18,10:15,Chabahil,46,33.5,Medium,Rain
2025-04-09,14:00,Ratnapark,103,34.7,Low,Rain
2025-01-23,12:30,Maharajgunj,55,31.8,Medium,Fog
2025-03-06,9:45,Koteshwor,54,27.0,High,Clear
2025-03-30,8:00,Ratnapark,96,32.0,High,Rain
2025-02-25,10:15,Maharajgunj,974,33.1,High,Clear
2025-02-23,10:15,Chabahil,822,37.4,High,Fog
2025-02-15,15:00,Koteshwor,45,37.4,Medium,Clear
2025-01-27,14:45,Bhaktapur,95,16.7,Low,Cloudy
2025-01-04,15:45,Bhaktapur,48,10.6,High,Clear
2025-03-28,13:15,Kalanki,853,33.9,High,Fog
2025-03-22,12:00,Chabahil,45,15.5,High,Rain
2025-01-28,13:00,Chabahil,103,34.3,High,Cloudy
2025-01-02,15:45,Kalanki,290,32.0,Medium,Rain
2025-04-02,14:15,Bhaktapur,45,35.5,Low,Fog
2025-03-30,12:00,Lalitpur,46,35.1,Medium,Clear
2025-04-13,9:15,Ratnapark,52,33.1,Medium,Fog
2025-03-11,8:15,Bhaktapur,969,47.1,Medium,Rain
2025-03-18,10:45,Koteshwor,624,36.2,High,Rain
2025-03-26,9:30,Bhaktapur,101,36.4,High,Rain
2025-03-25,13:45,Baneshwor,744,34.0,Low,Rain
2025-01-25,8:00,Bhaktapur,45,35.0,Medium,Rain
2025-04-23,9:00,Kalanki,871,36.3,High,Clear
2025-03-07,14:45,Koteshwor,105,35.3,High,Cloudy
2025-03-18,15:00,Kalanki,531,25.2,Low,Rain
2025-02-25,13:15,Lalitpur,495,34.6,Low,Fog
2025-04-13,13:00,Baneshwor,805,10.0,High,Rain
2025-01-24,13:15,Chabahil,102,8.3,Low,Clear
2025-02-17,11:15,Bhaktapur,797,32.5,Medium,Rain
2025-03-11,13:00,Koteshwor,910,36.8,High,Clear
2025-01-28,8:45,Kalanki,276,32.4,Medium,Clear
2025-01-09,10:30,Koteshwor,569,36.3,Medium,Clear
2025-02-26,11:30,Baneshwor,988,47.7,Low,Fog
2025-03-28,15:30,Chabahil,51,36.0,Medium,Fog
2025-04-16,13:45,Maharajgunj,50,40.8,Low,Clear
2025-03-09,11:45,Chabahil,120,35.3,Low,Rain
2025-04-15,10:30,Maharajgunj,102,32.6,High,Rain
2025-02-02,14:15,Maharajgunj,98,33.2,Medium,Clear
2025-04-11,14:45,Baneshwor,103,33.5,Low,Rain
2025-02-23,13:30,Maharajgunj,102,19.2,Medium,Fog
2025-02-01,10:00,Bhaktapur,47,37.3,Medium,Clear
2025-03-28,12:45,Kalanki,122,48.2,Medium,Fog
2025-01-06,12:15,Baneshwor,52,32.7,Low,Rain
2025-01-01,13:00,Koteshwor,46,37.9,Low,Fog
2025-04-04,12:45,Maharajgunj,53,33.6,Medium,Cloudy
2025-03-16,9:15,Koteshwor,98,34.5,Low,Rain
2025-04-17,8:30,Bhaktapur,50,33.3,Low,Fog
2025-02-24,12:30,Chabahil,47,31.0,High,Clear
2025-01-29,9:00,Baneshwor,644,32.3,Medium,Rain
2025-05-01,13:30,Maharajgunj,930,34.1,Low,Clear
2025-01-03,10:30,Ratnapark,55,36.8,High,Clear
2025-04-15,15:45,Baneshwor,104,31.7,Low,Fog
2025-01-01,12:45,Koteshwor,46,35.3,Low,Fog
2025-03-09,12:00,Kalanki,479,31.0,Low,Rain
2025-02-20,13:00,Chabahil,303,37.5,Low,Cloudy
2025-04-04,11:15,Chabahil,541,35.4,High,Cloudy
2025-03-16,11:15,Lalitpur,683,39.8,High,Rain
2025-02-26,13:30,Chabahil,228,37.3,Low,Fog
2025-04-08,8:00,Baneshwor,107,37.5,Low,Rain
2025-01-19,13:00,Kalanki,55,3.3,Low,Clear
2025-02-19,8:00,Lalitpur,104,34.5,Low,Rain
2025-04-13,9:15,Ratnapark,46,33.0,Medium,Fog
2025-01-31,11:00,Koteshwor,807,53.0,High,Cloudy
2025-03-07,13:00,Koteshwor,905,32.3,High,Clear
2025-03-03,10:15,Lalitpur,55,38.9,Medium,Cloudy
2025-01-01,12:15,Lalitpur,319,35.1,Low,Clear
2025-04-30,8:30,Maharajgunj,103,32.9,Low,Rain
2025-02-17,13:30,Bhaktapur,104,32.5,High,Rain
2025-03-12,10:45,Kalanki,803,32.4,Low,Clear
2025-04-28,10:30,Maharajgunj,49,35.3,Low,Fog
2025-02-22,10:30,Baneshwor,48,35.0,High,Cloudy
2025-01-01,12:30,Kalanki,904,32.5,Low,Cloudy
2025-03-19,8:15,Lalitpur,52,0.3,Low,Clear
2025-03-02,13:00,Ratnapark,47,2.3,High,Clear
2025-04-08,12:00,Baneshwor,669,36.2,High,Fog
2025-02-22,10:30,Maharajgunj,100,34.9,Medium,Clear
2025-02-13,13:30,Maharajgunj,96,34.2,Medium,Clear
2025-02-22,10:30,Maharajgunj,96,32.4,Medium,Clear
2025-05-02,14:45,Ratnapark,541,5.4,High,Clear
2025-04-30,9:00,Koteshwor,52,34.2,High,Rain
2025-03-19,13:45,Maharajgunj,97,35.6,High,Rain
2025-03-31,12:45,Kalanki,126,48.3,Medium,Fog
2025-05-01,10:00,Bhaktapur,104,55.6,Low,Rain
2025-01-16,8:45,Baneshwor,104,49.0,Low,Cloudy
2025-02-28,9:45,Koteshwor,772,31.3,Medium,Rain
2025-01-07,14:00,Koteshwor,528,10.0,High,Fog
2025-04-25,10:30,Bhaktapur,306,33.1,High,Clear
2025-04-29,10:15,Koteshwor,101,32.8,Low,Rain
2025-02-11,9:30,Ratnapark,51,34.9,Medium,Clear
2025-02-20,11:30,Ratnapark,52,35.6,Low,Cloudy
2025-01-18,11:00,Baneshwor,461,33.9,Low,Clear
2025-02-14,15:00,Lalitpur,99,33.9,Medium,Fog
2025-02-19,8:30,Ratnapark,54,34.2,High,Rain
2025-01-06,12:45,Maharajgunj,911,37.8,Low,Rain
2025-01-11,9:30,Maharajgunj,242,41.0,Low,Fog
2025-02-15,14:15,Lalitpur,52,52.1,Medium,Fog
2025-04-15,8:45,Koteshwor,100,33.1,Medium,Rain
2025-01-19,15:30,Kalanki,250,34.5,Low,Clear
2025-01-18,11:15,Ratnapark,45,35.5,Low,Rain
2025-04-20,9:00,Bhaktapur,100,36.0,Low,Cloudy
2025-01-16,12:30,Baneshwor,344,60.2,High,Rain
2025-02-21,13:00,Koteshwor,350,33.3,Medium,Rain
2025-05-02,8:00,Koteshwor,96,34.2,Medium,Fog
2025-04-25,10:00,Koteshwor,55,58.5,High,Cloudy
2025-03-02,11:00,Maharajgunj,98,8.7,Low,Cloudy
2025-04-11,12:00,Baneshwor,673,34.1,High,Fog
2025-04-20,11:00,Ratnapark,49,36.2,High,Cloudy
2025-04-15,15:45,Maharajgunj,99,36.8,High,Clear
2025-01-24,8:30,Lalitpur,772,34.6,Low,Rain
2025-04-04,11:00,Ratnapark,45,34.2,Low,Cloudy
2025-04-06,8:00,Koteshwor,54,4.4,Medium,Fog
2025-05-01,12:15,Baneshwor,52,36.1,Medium,Cloudy
2025-01-27,11:15,Ratnapark,327,21.6,High,Cloudy
2025-02-19,8:00,Lalitpur,96,40.1,Low,Rain
2025-02-26,13:15,Lalitpur,500,35.8,Low,Fog
2025-04-22,10:30,Baneshwor,101,34.9,High,Clear
2025-02-08,13:00,Ratnapark,107,30.2,High,Rain
2025-04-26,10:30,Chabahil,96,47.2,Medium,Clear
2025-01-28,14:00,Koteshwor,103,43.4,Medium,Fog
2025-01-26,15:30,Bhaktapur,679,39.7,Low,Fog
2025-02-09,8:30,Lalitpur,53,17.5,Low,Cloudy
2025-04-10,8:00,Lalitpur,657,37.2,High,Rain
2025-04-09,11:45,Chabahil,53,19.5,Low,Clear
2025-01-20,14:45,Ratnapark,104,35.7,Medium,Cloudy
2025-04-15,15:00,Kalanki,194,30.2,High,Cloudy
2025-04-14,13:15,Ratnapark,737,36.5,Low,Rain
2025-01-24,11:00,Lalitpur,54,33.8,High,Cloudy
2025-01-21,13:00,Chabahil,97,33.6,Medium,Cloudy
2025-01-25,15:30,Koteshwor,619,34.4,Low,Rain
2025-03-03,13:15,Ratnapark,832,7.3,Medium,Rain
2025-03-14,11:30,Bhaktapur,817,33.6,Low,Clear
2025-04-11,14:00,Lalitpur,53,37.0,Low,Rain
2025-03-19,9:15,Ratnapark,641,33.9,High,Rain
2025-03-08,10:00,Koteshwor,96,3.2,High,Rain
2025-04-23,14:15,Bhaktapur,52,13.0,Low,Clear
2025-02-17,8:45,Kalanki,100,34.6,Low,Cloudy
2025-01-17,11:15,Maharajgunj,817,32.8,Low,Rain
2025-01-17,9:00,Maharajgunj,101,5.7,Low,Cloudy
2025-02-11,14:45,Chabahil,724,35.3,Medium,Cloudy
2025-04-14,14:45,Ratnapark,52,31.8,High,Rain
2025-03-03,15:00,Ratnapark,54,33.4,Medium,Fog
2025-02-02,11:45,Bhaktapur,95,10.1,Medium,Cloudy
2025-03-27,11:15,Baneshwor,95,32.2,Low,Rain
2025-04-26,12:15,Kalanki,104,11.6,Medium,Cloudy
2025-01-27,12:15,Maharajgunj,102,42.4,High,Fog
2025-04-26,8:30,Ratnapark,103,34.0,Low,Fog
2025-04-07,14:00,Chabahil,54,33.4,Low,Fog
2025-02-24,14:00,Lalitpur,100,35.4,Low,Rain
2025-03-17,10:45,Lalitpur,49,32.1,Medium,Rain
2025-03-21,11:45,Ratnapark,46,31.0,High,Cloudy
2025-01-25,11:00,Lalitpur,55,34.1,High,Cloudy
2025-02-20,12:00,Ratnapark,344,55.7,High,Cloudy
2025-01-21,13:15,Kalanki,100,56.2,Medium,Clear
2025-03-30,8:45,Maharajgunj,102,33.8,High,Fog
2025-02-27,15:30,Chabahil,103,37.5,Low,Fog
2025-02-13,15:15,Lalitpur,103,32.0,Medium,Rain
2025-04-29,9:30,Maharajgunj,52,32.7,Low,Rain
2025-05-05,11:30,Chabahil,688,29.0,Medium,Clear
2025-03-23,11:00,Maharajgunj,665,8.7,Medium,Clear
2025-03-04,11:30,Lalitpur,97,32.6,Medium,Cloudy
2025-03-20,11:30,Lalitpur,47,35.2,High,Rain
2025-01-03,11:15,Baneshwor,96,32.9,Low,Fog
2025-01-15,8:30,Baneshwor,45,34.7,Medium,Rain
2025-05-03,11:30,Koteshwor,98,36.6,Medium,Clear
2025-01-03,13:00,Koteshwor,46,33.3,Low,Fog
2025-02-08,9:15,Chabahil,96,30.8,High,Cloudy
2025-03-22,12:45,Chabahil,364,35.3,High,Rain
2025-01-20,13:00,Kalanki,55,0.0,Low,Clear
2025-04-12,13:15,Ratnapark,738,34.7,Low,Rain
2025-02-22,15:45,Lalitpur,930,34.0,Medium,Clear
2025-04-25,12:30,Baneshwor,431,34.6,Low,Cloudy
2025-03-20,9:15,Baneshwor,410,58.7,Medium,Rain
2025-02-27,12:15,Ratnapark,98,35.4,Medium,Fog
2025-04-10,11:15,Chabahil,466,33.5,Medium,Cloudy
2025-01-29,8:00,Baneshwor,911,37.5,Low,Rain
2025-02-01,9:45,Koteshwor,46,31.3,High,Fog
2025-01-01,13:00,Koteshwor,52,34.5,Low,Fog
2025-03-23,11:30,Ratnapark,105,36.7,High,Cloudy
2025-02-17,12:45,Baneshwor,96,36.0,High,Rain
2025-04-27,13:00,Baneshwor,55,33.1,Medium,Cloudy
2025-02-26,12:30,Maharajgunj,914,33.4,High,Cloudy
2025-04-18,14:45,Chabahil,49,33.0,Low,Fog
2025-01-14,9:45,Ratnapark,96,9.2,High,Clear
2025-03-26,15:45,Maharajgunj,96,33.5,Low,Cloudy
2025-04-15,11:30,Kalanki,661,56.5,Medium,Rain
2025-02-15,10:45,Baneshwor,123,35.5,Medium,Fog
2025-01-13,12:45,Bhaktapur,644,62.7,High,Cloudy
2025-02-22,8:00,Lalitpur,100,35.6,Low,Rain
2025-03-01,10:30,Ratnapark,54,33.4,Low,Rain
2025-04-21,9:00,Kalanki,873,32.1,High,Clear
2025-04-16,9:00,Baneshwor,807,34.4,High,Fog
2025-04-27,15:15,Maharajgunj,511,13.8,Low,Fog
2025-02-21,14:45,Lalitpur,98,30.6,Low,Rain
2025-04-08,9:15,Maharajgunj,96,53.6,High,Cloudy
2025-03-09,10:00,Koteshwor,103,3.6,High,Rain
2025-03-01,10:00,Bhaktapur,46,18.9,Low,Fog
2025-02-06,15:00,Lalitpur,95,51.9,Medium,Clear
2025-03-09,13:00,Kalanki,102,30.9,Low,Clear
2025-01-26,10:45,Chabahil,678,36.4,High,Clear
2025-01-17,15:00,Koteshwor,103,36.8,Medium,Fog
2025-04-25,10:00,Koteshwor,45,58.9,High,Cloudy
2025-04-08,12:00,Lalitpur,51,31.9,High,Rain
2025-04-12,10:45,Bhaktapur,46,35.6,Medium,Clear
2025-04-11,8:15,Koteshwor,394,33.7,High,Rain
2025-03-09,10:15,Koteshwor,756,32.2,Medium,Fog
2025-02-22,15:00,Kalanki,99,34.2,High,Cloudy
2025-02-11,15:00,Kalanki,671,51.2,Medium,Clear
2025-01-08,15:15,Koteshwor,46,36.8,High,Fog
2025-03-20,15:15,Baneshwor,46,36.0,Low,Cloudy
2025-02-02,15:45,Chabahil,942,5.7,Medium,Rain
2025-02-03,8:00,Chabahil,54,33.6,Low,Rain
2025-03-13,10:45,Bhaktapur,100,29.2,Medium,Fog
2025-01-15,12:30,Chabahil,234,34.9,Medium,Rain
2025-02-02,14:15,Chabahil,95,37.0,High,Cloudy
2025-01-28,12:15,Kalanki,55,36.4,Low,Fog
2025-04-19,9:30,Chabahil,98,35.1,Low,Fog
2025-04-15,14:30,Kalanki,54,34.5,High,Cloudy
2025-04-05,8:30,Baneshwor,349,45.5,Low,Fog
2025-01-11,15:15,Koteshwor,99,37.6,Low,Cloudy
2025-01-19,9:00,Maharajgunj,96,6.1,Low,Cloudy
2025-01-24,14:15,Lalitpur,96,38.1,High,Clear
2025-01-11,14:30,Ratnapark,101,35.4,High,Fog
2025-01-07,8:00,Chabahil,444,34.1,Low,Fog
2025-04-24,15:00,Ratnapark,100,18.2,Low,Rain
2025-02-02,10:15,Koteshwor,95,32.1,Medium,Rain
2025-04-07,10:15,Maharajgunj,47,33.8,Medium,Clear
2025-01-04,15:00,Maharajgunj,765,34.7,Low,Clear
2025-02-06,11:45,Lalitpur,54,14.3,Low,Rain
2025-05-02,14:30,Kalanki,693,34.2,Medium,Rain
2025-01-27,14:00,Koteshwor,96,40.3,Medium,Fog
2025-01-31,12:15,Koteshwor,52,35.0,Medium,Clear
2025-02-18,13:30,Ratnapark,556,49.5,Low,Fog
2025-03-04,13:30,Koteshwor,103,51.0,Low,Cloudy
2025-01-04,9:45,Maharajgunj,262,6.9,Medium,Clear
2025-03-19,11:00,Ratnapark,98,35.1,High,Fog
2025-04-03,9:15,Koteshwor,48,33.4,High,Cloudy
2025-03-08,9:45,Koteshwor,51,22.7,High,Clear
2025-03-08,11:30,Lalitpur,95,35.1,Medium,Cloudy
2025-02-12,13:45,Bhaktapur,54,34.5,Medium,Cloudy
2025-03-18,13:30,Kalanki,820,36.6,Medium,Clear
2025-02-20,15:30,Chabahil,664,34.7,High,Clear
2025-03-25,14:00,Ratnapark,542,32.6,Low,Fog
2025-05-01,12:30,Kalanki,51,38.3,Medium,Cloudy
2025-01-04,9:45,Maharajgunj,258,3.9,Medium,Clear
2025-02-12,9:00,Kalanki,97,40.5,Low,Clear
2025-02-13,14:15,Lalitpur,45,54.3,Medium,Fog
2025-01-16,11:00,Chabahil,111,35.9,High,Rain
2025-01-09,9:15,Kalanki,104,32.1,Low,Fog
2025-04-06,15:30,Maharajgunj,839,35.3,Low,Cloudy
2025-04-14,8:00,Maharajgunj,99,52.1,Medium,Clear
2025-01-14,15:30,Ratnapark,95,36.0,Low,Cloudy
2025-03-03,14:45,Maharajgunj,313,33.5,High,Rain
2025-03-12,10:00,Ratnapark,99,33.8,Medium,Rain
2025-03-20,12:45,Bhaktapur,100,48.3,Medium,Rain
2025-02-21,10:15,Chabahil,819,37.5,High,Fog
2025-01-30,11:45,Ratnapark,46,28.4,High,Clear
2025-03-30,11:15,Bhaktapur,294,4.3,High,Cloudy
2025-04-29,8:30,Maharajgunj,99,34.9,Low,Rain
2025-03-09,13:00,Chabahil,55,32.6,Low,Rain
2025-04-07,12:45,Kalanki,55,16.0,High,Cloudy
2025-02-27,13:30,Chabahil,230,33.1,Low,Fog
2025-04-30,8:45,Koteshwor,104,33.6,Low,Rain
2025-03-18,9:45,Chabahil,665,32.7,Low,Clear
2025-02-01,13:15,Lalitpur,47,32.3,High,Rain
2025-04-21,12:30,Ratnapark,99,32.9,Low,Cloudy
2025-01-16,13:15,Bhaktapur,957,32.6,Low,Clear
2025-04-17,8:15,Kalanki,96,13.1,Medium,Clear
2025-01-06,15:15,Bhaktapur,55,19.1,Low,Clear
2025-02-13,13:00,Baneshwor,48,34.9,Medium,Clear
2025-04-13,14:15,Ratnapark,55,43.4,Low,Fog
2025-02-03,14:15,Maharajgunj,55,36.0,Medium,Cloudy
2025-04-07,15:15,Chabahil,96,34.0,Low,Rain
2025-03-12,10:45,Bhaktapur,99,31.3,Medium,Fog
2025-03-04,9:00,Chabahil,54,32.7,High,Fog
2025-01-27,8:30,Lalitpur,770,33.6,Low,Rain
2025-04-24,10:30,Baneshwor,104,34.3,High,Clear
2025-03-29,14:15,Chabahil,53,16.3,Low,Fog
2025-02-03,8:45,Maharajgunj,54,35.4,Medium,Fog
2025-05-04,12:45,Chabahil,558,35.0,High,Clear
2025-02-15,9:15,Maharajgunj,715,38.8,Medium,Rain
2025-03-05,13:00,Ratnapark,53,1.3,High,Clear
2025-02-23,15:45,Chabahil,320,36.9,Medium,Fog
2025-01-26,8:45,Kalanki,279,32.8,Medium,Clear
2025-02-07,11:00,Bhaktapur,99,31.5,Low,Clear
2025-02-09,10:30,Ratnapark,100,33.6,High,Clear
2025-01-09,15:15,Koteshwor,45,36.4,High,Fog
2025-03-31,12:30,Bhaktapur,105,33.8,High,Cloudy
2025-02-13,8:00,Chabahil,102,50.3,High,Clear
2025-04-28,14:00,Maharajgunj,46,31.6,Low,Fog
2025-04-10,11:45,Chabahil,50,17.4,Low,Clear
2025-03-23,8:00,Baneshwor,53,34.1,Medium,Clear
2025-03-03,14:00,Maharajgunj,47,36.3,High,Rain
2025-04-17,10:00,Kalanki,115,31.7,Low,Cloudy
2025-05-01,15:15,Maharajgunj,54,34.1,Medium,Clear
2025-02-05,12:30,Koteshwor,808,42.2,High,Clear
2025-03-21,8:00,Bhaktapur,55,34.1,High,Cloudy
2025-01-08,10:30,Koteshwor,572,30.8,Medium,Clear
2025-02-03,9:45,Ratnapark,973,6.6,Medium,Fog
2025-03-31,8:30,Bhaktapur,102,36.5,High,Fog
2025-04-27,11:00,Koteshwor,102,36.7,Medium,Cloudy
2025-04-26,10:30,Maharajgunj,51,31.5,Low,Fog
2025-05-03,9:00,Ratnapark,889,28.0,High,Fog
2025-03-17,8:15,Lalitpur,46,0.0,Low,Clear
2025-04-25,14:30,Chabahil,54,34.0,Low,Cloudy
2025-01-01,11:00,Baneshwor,54,33.6,Medium,Clear
2025-01-22,11:15,Ratnapark,49,36.9,Low,Rain
2025-04-11,11:15,Chabahil,51,34.6,Low,Fog
2025-03-13,13:30,Kalanki,101,42.0,Low,Cloudy
2025-01-05,8:15,Kalanki,55,6.2,Medium,Fog
2025-01-08,14:30,Baneshwor,46,34.8,High,Clear
2025-01-27,13:15,Bhaktapur,101,19.1,High,Fog
2025-03-03,13:45,Baneshwor,489,35.6,Low,Cloudy
2025-02-17,12:45,Baneshwor,101,32.1,High,Rain
2025-04-18,11:30,Lalitpur,105,3.8,Medium,Cloudy
2025-03-11,8:45,Maharajgunj,529,30.8,Low,Fog
2025-04-21,12:45,Ratnapark,98,21.3,High,Cloudy
2025-01-13,14:00,Chabahil,681,39.8,Low,Rain
2025-04-05,11:00,Ratnapark,52,34.7,Low,Cloudy
2025-04-18,11:30,Lalitpur,102,4.1,Medium,Cloudy
2025-04-15,13:00,Maharajgunj,47,52.5,High,Cloudy
2025-03-24,10:00,Bhaktapur,47,34.9,Low,Clear
2025-04-24,15:15,Lalitpur,799,32.9,Low,Fog
2025-01-21,14:15,Lalitpur,97,34.2,High,Clear
2025-01-12,15:15,Koteshwor,49,32.4,High,Fog
2025-03-23,14:15,Lalitpur,696,35.7,High,Rain
2025-05-03,8:30,Maharajgunj,206,37.1,Low,Cloudy
2025-03-30,8:45,Maharajgunj,96,34.8,High,Fog
2025-02-20,14:45,Baneshwor,46,31.8,Medium,Rain
2025-04-14,12:30,Ratnapark,667,58.0,High,Clear
2025-01-09,15:00,Lalitpur,103,31.4,Medium,Rain
2025-01-25,11:15,Baneshwor,96,31.9,High,Clear
2025-01-19,11:30,Baneshwor,370,34.6,Low,Cloudy
2025-02-17,11:30,Ratnapark,53,35.5,Low,Cloudy
2025-02-05,14:00,Ratnapark,51,35.8,High,Clear
2025-04-15,12:45,Lalitpur,545,29.9,Medium,Cloudy
2025-01-24,8:30,Ratnapark,102,38.5,Low,Fog
2025-05-01,10:15,Lalitpur,95,35.1,Low,Cloudy
2025-01-30,10:00,Maharajgunj,99,54.1,High,Fog
2025-02-26,15:45,Chabahil,321,40.6,Medium,Fog
2025-05-03,9:00,Ratnapark,888,22.4,High,Fog
2025-02-28,13:15,Baneshwor,96,34.7,Medium,Cloudy
2025-04-13,15:15,Bhaktapur,50,39.2,Medium,Rain
2025-03-01,8:45,Ratnapark,96,4.0,Medium,Clear
2025-03-20,12:45,Chabahil,356,33.7,High,Rain
2025-01-03,14:30,Lalitpur,453,42.3,High,Clear
2025-01-10,8:00,Baneshwor,47,34.1,High,Cloudy
2025-01-21,9:30,Baneshwor,96,33.4,Low,Clear
2025-01-06,11:15,Lalitpur,50,34.0,Low,Clear
2025-02-12,9:00,Baneshwor,97,34.9,High,Cloudy
2025-02-05,14:45,Ratnapark,446,34.7,Medium,Clear
2025-03-28,13:15,Maharajgunj,47,32.3,Low,Clear
2025-02-05,11:45,Lalitpur,50,13.0,Low,Rain
2025-04-18,15:00,Lalitpur,97,39.4,Low,Cloudy
2025-04-22,8:30,Bhaktapur,885,34.6,Medium,Rain
2025-01-23,15:30,Kalanki,251,35.9,Low,Clear
2025-04-26,12:00,Koteshwor,99,33.5,High,Cloudy
2025-04-30,9:15,Bhaktapur,96,35.6,Low,Rain
2025-02-02,14:30,Baneshwor,103,37.9,Medium,Rain
2025-04-13,14:15,Ratnapark,49,44.7,Low,Fog
2025-01-19,13:00,Kalanki,51,1.9,Low,Clear
2025-05-05,10:30,Maharajgunj,354,32.2,Medium,Rain
2025-04-26,15:00,Ratnapark,48,41.0,High,Rain
2025-01-05,15:00,Maharajgunj,765,35.5,Low,Clear
2025-01-06,13:00,Ratnapark,95,4.2,Low,Rain
2025-04-14,15:15,Bhaktapur,50,34.4,Medium,Rain
2025-03-01,9:15,Maharajgunj,46,34.0,Low,Fog
2025-01-06,11:30,Koteshwor,52,34.1,Medium,Cloudy
2025-03-28,9:30,Bhaktapur,99,30.1,High,Rain
2025-02-24,12:15,Ratnapark,494,34.8,High,Clear
2025-04-19,14:00,Bhaktapur,96,34.7,Medium,Rain
2025-04-29,9:15,Ratnapark,821,21.0,Low,Fog
2025-01-30,10:45,Koteshwor,51,20.0,Low,Fog
2025-04-25,15:00,Ratnapark,53,35.5,High,Rain
2025-03-09,13:00,Kalanki,102,34.0,Low,Clear
2025-04-03,10:45,Lalitpur,105,31.8,High,Rain
2025-05-03,9:00,Baneshwor,98,35.3,Low,Cloudy
2025-02-18,15:00,Ratnapark,46,31.3,Low,Rain
2025-04-30,14:30,Baneshwor,96,18.2,Medium,Cloudy
2025-04-20,9:30,Chabahil,96,36.4,Low,Fog
2025-04-06,10:15,Koteshwor,55,33.1,Medium,Clear
2025-04-29,14:45,Ratnapark,544,7.3,High,Clear
2025-03-15,12:45,Chabahil,51,35.2,Medium,Fog
2025-03-19,14:30,Maharajgunj,100,33.0,Medium,Rain
2025-01-12,11:00,Chabahil,108,31.0,High,Rain
2025-01-27,8:45,Kalanki,278,35.6,Medium,Clear
2025-02-14,15:00,Koteshwor,47,33.4,Medium,Clear
2025-02-28,12:45,Ratnapark,556,37.2,Low,Fog
2025-01-18,14:30,Koteshwor,98,35.0,Medium,Fog
2025-01-04,8:15,Chabahil,99,33.6,High,Cloudy
2025-02-07,9:15,Chabahil,101,38.6,High,Cloudy
2025-02-20,8:00,Lalitpur,103,36.2,Low,Rain
2025-01-09,12:45,Maharajgunj,913,27.7,Low,Rain
2025-04-20,10:30,Bhaktapur,96,34.0,Medium,Clear
2025-03-07,13:30,Lalitpur,387,32.2,Low,Clear
2025-05-01,9:00,Koteshwor,47,33.4,High,Rain
2025-04-25,8:45,Ratnapark,339,21.7,Low,Cloudy
2025-03-25,12:00,Ratnapark,54,10.7,Low,Cloudy
2025-03-18,12:15,Kalanki,98,35.5,Low,Fog
2025-03-28,10:15,Baneshwor,47,37.2,Medium,Fog
2025-02-05,15:45,Chabahil,104,10.3,Medium,Clear
2025-05-04,13:15,Maharajgunj,100,36.1,High,Rain
2025-04-22,11:00,Ratnapark,54,35.4,High,Cloudy
2025-02-07,8:15,Ratnapark,53,37.6,Medium,Fog
2025-04-14,9:30,Ratnapark,51,58.4,High,Clear
2025-03-19,15:00,Maharajgunj,48,34.4,High,Fog
2025-04-16,8:15,Kalanki,97,9.2,Medium,Clear
2025-03-26,13:45,Ratnapark,249,37.1,Low,Rain
2025-03-22,12:45,Chabahil,357,34.8,High,Rain
2025-03-20,8:45,Kalanki,401,40.9,Low,Rain
2025-01-20,10:00,Ratnapark,47,34.2,Medium,Clear
2025-03-19,12:30,Kalanki,103,55.2,Low,Rain
2025-01-19,15:45,Bhaktapur,705,36.1,High,Fog
2025-03-06,9:45,Koteshwor,53,23.8,High,Clear
2025-03-06,11:15,Lalitpur,104,35.7,Medium,Rain
2025-01-23,13:00,Chabahil,99,35.1,Medium,Cloudy
2025-02-19,13:30,Bhaktapur,101,34.4,High,Rain
2025-01-21,13:15,Chabahil,99,9.3,Low,Clear
2025-02-28,12:45,Ratnapark,546,33.2,Low,Fog
2025-04-24,14:00,Maharajgunj,46,35.5,Low,Clear
2025-01-27,10:00,Ratnapark,105,9.9,High,Clear
2025-02-25,13:30,Maharajgunj,99,21.6,Medium,Fog
2025-02-13,8:30,Maharajgunj,471,34.4,Low,Rain
2025-03-23,8:45,Kalanki,405,39.7,Low,Rain
2025-01-24,10:00,Chabahil,853,54.9,Low,Clear
2025-02-07,9:15,Chabahil,104,34.0,High,Cloudy
2025-04-18,13:45,Lalitpur,603,36.6,Low,Rain
2025-01-27,8:30,Lalitpur,774,33.9,Low,Rain
2025-04-27,15:00,Ratnapark,96,13.9,Low,Rain
2025-01-17,8:15,Ratnapark,356,37.7,High,Cloudy
2025-01-19,13:15,Chabahil,97,32.8,High,Fog
2025-01-27,15:30,Bhaktapur,670,39.9,Low,Fog
2025-02-09,15:00,Kalanki,679,52.0,Medium,Clear
2025-04-13,9:15,Ratnapark,54,39.3,Medium,Fog
2025-04-24,10:30,Chabahil,105,48.3,Medium,Clear
2025-01-18,10:00,Baneshwor,98,45.1,Low,Cloudy
2025-01-01,15:00,Chabahil,49,22.0,High,Clear
2025-02-07,9:30,Ratnapark,51,36.7,Medium,Rain
2025-02-24,14:00,Lalitpur,95,36.9,Low,Rain
2025-02-03,10:00,Bhaktapur,47,34.0,Medium,Clear
2025-05-03,9:45,Maharajgunj,294,40.4,Medium,Rain
2025-01-17,14:15,Chabahil,96,34.9,Low,Rain
2025-01-10,12:00,Kalanki,102,35.4,High,Cloudy
2025-01-20,10:30,Ratnapark,49,34.1,High,Clear
2025-04-27,14:45,Ratnapark,304,35.6,High,Clear
2025-04-29,10:30,Maharajgunj,46,35.7,Low,Fog
2025-02-13,10:15,Maharajgunj,45,33.2,High,Fog
2025-01-01,11:15,Baneshwor,100,35.8,Low,Fog
2025-02-13,15:00,Lalitpur,103,34.5,Medium,Fog
2025-02-21,8:45,Koteshwor,572,33.6,Medium,Fog
2025-04-24,11:00,Koteshwor,101,36.6,Medium,Cloudy
2025-02-09,8:00,Kalanki,297,33.4,Medium,Clear
2025-05-01,15:45,Ratnapark,995,0.1,High,Cloudy
2025-03-22,8:45,Kalanki,406,35.1,Low,Rain
2025-04-05,12:45,Kalanki,54,20.7,High,Cloudy
2025-02-03,8:00,Chabahil,48,35.4,Low,Rain
2025-02-15,11:00,Maharajgunj,53,28.1,High,Clear
2025-02-12,12:45,Lalitpur,99,39.4,Medium,Clear
2025-03-14,11:15,Chabahil,50,34.8,Low,Rain
2025-01-25,10:00,Chabahil,856,53.9,Low,Clear
2025-03-23,12:45,Chabahil,363,35.6,High,Rain
2025-04-01,13:15,Bhaktapur,105,34.4,Low,Fog
2025-02-20,9:30,Bhaktapur,51,9.7,High,Rain
2025-03-24,12:45,Chabahil,360,34.3,High,Rain
2025-04-15,15:00,Kalanki,185,31.6,High,Cloudy
2025-04-11,10:00,Baneshwor,96,40.5,Low,Rain
2025-01-16,15:15,Chabahil,51,34.3,Low,Rain
2025-03-10,11:45,Bhaktapur,52,22.6,Low,Clear
2025-02-25,8:45,Koteshwor,565,37.8,Medium,Fog
2025-02-08,13:30,Kalanki,223,10.9,Medium,Cloudy
2025-04-16,9:00,Bhaktapur,55,52.6,Low,Fog
2025-01-23,11:00,Lalitpur,54,35.6,High,Cloudy
2025-02-14,13:00,Baneshwor,47,32.5,Medium,Clear
2025-03-04,10:30,Ratnapark,205,39.0,Medium,Fog
2025-01-28,8:30,Ratnapark,105,33.3,Low,Fog
2025-01-02,11:00,Baneshwor,47,34.5,Medium,Clear
2025-01-28,8:30,Ratnapark,105,35.2,Low,Fog
2025-03-06,9:45,Koteshwor,51,25.8,High,Clear
2025-04-13,10:30,Maharajgunj,105,33.7,High,Rain
2025-04-26,9:00,Kalanki,105,37.8,Medium,Cloudy
2025-01-26,13:15,Maharajgunj,102,5.9,Medium,Rain
2025-04-20,8:30,Bhaktapur,47,35.6,Low,Fog
2025-03-29,14:15,Chabahil,46,14.2,Low,Fog
2025-04-27,12:00,Koteshwor,100,37.1,High,Cloudy
2025-02-09,15:00,Kalanki,674,52.1,Medium,Clear
2025-03-31,8:00,Ratnapark,102,38.1,High,Rain
2025-01-05,15:00,Maharajgunj,758,35.2,Low,Clear
2025-03-19,11:45,Koteshwor,877,43.5,Medium,Fog
2025-03-29,13:15,Kalanki,853,34.8,High,Fog
2025-04-17,13:00,Maharajgunj,46,49.1,High,Cloudy
2025-04-17,8:45,Koteshwor,46,37.5,Medium,Cloudy
2025-01-12,12:45,Bhaktapur,637,62.4,High,Cloudy
2025-02-18,11:30,Ratnapark,48,38.1,Low,Cloudy
2025-04-15,8:00,Maharajgunj,96,54.8,Medium,Clear
2025-02-27,8:15,Baneshwor,564,36.2,High,Fog
2025-02-10,10:30,Ratnapark,103,34.0,High,Clear
2025-04-17,15:45,Maharajgunj,105,35.6,High,Clear
2025-04-08,14:30,Baneshwor,55,33.2,Low,Cloudy
2025-04-19,13:45,Bhaktapur,101,28.8,Low,Cloudy
2025-02-18,12:45,Ratnapark,100,35.9,High,Cloudy
2025-02-20,11:45,Ratnapark,579,31.1,High,Clear
2025-03-11,12:15,Ratnapark,189,35.1,Low,Cloudy
2025-02-10,10:30,Ratnapark,45,35.8,Low,Rain
2025-02-26,12:00,Koteshwor,103,34.8,Medium,Fog
2025-02-01,9:45,Chabahil,48,35.7,Low,Fog
2025-04-05,11:00,Ratnapark,50,32.3,Low,Cloudy
2025-01-29,14:00,Koteshwor,100,41.4,Medium,Fog
2025-03-11,13:00,Kalanki,105,36.1,Low,Clear
2025-01-24,14:45,Koteshwor,97,51.0,Low,Rain
2025-03-02,8:30,Koteshwor,98,35.7,High,Clear
2025-04-10,8:00,Baneshwor,111,33.9,Low,Rain
2025-02-18,8:30,Ratnapark,54,35.0,High,Rain
2025-02-04,12:30,Koteshwor,806,35.4,High,Clear
2025-03-15,15:45,Bhaktapur,100,36.7,Low,Cloudy
2025-02-14,14:30,Koteshwor,439,38.6,Medium,Clear
2025-01-21,8:15,Chabahil,660,46.9,Low,Cloudy
2025-01-17,12:00,Kalanki,102,33.1,Medium,Cloudy
2025-03-02,14:00,Maharajgunj,53,35.9,High,Rain
2025-03-21,9:15,Bhaktapur,50,37.9,Low,Rain
2025-02-13,13:15,Baneshwor,576,35.0,High,Clear
2025-01-02,11:00,Baneshwor,47,32.5,Medium,Clear
2025-02-24,15:45,Lalitpur,927,34.6,Medium,Clear
2025-01-09,11:15,Koteshwor,281,1.9,High,Rain
2025-03-16,13:15,Kalanki,97,33.7,High,Fog
2025-04-25,10:30,Baneshwor,96,34.4,High,Clear
2025-01-25,15:30,Koteshwor,616,33.1,Low,Rain
2025-03-11,14:30,Ratnapark,53,33.4,Low,Rain
2025-04-23,10:30,Chabahil,105,51.1,Medium,Clear
2025-03-05,15:45,Bhaktapur,52,44.4,Low,Fog
2025-04-08,15:30,Maharajgunj,838,32.2,Low,Cloudy
2025-03-31,10:30,Chabahil,55,35.8,High,Clear
2025-04-16,11:45,Ratnapark,46,31.2,Medium,Clear
2025-01-08,8:45,Chabahil,49,36.4,High,Cloudy
2025-01-06,12:15,Baneshwor,45,36.6,Low,Rain
2025-03-18,15:00,Maharajgunj,185,33.9,High,Rain
2025-02-12,12:45,Lalitpur,102,41.2,Medium,Clear
2025-02-27,12:45,Bhaktapur,95,33.3,Low,Clear
2025-03-22,14:30,Baneshwor,99,37.6,Low,Cloudy
2025-03-29,14:15,Lalitpur,48,33.4,Medium,Fog
2025-02-21,13:30,Ratnapark,50,35.7,Low,Clear
2025-05-02,15:15,Maharajgunj,51,34.6,Medium,Clear
2025-02-22,9:30,Bhaktapur,53,5.0,High,Rain
2025-03-26,11:15,Baneshwor,95,36.8,Low,Rain
2025-03-17,8:45,Koteshwor,105,57.8,Low,Fog
2025-01-09,9:30,Chabahil,104,51.6,Medium,Clear
2025-01-24,15:30,Bhaktapur,673,29.2,Low,Fog
2025-02-07,14:45,Ratnapark,451,33.2,Medium,Clear
2025-03-12,13:30,Koteshwor,104,59.8,High,Clear
2025-03-09,12:30,Koteshwor,737,55.5,High,Clear
2025-03-21,14:15,Lalitpur,695,33.6,High,Rain
2025-01-20,9:45,Chabahil,52,34.3,Low,Rain
2025-02-15,9:15,Maharajgunj,127,34.1,High,Clear
2025-01-18,9:00,Maharajgunj,102,4.3,Low,Cloudy
2025-04-22,13:45,Maharajgunj,52,31.1,High,Cloudy
2025-02-07,9:00,Lalitpur,102,37.0,Low,Rain
2025-05-01,8:00,Chabahil,102,36.0,High,Rain
2025-04-29,13:15,Ratnapark,50,35.5,Low,Clear
2025-03-24,8:45,Ratnapark,53,32.3,Medium,Cloudy
2025-04-23,14:00,Baneshwor,321,26.2,Low,Cloudy
2025-04-26,8:45,Koteshwor,50,5.4,High,Clear
2025-03-29,11:15,Baneshwor,99,36.7,Low,Rain
2025-04-07,11:30,Lalitpur,864,35.5,Medium,Clear
2025-04-29,8:00,Chabahil,48,32.3,Medium,Rain
2025-03-30,11:30,Kalanki,48,38.2,Low,Cloudy
2025-01-16,12:30,Baneshwor,350,56.4,High,Rain
2025-02-12,13:45,Bhaktapur,55,36.1,Medium,Cloudy
2025-02-09,11:45,Maharajgunj,827,36.1,Low,Rain
2025-01-21,15:00,Koteshwor,99,32.5,Medium,Fog
2025-02-28,10:00,Bhaktapur,55,19.9,Low,Fog
2025-01-03,13:45,Lalitpur,100,31.7,High,Clear
2025-04-02,11:15,Bhaktapur,296,0.0,High,Cloudy
2025-02-23,11:00,Maharajgunj,48,48.9,Low,Fog
2025-01-01,15:45,Bhaktapur,46,8.8,High,Clear
2025-01-29,15:45,Ratnapark,131,36.3,Low,Cloudy
2025-03-24,14:00,Ratnapark,544,35.1,Low,Fog
2025-04-20,8:00,Kalanki,46,35.2,High,Clear
2025-02-14,14:15,Lalitpur,155,33.0,High,Fog
2025-03-01,11:45,Kalanki,52,33.9,Low,Fog
2025-04-07,13:45,Lalitpur,99,0.0,Medium,Clear
2025-01-14,12:45,Bhaktapur,646,55.6,High,Cloudy
2025-05-03,11:15,Bhaktapur,95,33.8,Low,Clear
2025-05-05,8:45,Maharajgunj,53,39.1,High,Fog
2025-01-23,15:30,Kalanki,252,33.9,Low,Clear
2025-01-20,14:30,Koteshwor,98,34.4,Medium,Fog
2025-03-09,10:45,Bhaktapur,102,31.4,Medium,Fog
2025-02-08,10:15,Bhaktapur,104,34.0,Medium,Cloudy
2025-01-28,8:30,Ratnapark,101,32.3,Low,Fog
2025-03-30,8:45,Maharajgunj,105,36.1,High,Fog
2025-03-05,15:00,Ratnapark,55,35.5,Medium,Clear
2025-04-26,15:00,Bhaktapur,972,2.7,Low,Cloudy
2025-01-13,13:00,Bhaktapur,921,36.3,Low,Rain
2025-02-19,14:45,Baneshwor,50,35.9,Medium,Rain
2025-04-04,10:45,Bhaktapur,48,35.1,High,Clear
2025-03-03,10:30,Ratnapark,54,39.8,Low,Rain
2025-03-28,14:45,Koteshwor,313,32.4,High,Fog
2025-01-16,12:15,Kalanki,104,33.8,Low,Rain
2025-04-08,15:15,Chabahil,105,37.9,Low,Rain
2025-03-04,10:15,Lalitpur,46,35.3,Medium,Cloudy
2025-04-10,10:15,Koteshwor,54,36.5,Medium,Clear
2025-04-06,9:15,Koteshwor,51,35.3,High,Cloudy
2025-04-02,11:15,Chabahil,542,37.7,High,Cloudy
2025-02-21,11:15,Maharajgunj,49,13.0,Low,Clear
2025-04-29,12:15,Baneshwor,52,37.7,Medium,Cloudy
2025-02-11,13:30,Maharajgunj,99,37.3,Medium,Clear
2025-03-17,15:15,Baneshwor,51,32.6,Low,Cloudy
2025-01-17,13:30,Lalitpur,101,6.3,Low,Cloudy
2025-02-10,9:30,Ratnapark,53,34.9,Medium,Clear
2025-04-05,13:15,Bhaktapur,97,33.8,Low,Fog
2025-03-14,14:00,Lalitpur,289,32.2,Low,Rain
2025-04-14,8:45,Koteshwor,96,33.0,Medium,Rain
2025-03-10,13:30,Koteshwor,100,58.4,High,Clear
2025-03-15,10:45,Kalanki,809,36.6,Low,Clear
2025-02-15,10:45,Baneshwor,129,34.6,Medium,Fog
2025-03-29,9:15,Baneshwor,103,36.6,Low,Clear
2025-02-09,11:30,Maharajgunj,97,36.9,Medium,Cloudy
2025-03-04,13:30,Koteshwor,104,53.3,Low,Cloudy
2025-03-14,10:45,Kalanki,801,33.6,Low,Clear
2025-03-22,11:45,Ratnapark,55,35.9,High,Cloudy
2025-04-12,11:30,Baneshwor,680,36.0,High,Rain
2025-01-14,14:15,Kalanki,848,19.3,High,Rain
2025-04-16,10:30,Maharajgunj,97,36.7,High,Rain
2025-02-19,9:30,Bhaktapur,101,3.3,High,Cloudy
2025-04-23,8:45,Ratnapark,332,21.0,Low,Cloudy
2025-03-19,15:15,Ratnapark,49,31.2,Medium,Rain
2025-04-12,13:45,Kalanki,182,36.5,Low,Fog
2025-04-27,13:00,Baneshwor,51,34.6,Medium,Cloudy
2025-01-28,15:45,Ratnapark,139,35.9,Low,Cloudy
2025-04-21,15:30,Baneshwor,102,32.0,High,Cloudy
2025-01-05,12:00,Lalitpur,1000,37.8,Low,Fog
2025-04-26,11:15,Baneshwor,102,32.6,Medium,Clear
2025-02-04,10:00,Bhaktapur,54,36.5,Medium,Clear
2025-02-08,8:30,Lalitpur,53,15.2,Low,Cloudy
2025-02-17,14:15,Lalitpur,45,53.6,Medium,Fog
2025-04-12,9:15,Ratnapark,45,34.5,Medium,Fog
2025-03-05,9:15,Ratnapark,54,30.7,Low,Cloudy
2025-01-12,15:15,Koteshwor,96,37.6,Low,Cloudy
2025-01-15,9:45,Kalanki,55,52.0,Low,Clear
2025-05-03,10:30,Maharajgunj,351,32.5,Medium,Rain
2025-01-27,11:15,Ratnapark,325,18.2,High,Cloudy
2025-04-17,8:45,Koteshwor,99,35.3,Medium,Rain
2025-05-01,11:30,Bhaktapur,445,36.8,Medium,Fog
2025-04-28,10:15,Chabahil,98,33.8,High,Cloudy
2025-02-01,14:15,Chabahil,105,33.9,High,Cloudy
2025-04-05,15:45,Chabahil,99,35.0,Low,Clear
2025-02-05,15:00,Lalitpur,95,51.7,Medium,Clear
2025-03-27,9:15,Kalanki,345,38.3,Medium,Rain
2025-01-25,15:30,Koteshwor,624,36.0,Low,Rain
2025-04-14,12:45,Lalitpur,541,29.1,Medium,Cloudy
2025-02-14,9:30,Baneshwor,101,34.4,Medium,Fog
2025-03-10,14:30,Kalanki,52,39.0,Medium,Clear
2025-02-20,15:00,Lalitpur,46,34.6,High,Fog
2025-03-23,8:45,Kalanki,405,36.5,Low,Rain
2025-04-12,13:15,Lalitpur,466,31.4,High,Clear
2025-05-05,8:45,Maharajgunj,53,36.6,High,Fog
2025-04-21,12:45,Ratnapark,102,15.3,High,Cloudy
2025-03-09,10:45,Chabahil,55,29.6,High,Clear
2025-04-08,15:00,Kalanki,98,32.8,Medium,Clear
2025-03-22,9:15,Bhaktapur,53,31.7,Low,Rain
2025-01-10,10:30,Koteshwor,564,37.1,Medium,Clear
2025-01-27,9:30,Koteshwor,105,33.0,Low,Rain
2025-03-26,15:00,Koteshwor,50,24.5,High,Fog
2025-04-07,15:45,Chabahil,102,38.9,Low,Clear
2025-05-02,15:00,Maharajgunj,755,31.7,High,Fog
2025-04-24,8:45,Ratnapark,341,19.5,Low,Cloudy
2025-03-22,9:15,Baneshwor,405,58.1,Medium,Rain
2025-03-17,12:15,Kalanki,96,34.5,Low,Fog
2025-05-02,10:00,Bhaktapur,105,33.2,Medium,Fog
2025-03-14,11:45,Koteshwor,294,32.7,Low,Clear
2025-02-13,14:00,Chabahil,1001,38.0,High,Rain
2025-04-30,15:00,Maharajgunj,95,35.5,High,Rain
2025-01-09,15:15,Bhaktapur,49,19.2,Low,Clear
2025-04-05,15:15,Baneshwor,100,16.7,Medium,Clear
2025-03-09,14:00,Baneshwor,98,35.6,High,Rain
2025-03-21,12:00,Chabahil,48,18.9,High,Rain
2025-03-09,12:00,Kalanki,476,33.0,Low,Rain
2025-03-12,14:00,Lalitpur,293,36.5,Low,Rain
2025-01-25,10:45,Chabahil,677,36.4,High,Clear
2025-04-26,9:00,Maharajgunj,102,38.1,Low,Fog
2025-01-08,11:45,Maharajgunj,103,50.9,High,Fog
2025-02-27,14:45,Chabahil,97,35.1,High,Clear
2025-01-14,15:15,Bhaktapur,47,55.3,High,Rain
2025-01-16,10:30,Ratnapark,45,29.7,High,Clear
2025-04-21,9:00,Kalanki,875,38.1,High,Clear
2025-04-03,15:15,Chabahil,100,42.5,High,Cloudy
2025-05-01,15:00,Maharajgunj,98,34.5,High,Rain
2025-04-22,13:45,Maharajgunj,702,35.9,High,Clear
2025-02-13,9:30,Baneshwor,102,34.7,Medium,Fog
2025-01-01,15:45,Kalanki,289,35.4,Medium,Rain
2025-01-02,12:30,Ratnapark,105,38.2,Low,Clear
2025-01-16,8:30,Koteshwor,965,15.2,Medium,Rain
2025-05-02,15:30,Baneshwor,101,32.8,Low,Cloudy
2025-03-29,8:00,Ratnapark,49,34.6,Low,Cloudy
2025-01-16,8:45,Kalanki,45,36.1,Medium,Rain
2025-01-24,14:15,Lalitpur,136,34.8,High,Clear
2025-03-29,12:45,Kalanki,126,49.7,Medium,Fog
2025-04-03,12:45,Maharajgunj,54,32.4,Medium,Cloudy
2025-03-05,8:15,Lalitpur,355,36.3,High,Cloudy
2025-02-18,9:15,Maharajgunj,711,33.0,Medium,Rain
2025-01-25,11:15,Ratnapark,52,15.0,Low,Rain
2025-01-30,9:45,Koteshwor,55,34.8,High,Fog
2025-03-22,14:30,Koteshwor,96,31.8,High,Rain
2025-02-06,13:45,Ratnapark,46,33.4,High,Fog
2025-01-09,11:15,Koteshwor,278,8.4,High,Rain
2025-03-30,9:00,Kalanki,808,0.5,High,Rain
2025-04-13,10:00,Baneshwor,100,34.6,Low,Rain
2025-01-31,10:30,Koteshwor,45,38.6,Medium,Fog
2025-04-11,15:15,Bhaktapur,55,34.2,Medium,Rain
2025-01-14,10:15,Maharajgunj,46,34.8,Medium,Rain
2025-04-02,11:15,Bhaktapur,295,4.0,High,Cloudy
2025-01-23,11:00,Lalitpur,46,34.2,High,Cloudy
2025-03-25,9:30,Bhaktapur,95,33.5,High,Rain
2025-04-29,10:15,Chabahil,97,30.5,High,Cloudy
2025-01-24,14:15,Lalitpur,139,29.1,High,Clear
2025-02-27,12:45,Ratnapark,552,33.1,Low,Fog
2025-01-09,10:00,Baneshwor,45,35.3,High,Cloudy
2025-03-04,9:15,Ratnapark,51,30.8,Low,Cloudy
2025-01-06,13:45,Chabahil,350,42.3,Low,Rain
2025-01-16,15:15,Bhaktapur,53,50.9,High,Rain
2025-05-02,14:45,Chabahil,719,37.8,Low,Cloudy
2025-04-24,15:00,Bhaktapur,966,2.4,Low,Cloudy
2025-04-23,11:00,Lalitpur,831,36.6,Low,Cloudy
2025-01-08,12:00,Lalitpur,1000,36.5,Low,Fog
2025-01-31,15:30,Ratnapark,104,30.6,Low,Cloudy
2025-01-24,14:00,Lalitpur,275,35.0,Low,Fog
2025-04-16,8:15,Kalanki,99,12.5,Medium,Clear
2025-04-24,10:30,Baneshwor,102,32.7,High,Clear
2025-04-08,13:45,Ratnapark,102,35.9,High,Rain
2025-03-23,13:00,Ratnapark,99,51.4,High,Rain
2025-01-02,10:30,Ratnapark,51,29.7,High,Clear
2025-05-01,11:30,Koteshwor,95,36.9,Medium,Clear
2025-02-08,14:30,Ratnapark,98,32.5,Low,Clear
2025-01-13,8:45,Bhaktapur,551,35.1,Medium,Fog
2025-05-03,14:30,Kalanki,702,34.3,Medium,Rain
2025-01-18,15:30,Maharajgunj,367,33.8,Medium,Cloudy
2025-01-02,13:00,Baneshwor,95,45.4,Medium,Cloudy
2025-02-25,11:45,Kalanki,55,38.3,Low,Fog
2025-01-27,15:30,Ratnapark,105,40.3,Low,Cloudy
2025-04-08,13:45,Ratnapark,96,33.5,High,Rain
2025-03-15,11:30,Chabahil,95,31.4,High,Fog
2025-02-24,12:45,Bhaktapur,102,36.1,Low,Clear
2025-04-15,11:45,Bhaktapur,48,38.2,High,Clear
2025-01-29,10:45,Bhaktapur,97,36.6,Low,Rain
2025-03-01,9:30,Chabahil,312,63.2,Medium,Fog
2025-04-12,10:45,Bhaktapur,46,34.5,Medium,Clear
2025-03-29,10:30,Chabahil,47,43.8,High,Fog
2025-01-04,11:00,Kalanki,490,35.2,Low,Cloudy
2025-02-21,9:00,Bhaktapur,50,34.3,Medium,Fog
2025-03-11,10:00,Ratnapark,104,36.3,Medium,Rain
2025-04-14,13:15,Baneshwor,102,53.9,High,Clear
2025-03-22,11:45,Ratnapark,50,37.1,High,Cloudy
2025-02-25,12:15,Ratnapark,493,36.0,High,Clear
2025-02-04,10:15,Koteshwor,46,43.5,High,Clear
2025-03-02,13:30,Chabahil,232,36.6,Low,Fog
2025-04-30,9:30,Maharajgunj,45,31.1,Low,Rain
2025-05-05,9:00,Ratnapark,885,25.4,High,Fog
2025-04-26,15:00,Ratnapark,101,17.1,Low,Rain
2025-04-10,12:45,Koteshwor,807,35.4,High,Clear
2025-02-17,14:00,Ratnapark,49,34.8,Low,Fog
2025-05-03,13:45,Ratnapark,55,36.9,Medium,Cloudy
2025-01-30,9:45,Kalanki,95,9.9,Low,Fog
2025-03-15,10:30,Bhaktapur,99,37.3,Low,Clear
2025-04-26,14:30,Bhaktapur,105,35.9,High,Rain
2025-01-29,8:30,Kalanki,495,14.3,Low,Fog
2025-02-10,14:45,Lalitpur,981,27.6,High,Cloudy
2025-02-24,8:30,Chabahil,996,36.6,Low,Fog
2025-01-05,13:45,Chabahil,349,38.4,Low,Rain
2025-04-25,9:15,Ratnapark,822,18.5,Low,Fog
2025-05-03,10:45,Ratnapark,46,34.9,Medium,Rain
2025-02-17,12:45,Baneshwor,101,36.3,High,Rain
2025-02-04,9:45,Ratnapark,969,5.1,Medium,Fog
2025-02-02,12:00,Chabahil,99,36.0,Low,Cloudy
2025-02-16,11:15,Ratnapark,100,35.2,High,Clear
2025-02-12,9:30,Ratnapark,46,37.1,Medium,Clear
2025-02-11,8:45,Bhaktapur,96,37.5,Low,Clear
2025-04-30,12:30,Chabahil,46,10.5,Medium,Rain
2025-05-01,15:45,Ratnapark,995,0.0,High,Cloudy
2025-03-29,10:30,Chabahil,49,42.9,High,Fog
2025-04-24,9:30,Koteshwor,562,33.9,Low,Cloudy
2025-04-24,8:00,Koteshwor,100,38.9,Low,Cloudy
2025-03-25,8:30,Maharajgunj,53,35.6,Low,Rain
2025-05-01,14:45,Lalitpur,104,39.3,Medium,Fog
2025-03-14,8:45,Maharajgunj,99,34.8,High,Clear
2025-03-23,9:00,Lalitpur,55,10.5,Low,Cloudy
2025-02-24,12:00,Koteshwor,100,34.9,Medium,Fog
2025-01-05,15:30,Lalitpur,104,46.8,Low,Rain
2025-04-20,12:00,Baneshwor,52,9.5,Low,Clear
2025-03-20,8:45,Baneshwor,97,22.7,Low,Cloudy
2025-04-04,11:00,Ratnapark,46,36.0,Low,Cloudy
2025-04-28,13:45,Lalitpur,47,32.1,High,Rain
2025-02-03,14:15,Maharajgunj,103,39.9,Medium,Clear
2025-03-21,9:15,Bhaktapur,50,34.1,Low,Rain
2025-02-19,11:30,Ratnapark,54,34.3,Low,Cloudy
2025-01-12,10:15,Chabahil,98,33.5,High,Fog
2025-03-14,11:45,Koteshwor,302,37.3,Low,Clear
2025-05-05,12:45,Chabahil,555,36.6,High,Clear
2025-01-12,11:00,Chabahil,108,33.2,High,Rain
2025-03-26,10:00,Bhaktapur,48,33.2,Low,Clear
2025-02-01,14:15,Ratnapark,53,36.9,Medium,Clear
2025-01-08,14:30,Maharajgunj,349,36.8,Low,Rain
2025-03-02,15:00,Ratnapark,49,36.5,Medium,Clear
2025-02-09,13:30,Maharajgunj,52,33.2,Medium,Clear
2025-01-02,14:15,Baneshwor,390,31.2,Low,Fog
2025-02-19,11:15,Bhaktapur,801,33.3,Medium,Rain
2025-03-23,11:00,Maharajgunj,660,12.4,Medium,Clear
2025-03-11,10:00,Ratnapark,100,39.2,Medium,Rain
2025-02-14,11:00,Maharajgunj,51,26.1,High,Clear
2025-02-28,15:00,Chabahil,98,39.6,High,Clear
2025-02-01,12:30,Lalitpur,45,36.7,High,Cloudy
2025-02-24,13:15,Lalitpur,498,32.2,Low,Fog
2025-04-16,14:30,Kalanki,53,35.4,High,Cloudy
2025-03-08,8:45,Bhaktapur,813,25.7,High,Rain
2025-03-15,9:45,Baneshwor,302,17.1,Medium,Clear
2025-04-08,9:15,Baneshwor,455,36.3,Medium,Clear
2025-02-16,15:00,Ratnapark,54,37.3,Low,Rain
2025-02-09,14:45,Chabahil,728,35.8,Medium,Cloudy
2025-03-13,9:15,Baneshwor,55,52.9,Medium,Fog
2025-05-01,12:30,Chabahil,53,8.7,Medium,Rain
2025-01-06,15:15,Bhaktapur,47,17.5,Low,Clear
2025-03-12,14:45,Baneshwor,102,32.6,Low,Clear
2025-02-28,14:30,Lalitpur,475,33.6,Medium,Clear
2025-04-23,11:15,Baneshwor,97,34.2,Medium,Clear
2025-01-21,15:30,Kalanki,247,35.2,Low,Clear
2025-04-13,12:30,Ratnapark,664,54.9,High,Clear
2025-02-14,9:00,Kalanki,96,39.3,Low,Clear
2025-03-15,8:00,Chabahil,101,36.5,Low,Rain
2025-04-16,14:45,Ratnapark,47,35.7,High,Rain
2025-02-13,11:00,Maharajgunj,51,25.9,High,Clear
2025-02-05,11:30,Koteshwor,282,36.0,High,Clear
2025-04-03,11:00,Ratnapark,54,34.1,Low,Cloudy
2025-04-08,13:45,Baneshwor,102,35.1,High,Cloudy
2025-02-25,12:30,Kalanki,362,37.0,Low,Clear
2025-03-08,15:30,Kalanki,47,33.8,High,Clear
2025-01-15,8:30,Baneshwor,53,32.7,Medium,Rain
2025-03-29,11:15,Bhaktapur,292,1.7,High,Cloudy
2025-01-11,12:45,Chabahil,189,32.3,Medium,Fog
2025-03-21,8:45,Ratnapark,51,34.4,Medium,Cloudy
2025-01-29,9:00,Baneshwor,652,34.4,Medium,Rain
2025-05-05,15:30,Baneshwor,104,30.1,Low,Cloudy
2025-02-14,9:30,Ratnapark,684,36.1,High,Clear
2025-03-24,12:45,Chabahil,358,34.6,High,Rain
2025-03-10,9:15,Bhaktapur,101,15.4,Medium,Clear
2025-03-16,11:15,Chabahil,55,35.4,Low,Rain
2025-01-24,10:00,Chabahil,860,55.5,Low,Clear
2025-03-17,9:45,Chabahil,657,37.4,Low,Clear
2025-01-31,9:45,Chabahil,48,34.7,Low,Fog
2025-02-01,8:45,Ratnapark,762,18.0,High,Clear
2025-03-08,8:15,Bhaktapur,201,39.9,Medium,Fog
2025-02-23,13:15,Chabahil,259,37.5,Medium,Cloudy
2025-02-10,14:15,Ratnapark,480,34.7,Medium,Cloudy
2025-01-12,11:15,Kalanki,48,33.0,High,Cloudy
2025-01-27,9:00,Baneshwor,652,36.5,Medium,Rain
2025-03-05,9:45,Koteshwor,47,21.6,High,Clear
2025-03-07,15:30,Lalitpur,55,34.1,High,Rain
2025-02-03,15:45,Chabahil,99,10.8,Medium,Clear
2025-04-22,9:00,Kalanki,873,34.1,High,Clear
2025-04-04,13:00,Baneshwor,104,33.6,High,Cloudy
2025-01-20,15:45,Koteshwor,102,34.2,Medium,Cloudy
2025-02-11,12:45,Ratnapark,804,37.0,Low,Cloudy
2025-03-24,14:15,Lalitpur,101,36.4,Medium,Rain
2025-02-27,12:45,Ratnapark,553,34.8,Low,Fog
2025-02-18,14:00,Chabahil,99,34.5,Low,Fog
2025-03-06,14:45,Koteshwor,104,34.5,High,Cloudy
2025-02-19,11:30,Ratnapark,54,35.0,Low,Cloudy
2025-02-09,8:00,Kalanki,303,36.3,Medium,Clear
2025-04-07,12:45,Koteshwor,809,34.9,High,Clear
2025-04-17,11:00,Baneshwor,50,32.3,Medium,Fog
2025-03-29,8:00,Ratnapark,52,32.2,Low,Cloudy
2025-03-08,8:15,Chabahil,324,40.0,High,Cloudy
2025-04-08,10:45,Baneshwor,100,35.4,High,Clear
2025-05-02,14:45,Chabahil,723,37.2,Low,Cloudy
2025-01-26,14:15,Lalitpur,140,31.1,High,Clear
2025-05-03,13:30,Maharajgunj,932,37.2,Low,Clear
2025-03-07,11:00,Baneshwor,98,53.8,Low,Fog
2025-04-29,13:45,Koteshwor,95,38.2,Medium,Fog
2025-03-28,8:30,Baneshwor,105,33.5,Medium,Cloudy
2025-02-25,12:15,Ratnapark,501,34.7,High,Clear
2025-03-08,14:30,Lalitpur,105,15.5,Low,Clear
2025-04-02,15:15,Baneshwor,102,14.0,Medium,Clear
2025-02-05,14:15,Ratnapark,50,34.2,Medium,Clear
2025-03-09,8:15,Chabahil,326,38.3,High,Cloudy
2025-01-11,15:00,Lalitpur,97,33.3,Medium,Rain
2025-03-03,11:15,Lalitpur,100,36.7,Medium,Rain
2025-01-21,12:45,Lalitpur,51,35.8,Medium,Fog
2025-03-01,12:15,Ratnapark,102,33.6,Medium,Fog
2025-01-25,10:00,Ratnapark,99,8.2,High,Clear
2025-02-06,15:00,Lalitpur,104,49.7,Medium,Clear
2025-03-09,8:45,Maharajgunj,527,28.2,Low,Fog
2025-04-10,10:15,Chabahil,671,34.6,High,Rain
2025-04-29,10:15,Koteshwor,100,35.9,Low,Rain
2025-02-08,13:45,Kalanki,103,4.9,High,Clear
2025-05-05,13:00,Koteshwor,54,34.0,Low,Clear
2025-04-08,9:30,Chabahil,48,15.1,High,Rain
2025-03-23,10:00,Lalitpur,104,54.2,Medium,Rain
2025-04-19,11:30,Kalanki,658,53.5,Medium,Rain
2025-02-06,12:30,Koteshwor,814,40.7,High,Clear
2025-03-14,12:45,Chabahil,436,36.7,Low,Fog
2025-04-20,14:00,Baneshwor,322,25.8,Low,Cloudy
2025-02-18,14:00,Koteshwor,96,51.5,Low,Clear
2025-03-25,11:15,Baneshwor,95,39.4,Low,Rain
2025-01-23,9:45,Chabahil,47,35.7,Low,Rain
2025-03-06,10:45,Chabahil,51,27.5,High,Clear
2025-02-21,11:00,Maharajgunj,105,37.0,Low,Clear
2025-03-12,14:00,Baneshwor,104,36.7,High,Rain
2025-02-13,14:15,Lalitpur,46,49.0,Medium,Fog
2025-03-15,11:15,Chabahil,53,35.0,Low,Rain
2025-04-12,8:15,Koteshwor,399,34.2,High,Rain
2025-01-23,8:30,Lalitpur,770,35.8,Low,Rain
2025-01-04,14:45,Baneshwor,49,34.6,Medium,Cloudy
2025-02-03,14:15,Ratnapark,52,34.8,Medium,Clear
2025-02-24,12:00,Koteshwor,104,33.3,Medium,Fog
2025-03-11,8:15,Bhaktapur,972,45.5,Medium,Rain
2025-03-16,11:30,Chabahil,97,38.3,High,Fog
2025-02-09,11:00,Bhaktapur,96,33.3,Low,Clear
2025-05-05,9:00,Ratnapark,893,22.2,High,Fog
2025-05-04,11:45,Lalitpur,97,35.0,High,Rain
2025-01-08,8:45,Chabahil,52,34.9,High,Cloudy
2025-03-06,15:45,Ratnapark,634,37.3,Low,Rain
2025-03-28,8:30,Baneshwor,97,32.5,Medium,Cloudy
2025-03-14,15:15,Chabahil,95,3.9,Low,Clear
2025-03-28,8:00,Ratnapark,613,3.7,High,Fog
2025-02-07,15:45,Chabahil,100,11.7,Medium,Clear
2025-01-25,9:30,Baneshwor,51,35.5,Medium,Rain
2025-01-09,10:45,Ratnapark,98,34.1,Low,Fog
2025-01-18,15:15,Chabahil,45,32.4,Low,Rain
2025-02-06,13:45,Chabahil,851,32.5,Medium,Clear
2025-01-30,12:30,Bhaktapur,53,35.8,High,Fog
2025-04-16,11:30,Lalitpur,99,0.8,Medium,Cloudy
2025-03-13,10:45,Bhaktapur,100,30.2,Medium,Fog
2025-01-14,14:00,Chabahil,684,41.1,Low,Rain
2025-03-30,14:30,Maharajgunj,220,34.3,High,Rain
2025-02-01,9:45,Koteshwor,99,33.1,High,Clear
2025-03-01,11:45,Koteshwor,727,35.8,Medium,Fog
2025-01-26,13:15,Bhaktapur,99,18.5,High,Fog
2025-02-03,11:45,Ratnapark,100,38.4,Medium,Rain
2025-02-19,14:45,Baneshwor,898,62.8,Medium,Clear
2025-02-25,13:00,Lalitpur,46,34.7,Low,Fog
2025-04-21,10:30,Baneshwor,95,33.2,High,Clear
2025-03-20,15:15,Baneshwor,46,34.1,Low,Cloudy
2025-01-11,14:00,Chabahil,690,36.4,Low,Rain
2025-04-08,11:30,Kalanki,276,35.8,Medium,Fog
2025-02-20,13:00,Chabahil,299,37.1,Low,Cloudy
2025-03-18,14:30,Maharajgunj,99,32.9,Medium,Rain
2025-01-07,14:00,Koteshwor,526,10.0,High,Fog
2025-04-03,14:15,Ratnapark,371,39.2,Low,Fog
2025-03-25,12:15,Lalitpur,51,34.0,High,Fog
2025-03-20,14:30,Baneshwor,103,32.8,Medium,Rain
2025-01-02,12:30,Kalanki,903,35.2,Low,Cloudy
2025-01-08,12:30,Maharajgunj,794,39.9,High,Rain
2025-05-02,11:45,Ratnapark,100,14.0,High,Fog
2025-03-22,8:45,Kalanki,407,32.8,Low,Rain
2025-04-11,11:15,Chabahil,51,36.1,Low,Fog
2025-02-15,13:30,Ratnapark,46,1.8,Medium,Rain
2025-03-13,15:15,Chabahil,97,3.9,Low,Clear
2025-04-10,14:00,Ratnapark,102,34.8,Low,Rain
2025-05-02,13:45,Ratnapark,55,38.2,Medium,Cloudy
2025-01-06,10:30,Ratnapark,53,14.6,High,Cloudy
2025-01-31,12:45,Ratnapark,171,56.2,High,Fog
2025-03-12,12:30,Koteshwor,739,51.5,High,Clear
2025-03-23,10:00,Bhaktapur,46,34.9,Low,Clear
2025-04-24,8:15,Kalanki,105,33.6,Low,Fog
2025-01-22,8:45,Bhaktapur,99,31.5,High,Fog
2025-02-24,14:00,Lalitpur,105,32.9,Low,Rain
2025-05-01,12:45,Ratnapark,671,38.3,Low,Cloudy
2025-01-31,9:45,Chabahil,55,35.5,Low,Fog
2025-02-21,10:15,Chabahil,815,35.4,High,Fog
2025-04-21,12:30,Ratnapark,99,34.4,Low,Cloudy
2025-04-11,12:00,Lalitpur,46,34.9,High,Rain
2025-03-13,14:45,Baneshwor,101,34.1,Low,Clear
2025-01-20,11:30,Chabahil,102,36.1,High,Cloudy
2025-04-10,9:15,Baneshwor,456,35.2,Medium,Clear
2025-04-04,14:15,Bhaktapur,51,32.7,Low,Fog
2025-01-12,9:30,Ratnapark,48,40.5,High,Fog
2025-02-07,8:00,Bhaktapur,45,30.1,High,Rain
2025-04-10,15:15,Chabahil,55,35.8,High,Rain
2025-04-03,10:45,Lalitpur,97,32.2,High,Rain
2025-03-04,13:15,Ratnapark,840,7.8,Medium,Rain
2025-04-29,8:30,Ratnapark,95,32.6,Low,Fog
2025-01-21,9:15,Koteshwor,190,35.0,High,Clear
2025-05-04,10:30,Maharajgunj,353,36.2,Medium,Rain
2025-02-07,12:45,Ratnapark,45,38.0,High,Clear
2025-02-05,8:30,Lalitpur,53,31.9,Medium,Clear
2025-01-20,10:00,Ratnapark,47,37.0,Medium,Clear
2025-03-31,15:30,Ratnapark,99,17.3,Medium,Clear
2025-04-06,13:00,Baneshwor,103,34.1,High,Cloudy
2025-04-11,10:45,Baneshwor,99,36.5,High,Clear
2025-02-24,13:15,Chabahil,265,34.5,Medium,Cloudy
2025-02-25,12:00,Koteshwor,104,36.4,Medium,Fog
2025-01-22,15:45,Koteshwor,576,33.0,Low,Rain
2025-04-30,11:15,Bhaktapur,101,33.7,Low,Clear
2025-02-16,9:15,Maharajgunj,718,36.9,Medium,Rain
2025-05-03,14:30,Maharajgunj,45,38.0,Medium,Rain
2025-03-20,8:45,Kalanki,402,34.9,Low,Rain
2025-02-17,9:00,Lalitpur,927,43.4,Low,Rain
2025-03-11,10:00,Ratnapark,104,34.6,Medium,Rain
2025-03-17,12:30,Kalanki,102,55.1,Low,Rain
2025-04-26,13:00,Baneshwor,48,34.5,Medium,Cloudy
2025-04-05,13:00,Baneshwor,95,35.7,High,Cloudy
2025-01-28,9:30,Chabahil,104,4.0,Low,Rain
2025-04-28,9:00,Kalanki,98,36.7,Medium,Cloudy
2025-01-15,14:30,Chabahil,97,32.7,Medium,Cloudy
2025-03-21,14:15,Ratnapark,50,34.5,Medium,Cloudy
2025-01-03,15:45,Bhaktapur,55,13.1,High,Clear
2025-03-01,8:15,Lalitpur,49,33.2,Medium,Clear
2025-01-23,9:15,Koteshwor,190,33.2,High,Clear
2025-02-18,14:45,Baneshwor,889,60.8,Medium,Clear
2025-01-17,11:45,Baneshwor,676,45.6,High,Cloudy
2025-02-25,10:15,Maharajgunj,977,34.0,High,Clear
2025-01-05,9:45,Maharajgunj,258,5.2,Medium,Clear
2025-03-09,13:00,Chabahil,46,35.5,Low,Rain
2025-01-26,14:45,Koteshwor,98,55.0,Low,Rain
2025-01-14,10:15,Ratnapark,46,35.3,High,Cloudy
2025-03-11,10:00,Ratnapark,53,19.8,Medium,Fog
2025-04-12,8:15,Koteshwor,391,35.1,High,Rain
2025-01-19,10:00,Baneshwor,104,42.7,Low,Cloudy
2025-04-26,9:30,Lalitpur,54,34.7,Low,Clear
2025-04-29,8:00,Chabahil,50,35.0,Medium,Rain
2025-03-28,9:00,Kalanki,806,0.0,High,Rain
2025-02-22,10:00,Maharajgunj,55,5.6,Medium,Clear
2025-01-30,14:30,Baneshwor,104,32.2,Medium,Rain
2025-01-31,9:45,Kalanki,97,9.6,Low,Fog
2025-01-23,9:15,Maharajgunj,102,34.8,High,Fog
2025-03-22,12:30,Lalitpur,99,30.5,Medium,Fog
2025-02-25,10:45,Lalitpur,329,30.5,Low,Cloudy
2025-02-06,10:00,Kalanki,96,30.9,Medium,Clear
2025-05-04,13:15,Maharajgunj,101,36.3,High,Rain
2025-02-27,13:15,Lalitpur,500,32.4,Low,Fog
2025-03-27,13:30,Koteshwor,188,34.2,High,Clear
2025-02-24,14:45,Lalitpur,97,36.0,Low,Rain
2025-02-27,15:30,Chabahil,101,39.4,Low,Fog
2025-04-08,10:15,Maharajgunj,52,35.2,Medium,Clear
2025-01-24,12:15,Maharajgunj,95,36.0,High,Fog
2025-03-12,12:15,Ratnapark,185,36.9,Low,Cloudy
2025-01-10,10:45,Maharajgunj,99,13.5,Low,Rain
2025-03-03,15:00,Ratnapark,50,35.1,Medium,Clear
2025-02-25,8:30,Chabahil,990,36.1,Low,Fog
2025-02-12,12:45,Ratnapark,797,36.5,Low,Cloudy
2025-01-31,14:15,Chabahil,99,35.0,High,Cloudy
2025-04-18,14:00,Kalanki,97,6.2,Low,Clear
2025-04-25,12:30,Baneshwor,434,37.4,Low,Cloudy
2025-04-13,13:15,Ratnapark,738,36.5,Low,Rain
2025-05-02,15:00,Maharajgunj,96,31.7,High,Rain
2025-01-16,13:00,Bhaktapur,930,37.5,Low,Rain
2025-04-28,11:00,Koteshwor,103,35.9,Medium,Cloudy
2025-02-19,10:45,Lalitpur,54,31.9,Medium,Rain
2025-02-12,8:30,Maharajgunj,473,35.1,Low,Rain
2025-04-14,8:00,Maharajgunj,100,55.1,Medium,Clear
2025-02-14,11:00,Maharajgunj,54,24.6,High,Clear
2025-01-03,12:30,Ratnapark,105,37.8,Low,Clear
2025-01-03,9:45,Kalanki,47,32.0,Low,Clear
2025-03-09,12:15,Lalitpur,424,33.4,High,Clear
2025-02-22,11:15,Maharajgunj,46,13.1,Low,Clear
2025-03-25,10:00,Ratnapark,101,37.8,High,Cloudy
2025-02-09,10:15,Bhaktapur,102,34.0,Medium,Cloudy
2025-03-17,15:00,Maharajgunj,54,32.7,High,Fog
2025-02-14,10:00,Lalitpur,95,35.9,Medium,Clear
2025-01-19,15:45,Bhaktapur,707,36.3,High,Fog
2025-01-10,13:45,Ratnapark,51,14.3,Low,Cloudy
2025-04-30,11:00,Chabahil,993,34.5,Low,Cloudy
2025-03-11,8:45,Maharajgunj,524,30.5,Low,Fog
2025-01-17,8:45,Baneshwor,96,48.7,Low,Cloudy
2025-02-14,9:15,Maharajgunj,122,38.3,High,Clear
2025-01-24,14:15,Lalitpur,104,37.3,High,Clear
2025-04-27,14:00,Maharajgunj,45,37.2,Low,Fog
2025-03-30,9:15,Ratnapark,50,36.6,High,Rain
2025-03-20,12:45,Bhaktapur,103,46.0,Medium,Rain
2025-02-28,9:00,Baneshwor,104,32.5,High,Fog
2025-03-12,11:30,Bhaktapur,815,36.3,Low,Clear
2025-01-20,14:45,Ratnapark,101,35.2,Medium,Cloudy
2025-04-21,8:45,Ratnapark,341,24.5,Low,Cloudy
2025-01-03,15:00,Chabahil,51,22.6,High,Clear
2025-02-11,8:00,Chabahil,102,52.1,High,Clear
2025-01-27,8:30,Ratnapark,104,31.6,Low,Fog
2025-03-04,14:45,Koteshwor,96,34.8,High,Cloudy
2025-01-01,8:15,Chabahil,100,33.9,High,Cloudy
2025-04-18,11:30,Baneshwor,930,35.5,Low,Rain
2025-02-11,9:00,Kalanki,99,40.2,Low,Clear
2025-02-11,8:00,Chabahil,97,50.4,High,Clear
2025-02-13,15:00,Lalitpur,97,35.9,Medium,Fog
2025-01-01,14:15,Ratnapark,556,46.1,Medium,Fog
2025-04-19,8:15,Lalitpur,426,35.2,Medium,Cloudy
2025-03-20,15:45,Kalanki,918,36.0,High,Rain
2025-01-31,9:45,Ratnapark,221,33.3,Low,Cloudy
2025-02-25,8:45,Kalanki,588,14.3,High,Fog
2025-04-15,13:15,Lalitpur,463,27.5,High,Clear
2025-02-22,13:30,Ratnapark,45,37.5,Low,Clear
2025-01-14,12:30,Chabahil,233,36.9,Medium,Rain
2025-02-23,9:00,Baneshwor,385,34.5,High,Cloudy
2025-01-02,8:15,Maharajgunj,49,49.0,High,Unknown
2025-02-06,11:45,Maharajgunj,53,37.5,Low,Clear
2025-03-05,13:00,Ratnapark,47,3.1,High,Clear
2025-01-29,13:00,Chabahil,104,36.5,High,Cloudy
2025-03-24,8:45,Ratnapark,54,35.1,Medium,Cloudy
2025-04-01,14:15,Ratnapark,370,36.4,Low,Fog
2025-05-05,11:30,Chabahil,679,25.9,Medium,Clear
2025-02-19,14:00,Ratnapark,50,37.0,Low,Fog
2025-02-10,8:00,Kalanki,301,33.8,Medium,Clear
2025-01-02,11:00,Baneshwor,49,34.8,Medium,Clear
2025-02-14,8:30,Chabahil,105,33.2,High,Cloudy
2025-03-02,13:45,Baneshwor,493,30.5,Low,Cloudy
2025-04-04,12:30,Bhaktapur,96,34.7,High,Cloudy
2025-03-30,10:30,Chabahil,49,45.8,High,Fog
2025-03-06,11:30,Lalitpur,95,29.8,Medium,Cloudy
2025-02-18,13:30,Ratnapark,558,49.0,Low,Fog
2025-04-23,14:00,Baneshwor,328,24.5,Low,Cloudy
2025-05-03,12:30,Kalanki,54,37.8,Medium,Cloudy
2025-02-24,11:00,Maharajgunj,53,56.9,Low,Fog
2025-04-27,13:45,Lalitpur,50,29.3,High,Rain
2025-04-14,14:30,Kalanki,55,31.6,High,Cloudy
2025-01-21,11:00,Lalitpur,53,35.2,High,Cloudy
2025-01-17,11:45,Baneshwor,676,47.6,High,Cloudy
2025-02-27,12:15,Ratnapark,495,38.9,High,Clear
2025-01-05,9:45,Maharajgunj,258,6.3,Medium,Clear
2025-03-12,10:45,Bhaktapur,98,31.7,Medium,Fog
2025-01-24,11:15,Ratnapark,325,17.8,High,Cloudy
2025-01-18,11:15,Ratnapark,51,36.4,Low,Rain
2025-03-12,13:30,Kalanki,99,41.5,Low,Cloudy
2025-04-21,14:00,Baneshwor,326,26.5,Low,Cloudy
2025-04-16,13:00,Maharajgunj,53,45.9,High,Cloudy
2025-03-27,11:15,Baneshwor,99,37.1,Low,Rain
2025-02-11,12:30,Bhaktapur,102,35.2,Medium,Clear
2025-03-01,8:15,Baneshwor,556,34.8,High,Fog
2025-02-11,11:30,Ratnapark,191,33.8,Medium,Cloudy
2025-02-26,12:45,Ratnapark,552,33.4,Low,Fog
2025-01-15,9:00,Koteshwor,934,35.6,High,Rain
2025-01-26,9:15,Maharajgunj,99,31.5,High,Fog
2025-01-07,9:00,Maharajgunj,99,9.6,High,Clear
2025-01-19,8:45,Bhaktapur,103,32.9,High,Fog
2025-03-28,10:15,Ratnapark,575,30.9,High,Rain
2025-01-13,15:15,Bhaktapur,52,56.6,High,Rain
2025-01-17,15:30,Maharajgunj,366,33.3,Medium,Cloudy
2025-01-31,8:30,Kalanki,501,12.6,Low,Fog
2025-03-04,8:30,Koteshwor,100,37.3,High,Clear
2025-04-05,8:00,Koteshwor,54,10.7,Medium,Fog
2025-03-02,15:30,Koteshwor,46,4.9,High,Clear
2025-01-07,12:45,Bhaktapur,645,32.1,Low,Fog
2025-04-17,12:00,Lalitpur,908,0.0,Low,Fog
2025-02-01,11:00,Koteshwor,810,52.9,High,Cloudy
2025-02-12,15:00,Koteshwor,102,38.3,High,Clear
2025-05-02,13:45,Lalitpur,105,27.8,Medium,Clear
2025-04-29,11:00,Chabahil,986,37.8,Low,Cloudy
2025-03-11,12:15,Lalitpur,421,33.6,High,Clear
2025-04-14,15:00,Kalanki,195,35.7,High,Cloudy
2025-02-26,9:45,Koteshwor,772,32.5,Medium,Rain
2025-03-04,13:15,Ratnapark,836,7.8,Medium,Rain
2025-03-22,13:30,Kalanki,812,34.8,Medium,Clear
2025-02-25,13:15,Lalitpur,497,34.4,Low,Fog
2025-02-05,14:15,Maharajgunj,102,35.8,Medium,Clear
2025-04-02,12:45,Maharajgunj,49,33.0,Medium,Cloudy
2025-03-14,10:30,Lalitpur,739,33.2,Medium,Fog
2025-01-20,14:30,Koteshwor,99,35.9,Medium,Fog
2025-01-12,10:15,Chabahil,102,37.7,High,Fog
2025-04-21,10:30,Bhaktapur,96,35.0,Medium,Clear
2025-02-18,15:00,Ratnapark,45,36.0,Low,Rain
2025-04-22,10:30,Bhaktapur,98,36.5,Medium,Clear
2025-01-09,10:45,Ratnapark,98,36.7,Low,Fog
2025-04-16,13:45,Chabahil,662,33.1,High,Fog
2025-02-20,10:00,Koteshwor,97,33.4,Low,Rain
2025-01-23,14:15,Lalitpur,98,33.6,High,Clear
2025-04-21,8:30,Bhaktapur,879,38.9,Medium,Rain
2025-03-16,13:15,Kalanki,96,36.0,High,Fog
2025-03-08,13:30,Koteshwor,98,53.9,Low,Cloudy
2025-01-14,11:45,Bhaktapur,195,35.7,High,Clear
2025-01-14,15:15,Bhaktapur,45,50.4,High,Rain
2025-04-12,14:00,Ratnapark,102,38.9,Low,Rain
2025-02-25,9:30,Chabahil,319,61.0,Medium,Fog
2025-04-07,8:00,Koteshwor,563,51.4,Medium,Clear
2025-01-22,15:45,Bhaktapur,711,31.5,High,Fog
2025-01-04,9:45,Kalanki,54,36.6,Low,Clear
2025-02-07,15:00,Maharajgunj,50,3.3,Medium,Cloudy
2025-03-09,9:15,Baneshwor,48,50.4,Medium,Fog
2025-04-10,13:45,Baneshwor,95,33.1,High,Cloudy
2025-01-02,13:45,Kalanki,95,32.5,Low,Fog
2025-02-20,11:45,Ratnapark,581,32.4,High,Clear
2025-03-14,11:30,Bhaktapur,814,35.1,Low,Clear
2025-02-25,9:00,Baneshwor,383,34.2,High,Cloudy
2025-04-05,11:30,Lalitpur,858,35.7,Medium,Clear
2025-01-26,12:15,Kalanki,51,38.4,Low,Fog
2025-04-03,8:15,Kalanki,226,29.7,Low,Rain
2025-03-13,8:45,Maharajgunj,97,30.5,High,Clear
2025-05-05,14:45,Lalitpur,105,34.5,Medium,Fog
2025-04-26,10:30,Maharajgunj,52,37.4,Low,Fog
2025-04-07,9:15,Maharajgunj,95,54.8,High,Cloudy
2025-03-28,8:45,Maharajgunj,103,38.1,High,Fog
2025-02-27,11:45,Kalanki,46,35.9,Low,Fog
2025-03-05,14:30,Lalitpur,96,9.3,Low,Clear
2025-02-05,10:15,Koteshwor,48,43.2,High,Clear
2025-04-22,10:30,Bhaktapur,104,35.6,Medium,Clear
2025-01-08,15:15,Koteshwor,47,37.2,High,Fog
2025-02-28,9:30,Chabahil,315,63.6,Medium,Fog
2025-04-07,8:00,Koteshwor,50,8.8,Medium,Fog
2025-04-21,14:45,Koteshwor,106,29.9,Low,Fog
2025-05-03,15:15,Koteshwor,99,36.4,High,Fog
2025-04-02,10:45,Bhaktapur,46,34.7,High,Clear
2025-02-05,12:30,Chabahil,47,32.1,High,Fog
2025-05-02,14:45,Ratnapark,548,6.1,High,Clear
2025-03-13,9:45,Baneshwor,312,22.7,Medium,Clear
2025-04-28,13:00,Baneshwor,47,32.6,Medium,Cloudy
2025-04-03,10:45,Lalitpur,99,37.7,High,Rain
2025-01-28,13:15,Bhaktapur,105,23.0,High,Fog
2025-01-17,15:45,Kalanki,401,32.3,High,Clear
2025-01-23,8:15,Lalitpur,938,37.7,High,Fog
2025-01-03,14:30,Lalitpur,213,34.4,High,Fog
2025-02-25,8:45,Koteshwor,567,33.4,Medium,Fog
2025-03-21,12:00,Chabahil,50,19.2,High,Rain
2025-03-19,11:45,Ratnapark,45,34.9,High,Cloudy
2025-01-16,10:30,Baneshwor,610,38.8,High,Clear
2025-03-06,9:00,Chabahil,47,33.3,High,Fog
2025-01-22,10:00,Maharajgunj,841,31.5,Medium,Cloudy
2025-03-19,9:30,Lalitpur,54,34.4,High,Cloudy
2025-02-06,10:15,Bhaktapur,105,36.6,Medium,Cloudy
2025-04-22,13:45,Bhaktapur,100,26.1,Low,Cloudy
2025-03-25,12:00,Ratnapark,46,7.3,Low,Cloudy
2025-02-12,13:00,Koteshwor,217,35.5,High,Rain
2025-02-09,11:30,Maharajgunj,105,32.1,Medium,Cloudy
2025-03-28,13:30,Koteshwor,184,35.6,High,Clear
2025-03-11,14:00,Baneshwor,99,34.3,High,Rain
2025-03-15,9:45,Baneshwor,305,23.0,Medium,Clear
2025-02-24,10:30,Maharajgunj,101,32.2,Medium,Clear
2025-03-01,8:15,Baneshwor,559,37.6,High,Fog
2025-03-30,11:15,Bhaktapur,293,1.6,High,Cloudy
2025-03-14,14:00,Lalitpur,295,37.5,Low,Rain
2025-04-22,10:45,Chabahil,442,17.9,Medium,Clear
2025-01-27,13:30,Kalanki,103,32.7,Low,Fog
2025-03-01,9:30,Chabahil,312,61.8,Medium,Fog
2025-01-28,11:45,Ratnapark,49,32.1,High,Clear
2025-01-14,10:15,Ratnapark,48,32.3,High,Cloudy
2025-04-13,9:15,Ratnapark,100,38.9,High,Clear
2025-04-06,14:00,Ratnapark,447,43.2,Low,Clear
2025-01-10,10:15,Ratnapark,50,39.1,High,Cloudy
2025-05-01,12:30,Chabahil,45,8.3,Medium,Rain
2025-03-07,15:45,Ratnapark,633,35.2,Low,Rain
2025-01-10,9:30,Maharajgunj,241,42.1,Low,Fog
2025-03-26,10:00,Kalanki,346,35.0,Medium,Fog
2025-03-28,8:45,Maharajgunj,104,33.5,High,Fog
2025-03-22,13:00,Ratnapark,100,46.2,High,Rain
2025-01-07,8:00,Baneshwor,50,35.4,High,Cloudy
2025-02-14,13:00,Koteshwor,222,32.9,High,Rain
2025-05-03,14:45,Lalitpur,102,32.8,Medium,Fog
2025-04-24,13:15,Bhaktapur,98,35.8,Medium,Clear
2025-05-02,11:30,Koteshwor,97,37.8,Medium,Clear
2025-02-17,12:00,Baneshwor,50,36.9,Medium,Clear
2025-01-23,14:30,Chabahil,98,34.2,Medium,Clear
2025-03-15,15:00,Maharajgunj,46,33.8,High,Fog
2025-03-02,13:00,Ratnapark,50,5.8,High,Clear
2025-03-25,11:15,Baneshwor,104,33.4,Low,Rain
2025-04-22,8:45,Ratnapark,335,20.7,Low,Cloudy
2025-03-01,11:00,Maharajgunj,105,9.8,Low,Cloudy
2025-02-03,8:00,Chabahil,53,34.6,Low,Rain
2025-04-29,8:00,Chabahil,105,38.5,High,Rain
2025-02-10,14:45,Chabahil,727,32.2,Medium,Cloudy
2025-03-23,8:30,Ratnapark,167,37.6,High,Rain
2025-04-30,11:30,Koteshwor,105,39.5,Medium,Clear
2025-04-21,12:00,Baneshwor,99,38.1,High,Cloudy
2025-04-15,13:45,Chabahil,663,41.3,High,Fog
2025-05-02,15:00,Maharajgunj,752,37.9,High,Fog
2025-03-04,15:45,Baneshwor,53,36.9,High,Clear
2025-01-14,12:00,Kalanki,102,32.4,High,Cloudy
2025-04-28,14:30,Bhaktapur,47,31.6,Low,Cloudy
2025-02-10,10:30,Ratnapark,53,35.7,Low,Rain
2025-03-30,9:45,Koteshwor,97,5.6,Low,Rain
2025-02-24,12:45,Bhaktapur,102,36.2,Low,Clear
2025-04-02,8:30,Lalitpur,54,28.7,High,Clear
2025-01-21,10:00,Ratnapark,53,37.3,Medium,Clear
2025-01-08,12:45,Maharajgunj,909,34.4,Low,Rain
2025-02-27,9:45,Koteshwor,767,35.3,Medium,Rain
2025-02-12,9:15,Maharajgunj,127,33.5,High,Clear
2025-02-14,9:15,Chabahil,331,31.2,High,Cloudy
2025-03-28,10:00,Kalanki,347,37.5,Medium,Fog
2025-02-15,9:15,Chabahil,325,37.7,High,Cloudy
2025-03-27,13:45,Ratnapark,241,34.3,Low,Rain
2025-02-04,10:00,Bhaktapur,54,36.3,Medium,Clear
2025-01-13,14:15,Kalanki,849,17.2,High,Rain
2025-04-19,8:30,Kalanki,45,49.6,Low,Fog
2025-04-16,15:00,Lalitpur,505,36.5,High,Rain
2025-03-10,14:15,Bhaktapur,102,36.1,Medium,Clear
2025-01-11,14:00,Chabahil,685,39.7,Low,Rain
2025-02-08,13:30,Kalanki,219,10.0,Medium,Cloudy
2025-01-15,8:30,Koteshwor,966,16.1,Medium,Rain
2025-04-18,13:45,Chabahil,654,33.5,High,Fog
2025-03-17,15:00,Maharajgunj,46,34.0,High,Fog
2025-01-26,8:15,Lalitpur,935,36.6,High,Fog
2025-02-14,13:00,Koteshwor,218,32.0,High,Rain
2025-03-28,13:15,Maharajgunj,47,37.2,Low,Clear
2025-01-10,12:30,Maharajgunj,793,41.4,High,Rain
2025-04-11,11:45,Chabahil,55,17.4,Low,Clear
2025-03-26,9:00,Lalitpur,53,8.8,Low,Cloudy
2025-03-20,12:30,Lalitpur,54,36.3,High,Cloudy
2025-02-18,10:45,Baneshwor,124,35.0,Medium,Fog
2025-01-04,13:15,Ratnapark,52,38.2,Low,Clear
2025-05-05,12:30,Kalanki,49,32.5,Medium,Cloudy
2025-03-12,10:30,Lalitpur,745,33.8,Medium,Fog
2025-01-08,11:45,Maharajgunj,101,46.8,High,Fog
2025-03-05,8:45,Bhaktapur,816,22.5,High,Rain
2025-02-07,8:30,Ratnapark,51,35.0,Medium,Cloudy
2025-01-19,11:45,Baneshwor,679,48.6,High,Cloudy
2025-02-13,13:00,Baneshwor,47,36.0,Medium,Clear
2025-01-31,11:00,Koteshwor,812,54.0,High,Cloudy
2025-03-15,12:45,Chabahil,54,32.4,Medium,Fog
2025-04-28,9:30,Maharajgunj,53,35.7,Low,Rain
2025-05-05,8:45,Maharajgunj,49,37.7,High,Fog
2025-01-08,14:30,Maharajgunj,353,36.9,Low,Rain
2025-03-28,10:45,Lalitpur,101,35.9,Medium,Fog
2025-04-21,13:45,Lalitpur,603,33.0,Low,Rain
2025-01-23,10:00,Maharajgunj,842,33.2,Medium,Cloudy
2025-04-12,8:00,Lalitpur,650,36.0,High,Rain
2025-03-09,13:00,Chabahil,48,34.0,Low,Rain
2025-04-29,8:30,Ratnapark,105,34.6,Low,Fog
2025-02-17,14:15,Lalitpur,52,55.3,Medium,Fog
2025-02-01,8:00,Chabahil,50,36.5,Low,Rain
2025-03-28,12:15,Lalitpur,53,33.9,High,Fog
2025-03-12,11:45,Bhaktapur,54,18.3,Low,Clear
2025-01-19,13:00,Kalanki,51,0.0,Low,Clear
2025-01-31,14:15,Maharajgunj,51,35.1,Medium,Cloudy
2025-04-26,15:00,Ratnapark,98,14.2,Low,Rain
2025-04-27,15:45,Baneshwor,97,3.2,Low,Fog
2025-02-15,14:00,Chabahil,999,37.4,High,Rain
2025-04-11,11:30,Kalanki,277,34.3,Medium,Fog
2025-01-06,9:45,Kalanki,48,33.9,Low,Clear
2025-04-01,14:15,Bhaktapur,48,39.0,Low,Fog
2025-01-01,8:15,Maharajgunj,45,46.0,High,Unknown
2025-01-19,10:30,Maharajgunj,656,33.5,Medium,Cloudy
2025-02-25,13:15,Lalitpur,498,35.3,Low,Fog
2025-05-02,12:00,Koteshwor,95,35.7,High,Clear
2025-03-10,10:45,Chabahil,54,28.4,High,Clear
2025-01-18,15:45,Kalanki,406,38.6,High,Clear
2025-03-03,13:00,Ratnapark,48,5.2,High,Clear
2025-03-04,8:30,Bhaktapur,105,35.5,Medium,Fog
2025-02-14,8:30,Chabahil,97,36.4,High,Cloudy
2025-05-01,12:15,Baneshwor,55,37.4,Medium,Cloudy
2025-04-09,15:30,Maharajgunj,838,36.9,Low,Cloudy
2025-01-30,10:45,Koteshwor,45,22.1,Low,Fog
2025-04-28,14:45,Ratnapark,542,2.9,High,Clear
2025-05-03,11:30,Koteshwor,95,37.0,Medium,Clear
2025-04-07,14:45,Chabahil,943,36.6,Low,Clear
2025-01-06,9:45,Maharajgunj,253,3.5,Medium,Clear
2025-03-09,14:00,Baneshwor,100,36.7,High,Rain
2025-01-26,13:15,Maharajgunj,101,7.8,Medium,Rain
2025-03-06,12:30,Lalitpur,750,15.6,Low,Rain
2025-04-19,9:30,Chabahil,96,37.3,Low,Fog
2025-03-23,15:00,Koteshwor,48,25.3,High,Fog
2025-01-04,11:00,Kalanki,498,36.9,Low,Cloudy
2025-04-28,14:45,Ratnapark,541,5.9,High,Clear
2025-03-06,15:30,Koteshwor,53,12.3,High,Clear
2025-05-04,13:30,Maharajgunj,934,35.3,Low,Clear
2025-04-21,8:00,Kalanki,46,33.7,High,Clear
2025-04-07,10:45,Baneshwor,105,35.8,High,Clear
2025-04-25,10:30,Bhaktapur,311,35.6,High,Clear
2025-02-25,9:30,Chabahil,320,62.3,Medium,Fog
2025-02-22,15:45,Ratnapark,47,35.9,Low,Fog
2025-03-14,15:45,Ratnapark,512,40.0,Low,Rain
2025-02-16,8:30,Chabahil,100,34.8,High,Cloudy
2025-04-27,15:45,Baneshwor,97,2.8,Low,Fog
2025-01-05,13:00,Ratnapark,97,3.8,Low,Rain
2025-03-28,10:00,Kalanki,348,35.2,Medium,Fog
2025-01-02,14:30,Lalitpur,454,42.5,High,Clear
2025-03-24,11:00,Maharajgunj,668,11.6,Medium,Clear
2025-01-08,8:15,Chabahil,102,23.1,High,Rain
2025-04-23,10:30,Chabahil,95,49.8,Medium,Clear
2025-04-25,11:15,Baneshwor,678,33.2,Medium,Clear
2025-01-05,9:15,Kalanki,95,34.2,Low,Fog
2025-03-06,13:00,Ratnapark,51,7.3,High,Clear
2025-03-15,11:30,Chabahil,97,37.7,High,Fog
2025-02-08,8:30,Lalitpur,55,14.8,Low,Cloudy
2025-01-03,9:00,Chabahil,973,33.1,Medium,Clear
2025-03-13,15:15,Chabahil,103,4.8,Low,Clear
2025-04-08,9:30,Chabahil,47,18.2,High,Rain
2025-02-03,12:45,Ratnapark,47,37.0,High,Clear
2025-05-04,15:15,Koteshwor,96,36.1,High,Fog
2025-03-18,8:45,Baneshwor,104,26.9,Low,Cloudy
2025-04-10,9:30,Chabahil,45,17.1,High,Rain
2025-02-20,11:30,Ratnapark,53,32.7,Low,Cloudy
2025-02-15,10:00,Bhaktapur,967,34.2,High,Cloudy
2025-03-05,12:15,Kalanki,100,34.9,Medium,Rain
2025-01-02,14:15,Ratnapark,558,48.2,Medium,Fog
2025-03-11,11:00,Baneshwor,105,51.3,Low,Fog
2025-01-24,12:30,Maharajgunj,49,36.5,Medium,Fog
2025-01-20,10:00,Maharajgunj,844,34.0,Medium,Cloudy
2025-03-10,9:00,Lalitpur,55,37.7,Low,Fog
2025-03-20,14:30,Koteshwor,99,34.9,High,Rain
2025-01-17,15:30,Maharajgunj,366,36.4,Medium,Cloudy
2025-01-23,11:00,Maharajgunj,100,37.4,Low,Clear
2025-02-20,8:00,Lalitpur,103,37.2,Low,Rain
2025-01-31,14:45,Bhaktapur,97,16.7,Low,Cloudy
2025-02-05,9:30,Maharajgunj,116,19.6,Medium,Clear
2025-01-19,9:30,Baneshwor,760,10.5,Low,Cloudy
2025-03-20,12:00,Chabahil,54,18.0,High,Rain
2025-04-25,13:45,Lalitpur,55,28.5,High,Rain
2025-04-16,11:00,Baneshwor,52,36.2,Medium,Fog
2025-01-10,14:30,Ratnapark,100,34.9,High,Fog
2025-01-30,9:30,Koteshwor,101,30.3,Low,Rain
2025-02-03,15:00,Ratnapark,101,35.9,Medium,Cloudy
2025-04-16,11:45,Ratnapark,48,32.2,Medium,Clear
2025-01-12,12:45,Chabahil,190,37.3,Medium,Fog
2025-03-25,11:15,Baneshwor,103,33.5,Low,Rain
2025-03-21,10:00,Ratnapark,97,32.0,High,Cloudy
2025-04-12,15:15,Chabahil,52,35.3,High,Rain
2025-03-20,14:15,Ratnapark,51,32.8,Medium,Cloudy
2025-03-11,11:45,Koteshwor,48,56.2,High,Rain
2025-04-10,10:00,Baneshwor,104,35.0,Low,Rain
2025-05-01,13:45,Ratnapark,47,33.9,Medium,Cloudy
2025-03-24,14:30,Koteshwor,101,34.7,High,Rain
2025-02-12,12:45,Ratnapark,803,40.3,Low,Cloudy
2025-01-25,10:00,Ratnapark,103,9.1,High,Clear
2025-01-11,11:30,Ratnapark,54,30.8,High,Rain
2025-03-23,10:00,Kalanki,891,34.4,Medium,Cloudy
2025-01-01,15:45,Kalanki,297,38.4,Medium,Rain
2025-01-11,13:45,Ratnapark,53,12.5,Low,Cloudy
2025-03-07,14:45,Koteshwor,102,36.1,High,Cloudy
2025-01-23,12:30,Maharajgunj,47,34.7,Medium,Fog
2025-02-17,11:15,Bhaktapur,798,38.3,Medium,Rain
2025-04-13,13:45,Kalanki,184,35.2,Low,Fog
2025-03-08,9:00,Lalitpur,50,35.2,Low,Fog
2025-01-12,9:30,Ratnapark,54,39.7,High,Fog
2025-02-03,12:00,Chabahil,97,35.4,Low,Cloudy
2025-03-22,12:00,Chabahil,52,19.4,High,Rain
2025-03-04,12:15,Chabahil,441,36.7,High,Fog
2025-03-08,11:45,Chabahil,125,35.1,Low,Rain
2025-02-10,10:30,Ratnapark,102,38.4,High,Clear
2025-05-01,10:15,Chabahil,101,36.7,High,Cloudy
2025-01-22,15:30,Kalanki,255,34.1,Low,Clear
2025-02-16,12:45,Baneshwor,104,32.2,High,Rain
2025-03-25,9:30,Bhaktapur,98,34.2,High,Rain
2025-02-02,13:45,Chabahil,849,35.8,Medium,Clear
2025-03-16,10:15,Maharajgunj,97,13.2,High,Rain
2025-01-08,13:15,Maharajgunj,488,37.7,Medium,Rain
2025-03-06,10:45,Chabahil,55,25.8,High,Clear
2025-01-09,11:15,Koteshwor,287,3.1,High,Rain
2025-02-07,14:15,Chabahil,701,32.6,Medium,Clear
2025-01-26,10:30,Koteshwor,105,51.3,Low,Cloudy
2025-01-17,13:15,Chabahil,97,33.7,High,Fog
2025-04-11,11:45,Chabahil,45,19.7,Low,Clear
2025-04-17,14:30,Baneshwor,54,36.5,Low,Cloudy
2025-03-17,10:45,Lalitpur,53,33.1,Medium,Rain
2025-04-15,14:30,Kalanki,50,33.4,High,Cloudy
2025-03-24,8:30,Ratnapark,171,31.4,High,Rain
2025-04-15,15:45,Maharajgunj,95,35.4,High,Clear
2025-04-18,9:30,Bhaktapur,95,20.5,High,Cloudy
2025-03-07,13:15,Ratnapark,833,11.3,Medium,Rain
2025-04-21,14:00,Maharajgunj,51,35.8,Low,Clear
2025-01-19,13:00,Chabahil,55,34.7,High,Rain
2025-03-28,12:30,Kalanki,105,24.7,Medium,Cloudy
2025-01-26,15:45,Ratnapark,137,32.0,Low,Cloudy
2025-01-24,9:15,Maharajgunj,104,32.3,High,Fog
2025-01-27,12:15,Maharajgunj,103,38.8,High,Fog
2025-04-05,10:30,Maharajgunj,45,25.6,Medium,Cloudy
2025-01-12,13:45,Maharajgunj,48,33.0,High,Clear
2025-04-15,15:00,Lalitpur,505,35.8,High,Rain
2025-02-24,11:15,Koteshwor,47,17.0,High,Clear
2025-04-13,11:45,Ratnapark,51,31.1,Medium,Clear
2025-04-10,10:45,Baneshwor,95,38.9,High,Clear
2025-01-26,12:45,Ratnapark,53,31.5,High,Rain
2025-01-31,14:45,Bhaktapur,102,16.1,Low,Cloudy
2025-03-08,10:30,Ratnapark,200,34.6,Medium,Fog
2025-01-18,13:15,Chabahil,96,33.9,High,Fog
2025-03-26,14:45,Baneshwor,150,33.6,Medium,Fog
2025-01-01,12:15,Lalitpur,325,35.0,Low,Clear
2025-03-22,11:00,Maharajgunj,658,10.5,Medium,Clear
2025-04-26,13:45,Maharajgunj,51,32.2,High,Cloudy
2025-04-06,8:00,Koteshwor,53,4.4,Medium,Fog
2025-01-16,9:45,Ratnapark,97,4.8,High,Clear
2025-02-20,15:30,Chabahil,669,34.4,High,Clear
2025-03-18,14:30,Maharajgunj,100,34.2,Medium,Rain
2025-04-01,10:15,Baneshwor,51,34.6,Medium,Fog
2025-04-02,9:30,Bhaktapur,255,34.8,High,Clear
2025-01-13,15:30,Ratnapark,104,34.0,Low,Cloudy
2025-03-16,14:45,Lalitpur,45,51.6,High,Fog
2025-03-16,12:15,Kalanki,97,33.3,Low,Fog
2025-04-26,9:15,Ratnapark,823,23.0,Low,Fog
2025-04-22,13:45,Maharajgunj,692,33.4,High,Clear
2025-01-27,13:00,Chabahil,99,19.3,High,Cloudy
2025-02-11,11:15,Chabahil,463,33.6,Medium,Clear
2025-04-07,9:15,Maharajgunj,95,53.5,High,Cloudy
2025-04-20,10:00,Kalanki,115,35.0,Low,Cloudy
2025-05-05,15:15,Koteshwor,104,34.8,High,Fog
2025-03-02,14:30,Lalitpur,471,34.1,Medium,Clear
2025-04-30,8:45,Koteshwor,105,34.4,Low,Rain
2025-02-16,15:00,Ratnapark,47,33.6,Low,Rain
2025-02-11,10:45,Kalanki,306,39.8,Low,Clear
2025-01-21,10:00,Baneshwor,103,47.1,Low,Cloudy
2025-02-19,13:30,Bhaktapur,100,33.3,High,Rain
2025-01-30,13:45,Kalanki,46,35.8,Low,Rain
2025-02-17,12:45,Ratnapark,96,35.1,High,Cloudy
2025-02-14,8:45,Bhaktapur,102,36.3,Low,Clear
2025-01-01,14:15,Ratnapark,561,48.4,Medium,Fog
2025-01-28,9:00,Baneshwor,649,35.4,Medium,Rain
2025-03-06,8:30,Ratnapark,219,21.9,High,Cloudy
2025-05-05,8:00,Lalitpur,104,34.1,Medium,Rain
2025-03-17,8:00,Chabahil,101,33.5,Low,Rain
2025-01-23,12:45,Ratnapark,45,34.8,High,Rain
2025-02-03,15:45,Chabahil,941,5.4,Medium,Rain
2025-05-05,12:00,Koteshwor,99,33.8,High,Clear
2025-03-01,14:30,Lalitpur,475,37.2,Medium,Clear
2025-04-24,9:30,Koteshwor,555,35.2,Low,Cloudy
2025-03-21,13:45,Maharajgunj,102,36.8,High,Rain
2025-03-07,15:30,Lalitpur,51,37.9,High,Rain
2025-03-12,15:15,Chabahil,105,4.6,Low,Clear
2025-03-04,14:30,Lalitpur,470,35.4,Medium,Clear
2025-02-08,13:30,Maharajgunj,47,34.4,Medium,Clear
2025-01-18,10:00,Baneshwor,98,41.4,Low,Cloudy
2025-01-14,15:15,Bhaktapur,48,51.1,High,Rain
2025-01-30,8:30,Kalanki,504,15.7,Low,Fog
2025-04-03,9:15,Ratnapark,54,35.4,High,Rain
2025-03-20,8:45,Ratnapark,883,7.7,Medium,Rain
2025-04-07,13:00,Baneshwor,98,36.9,High,Cloudy
2025-04-07,8:00,Koteshwor,49,5.5,Medium,Fog
2025-03-17,9:30,Lalitpur,46,36.7,High,Cloudy
2025-03-04,15:30,Kalanki,48,34.4,High,Clear
2025-03-18,13:00,Kalanki,101,11.4,High,Fog
2025-03-11,12:15,Ratnapark,185,34.0,Low,Cloudy
2025-02-06,11:30,Koteshwor,278,32.9,High,Clear
2025-04-04,8:30,Bhaktapur,102,33.4,High,Fog
2025-01-23,13:15,Kalanki,102,54.5,Medium,Clear
2025-01-03,14:15,Baneshwor,394,33.3,Low,Fog
2025-01-23,8:45,Bhaktapur,101,33.9,High,Fog
2025-03-10,14:30,Ratnapark,54,36.7,Low,Rain
2025-03-16,15:45,Ratnapark,512,38.6,Low,Rain
2025-03-17,9:15,Ratnapark,881,10.3,Low,Rain
2025-05-02,12:30,Chabahil,49,11.5,Medium,Rain
2025-03-10,12:15,Lalitpur,420,34.0,High,Clear
2025-04-29,10:15,Koteshwor,103,35.7,Low,Rain
2025-05-02,11:45,Ratnapark,95,8.7,High,Fog
2025-01-29,12:30,Lalitpur,47,36.0,High,Cloudy
2025-01-17,11:45,Baneshwor,679,44.0,High,Cloudy
2025-02-05,14:45,Ratnapark,452,35.6,Medium,Clear
2025-01-18,15:45,Kalanki,402,35.5,High,Clear
2025-05-03,12:30,Chabahil,45,9.4,Medium,Rain
2025-02-25,9:30,Chabahil,315,58.5,Medium,Fog
2025-04-24,9:00,Kalanki,871,36.1,High,Clear
2025-03-30,13:45,Lalitpur,52,28.8,High,Fog
2025-01-20,14:45,Maharajgunj,104,57.6,Medium,Rain
2025-02-11,13:00,Baneshwor,48,36.3,Medium,Clear
2025-03-12,9:15,Baneshwor,51,52.8,Medium,Fog
2025-02-21,14:45,Baneshwor,898,61.1,Medium,Clear
2025-01-16,10:45,Chabahil,47,34.7,High,Rain
2025-04-26,8:45,Koteshwor,102,35.4,Low,Rain
2025-03-07,8:30,Bhaktapur,95,36.1,Medium,Fog
2025-02-08,13:00,Ratnapark,102,31.2,High,Rain
2025-04-30,13:15,Koteshwor,102,32.5,Low,Clear
2025-01-10,14:30,Maharajgunj,355,36.6,Low,Rain
2025-01-25,8:00,Bhaktapur,48,37.4,Medium,Rain
2025-01-25,10:00,Ratnapark,96,7.6,High,Clear
2025-01-13,9:30,Chabahil,96,55.6,Medium,Clear
2025-05-03,15:30,Baneshwor,98,34.9,Low,Cloudy
2025-03-18,10:45,Koteshwor,617,36.5,High,Rain
2025-04-02,10:30,Chabahil,46,34.6,High,Clear
2025-01-04,14:30,Lalitpur,452,41.1,High,Clear
2025-03-11,11:45,Koteshwor,298,37.2,Low,Clear
2025-01-26,9:00,Kalanki,943,33.9,High,Rain
2025-04-25,13:45,Maharajgunj,47,34.8,High,Cloudy
2025-01-31,12:30,Bhaktapur,52,37.2,High,Fog
2025-04-17,10:00,Kalanki,121,36.1,Low,Cloudy
2025-02-13,14:45,Lalitpur,972,26.5,High,Cloudy
2025-01-23,9:15,Maharajgunj,97,35.1,High,Fog
2025-04-12,11:45,Ratnapark,49,31.6,Medium,Clear
2025-01-14,8:30,Koteshwor,965,15.0,Medium,Rain
2025-04-08,12:00,Baneshwor,537,35.3,Medium,Fog
2025-04-04,9:15,Maharajgunj,105,56.5,High,Cloudy
2025-01-09,14:45,Baneshwor,153,34.1,Low,Cloudy
2025-02-13,15:00,Lalitpur,97,34.7,Medium,Fog
2025-04-30,12:45,Ratnapark,678,34.5,Low,Cloudy
2025-03-22,14:30,Koteshwor,105,37.3,High,Rain
2025-04-27,11:00,Chabahil,95,26.5,High,Fog
2025-03-30,12:30,Kalanki,98,23.5,Medium,Cloudy
2025-01-23,12:30,Maharajgunj,54,31.9,Medium,Fog
2025-01-27,14:00,Lalitpur,275,35.7,Low,Fog
2025-02-11,10:00,Chabahil,188,50.5,High,Cloudy
2025-04-05,9:30,Maharajgunj,780,51.3,Medium,Rain
2025-01-06,9:45,Kalanki,47,32.3,Low,Clear
2025-02-18,8:00,Ratnapark,49,33.9,Low,Clear
2025-02-18,10:45,Lalitpur,51,32.3,Medium,Rain
2025-04-12,11:45,Chabahil,49,19.9,Low,Clear
2025-01-30,14:00,Koteshwor,105,44.3,Medium,Fog
2025-03-20,15:15,Ratnapark,52,35.7,Medium,Rain
2025-03-07,15:30,Lalitpur,49,32.8,High,Rain
2025-02-08,12:30,Koteshwor,810,38.5,High,Clear
2025-01-02,8:15,Maharajgunj,50,43.5,High,Unknown
2025-04-04,15:00,Kalanki,104,31.6,Medium,Clear
2025-03-01,12:15,Baneshwor,96,6.5,Low,Fog
2025-02-03,11:45,Bhaktapur,97,12.0,Medium,Cloudy
2025-01-22,9:15,Koteshwor,196,34.6,High,Clear
2025-01-14,11:15,Kalanki,55,32.0,High,Cloudy
2025-03-14,15:45,Bhaktapur,98,33.8,Low,Cloudy
2025-01-15,13:00,Bhaktapur,925,33.7,Low,Rain
2025-04-20,13:00,Maharajgunj,103,39.3,Medium,Fog
2025-02-08,10:30,Ratnapark,100,38.3,High,Clear
2025-04-25,8:30,Ratnapark,95,36.5,Low,Fog
2025-05-01,11:15,Bhaktapur,97,34.3,Low,Clear
2025-04-01,12:30,Ratnapark,101,37.4,Medium,Rain
2025-03-19,8:15,Lalitpur,52,0.0,Low,Clear
2025-03-06,14:00,Chabahil,903,37.2,High,Fog
2025-01-21,9:30,Baneshwor,99,36.9,Low,Clear
2025-03-31,10:45,Bhaktapur,54,34.7,High,Clear
2025-02-21,14:45,Baneshwor,895,62.3,Medium,Clear
2025-01-31,14:45,Bhaktapur,103,15.1,Low,Cloudy
2025-04-08,8:45,Baneshwor,101,10.5,Medium,Clear
2025-02-26,9:45,Koteshwor,774,37.0,Medium,Rain
2025-02-18,12:15,Lalitpur,53,48.8,Low,Fog
2025-03-16,12:30,Koteshwor,95,36.2,High,Fog
2025-02-01,14:30,Baneshwor,103,38.6,Medium,Rain
2025-01-01,10:45,Lalitpur,47,33.6,Medium,Rain
2025-02-20,9:30,Bhaktapur,100,5.7,High,Cloudy
2025-03-30,12:00,Lalitpur,52,38.1,Medium,Clear
2025-03-01,8:30,Baneshwor,778,36.3,Low,Fog
2025-03-21,12:00,Chabahil,48,15.6,High,Rain
2025-01-12,11:00,Chabahil,113,33.1,High,Rain
2025-02-05,15:45,Chabahil,939,6.9,Medium,Rain
2025-02-28,12:30,Maharajgunj,908,33.5,High,Cloudy
2025-02-15,13:30,Ratnapark,558,49.5,Low,Fog
2025-01-27,13:15,Bhaktapur,97,21.2,High,Fog
2025-02-10,9:30,Ratnapark,52,35.6,Medium,Clear
2025-02-25,13:30,Maharajgunj,102,21.3,Medium,Fog
2025-01-13,11:30,Ratnapark,48,29.9,High,Rain
2025-04-12,9:15,Ratnapark,51,30.9,Medium,Fog
2025-04-29,14:30,Chabahil,48,35.3,Low,Cloudy
2025-01-03,8:00,Kalanki,698,37.4,Low,Clear
2025-03-22,15:00,Lalitpur,95,32.2,Low,Cloudy
2025-03-30,8:45,Maharajgunj,95,36.0,High,Fog
2025-04-24,10:30,Bhaktapur,96,33.8,Medium,Clear
2025-01-06,12:45,Maharajgunj,908,36.6,Low,Rain
2025-03-07,14:30,Lalitpur,104,13.3,Low,Clear
2025-04-04,9:15,Koteshwor,55,35.8,High,Cloudy
2025-03-06,8:45,Bhaktapur,817,24.1,High,Rain
2025-02-12,15:00,Koteshwor,55,37.7,Medium,Clear
2025-01-12,12:45,Chabahil,186,35.7,Medium,Fog
2025-03-15,14:30,Maharajgunj,102,33.6,Medium,Rain
2025-01-03,11:15,Lalitpur,53,35.2,Low,Clear
2025-02-03,8:00,Bhaktapur,51,34.3,High,Rain
2025-03-16,13:45,Koteshwor,53,35.3,Low,Fog
2025-04-14,11:30,Lalitpur,98,2.2,Medium,Cloudy
2025-01-30,9:30,Koteshwor,101,33.6,Low,Rain
2025-04-13,14:00,Lalitpur,49,37.4,Low,Rain
2025-03-21,8:00,Bhaktapur,49,35.1,High,Cloudy
2025-02-22,10:45,Lalitpur,47,37.1,Medium,Rain
2025-04-02,14:15,Bhaktapur,53,34.2,Low,Fog
2025-03-15,11:15,Chabahil,54,31.0,Low,Rain
2025-02-16,12:45,Ratnapark,99,34.3,High,Cloudy
2025-04-25,12:15,Baneshwor,50,55.7,Medium,Clear
2025-03-05,11:30,Kalanki,784,34.8,Low,Cloudy
2025-02-17,12:00,Baneshwor,54,31.7,Medium,Clear
2025-04-03,13:45,Lalitpur,51,33.0,Medium,Fog
2025-05-02,10:00,Bhaktapur,103,53.3,Low,Rain
2025-02-02,10:15,Koteshwor,103,38.1,Medium,Rain
2025-02-02,12:30,Bhaktapur,54,32.9,High,Fog
2025-04-27,15:00,Ratnapark,104,17.0,Low,Rain
2025-04-10,14:45,Baneshwor,99,36.2,Low,Rain
2025-04-15,9:30,Kalanki,558,38.0,High,Clear
2025-01-02,8:15,Maharajgunj,47,44.6,High,Unknown
2025-03-16,15:45,Ratnapark,507,37.2,Low,Rain
2025-02-27,8:30,Baneshwor,783,36.7,Low,Fog
2025-01-13,12:45,Chabahil,192,32.6,Medium,Fog
2025-01-27,13:30,Kalanki,96,35.7,Low,Fog
2025-02-15,9:00,Kalanki,100,42.7,Low,Clear
2025-04-27,13:45,Lalitpur,51,28.1,High,Rain
2025-02-17,10:00,Lalitpur,101,33.8,Medium,Clear
2025-01-17,14:30,Chabahil,97,33.4,Medium,Cloudy
2025-01-14,8:30,Maharajgunj,53,36.5,Low,Fog
2025-03-06,14:30,Lalitpur,96,12.9,Low,Clear
2025-03-03,10:00,Chabahil,55,42.4,Low,Clear
2025-05-03,9:45,Maharajgunj,294,40.4,Medium,Rain
2025-04-02,15:15,Chabahil,55,20.9,Low,Clear
2025-04-13,10:15,Chabahil,672,34.9,High,Rain
2025-04-29,12:30,Chabahil,55,9.5,Medium,Rain
2025-03-15,12:45,Chabahil,53,32.7,Medium,Fog
2025-01-04,13:45,Kalanki,98,35.4,Low,Fog
2025-02-20,11:30,Baneshwor,282,51.1,Low,Cloudy
2025-02-14,9:15,Chabahil,325,32.5,High,Cloudy
2025-02-11,11:30,Maharajgunj,98,32.3,Medium,Cloudy
2025-02-18,9:30,Bhaktapur,54,4.6,High,Rain
2025-01-30,14:45,Bhaktapur,100,15.6,Low,Cloudy
2025-02-15,13:30,Ratnapark,49,2.2,Medium,Rain
2025-03-22,9:15,Bhaktapur,47,35.5,Low,Rain
2025-03-14,15:00,Baneshwor,54,35.6,Low,Fog
2025-01-11,10:00,Baneshwor,770,58.5,Medium,Rain
2025-01-15,8:30,Baneshwor,52,37.1,Medium,Rain
2025-02-16,9:15,Maharajgunj,124,34.1,High,Clear
2025-03-17,12:45,Bhaktapur,97,45.9,Medium,Rain
2025-03-01,11:30,Baneshwor,983,48.7,Low,Fog
2025-04-12,10:00,Baneshwor,99,35.8,Low,Fog
2025-01-04,15:45,Bhaktapur,45,9.6,High,Clear
2025-02-07,15:00,Lalitpur,100,50.8,Medium,Clear
2025-03-03,12:15,Chabahil,443,35.0,High,Fog
2025-04-13,14:15,Ratnapark,51,47.6,Low,Fog
2025-02-12,8:00,Kalanki,297,33.4,Medium,Clear
2025-03-22,11:00,Maharajgunj,661,7.5,Medium,Clear
2025-01-19,12:30,Baneshwor,342,58.1,High,Rain
2025-03-21,12:15,Ratnapark,103,37.1,High,Fog
2025-05-04,14:45,Lalitpur,103,34.7,Medium,Fog
2025-02-04,11:30,Koteshwor,281,35.2,High,Clear
2025-04-21,8:00,Kalanki,46,32.9,High,Clear
2025-02-25,13:00,Lalitpur,50,35.1,Low,Fog
2025-03-07,13:00,Chabahil,52,32.0,Low,Rain
2025-01-15,13:15,Chabahil,96,33.2,High,Fog
2025-01-18,14:00,Koteshwor,103,34.2,Low,Clear
2025-03-19,12:45,Bhaktapur,101,45.9,Medium,Rain
2025-05-01,10:00,Bhaktapur,96,36.1,Medium,Fog
2025-03-03,8:30,Bhaktapur,105,36.2,Medium,Fog
2025-04-26,8:15,Kalanki,99,31.8,Low,Fog
2025-02-21,13:00,Chabahil,299,35.0,Low,Cloudy
2025-03-20,10:15,Baneshwor,51,34.6,Medium,Fog
2025-02-11,11:15,Chabahil,465,31.9,Medium,Clear
2025-01-11,14:30,Ratnapark,105,35.0,High,Fog
2025-03-29,13:15,Maharajgunj,50,34.5,Low,Clear
2025-02-27,13:30,Chabahil,234,36.0,Low,Fog
2025-03-11,14:00,Baneshwor,97,35.2,High,Rain
2025-04-16,10:15,Bhaktapur,97,33.9,High,Rain
2025-03-24,10:00,Kalanki,896,36.9,Medium,Cloudy
2025-01-23,9:30,Baneshwor,104,30.6,Low,Clear
2025-03-06,11:30,Kalanki,787,33.9,Low,Cloudy
2025-04-05,15:30,Maharajgunj,104,31.5,Medium,Fog
2025-04-04,12:45,Maharajgunj,47,33.2,Medium,Cloudy
2025-02-24,10:15,Maharajgunj,968,36.0,High,Clear
2025-04-03,11:45,Bhaktapur,403,32.5,Medium,Clear
2025-04-21,13:45,Lalitpur,596,32.2,Low,Rain
2025-02-05,10:00,Kalanki,99,39.8,Medium,Clear
2025-04-27,13:15,Bhaktapur,99,32.3,Medium,Clear
2025-03-19,13:45,Maharajgunj,95,38.3,High,Rain
2025-02-14,11:45,Baneshwor,96,46.7,High,Fog
2025-04-22,9:30,Bhaktapur,96,21.0,High,Cloudy
2025-04-04,9:15,Maharajgunj,98,56.1,High,Cloudy
2025-02-06,15:45,Chabahil,101,11.7,Medium,Clear
2025-03-28,11:30,Kalanki,47,32.7,Low,Cloudy
2025-02-28,9:30,Chabahil,316,59.0,Medium,Fog
2025-01-22,12:00,Lalitpur,109,23.7,Low,Rain
2025-02-22,13:15,Chabahil,265,35.6,Medium,Cloudy
2025-02-04,14:15,Chabahil,99,37.2,High,Cloudy
2025-04-26,8:00,Koteshwor,103,36.0,Low,Cloudy
2025-03-21,10:00,Baneshwor,95,38.6,High,Rain
2025-03-13,10:45,Bhaktapur,103,30.4,Medium,Fog
2025-02-14,15:00,Lalitpur,99,35.4,Medium,Fog
2025-04-27,9:00,Maharajgunj,102,35.6,Low,Fog
2025-01-15,14:45,Chabahil,49,34.7,Medium,Cloudy
2025-03-08,8:15,Chabahil,329,40.7,High,Cloudy
2025-02-01,13:45,Kalanki,52,35.5,Low,Rain
2025-01-16,14:00,Koteshwor,96,36.6,Low,Clear
2025-02-05,14:15,Ratnapark,47,36.9,Medium,Clear
2025-01-19,9:00,Maharajgunj,105,7.9,Low,Cloudy
2025-01-12,8:30,Maharajgunj,53,36.0,Low,Fog
2025-02-07,12:30,Koteshwor,808,38.0,High,Clear
2025-03-30,15:30,Ratnapark,99,15.9,Medium,Clear
2025-01-06,14:45,Baneshwor,152,36.7,Low,Cloudy
2025-03-10,12:45,Chabahil,437,37.8,Low,Fog
2025-01-22,11:30,Chabahil,97,31.1,High,Cloudy
2025-02-08,13:00,Ratnapark,102,30.9,High,Rain
2025-01-16,9:45,Ratnapark,101,8.0,High,Clear
2025-01-14,13:15,Baneshwor,96,33.2,High,Rain
2025-02-27,9:30,Chabahil,319,58.4,Medium,Fog
2025-01-30,10:00,Maharajgunj,99,52.9,High,Fog
2025-03-31,12:30,Bhaktapur,95,38.2,High,Cloudy
2025-03-15,14:30,Maharajgunj,97,30.9,Medium,Rain
2025-02-09,10:45,Kalanki,309,38.7,Low,Clear
2025-02-28,12:15,Baneshwor,99,7.9,Low,Fog
2025-04-18,9:30,Ratnapark,52,60.6,High,Clear
2025-03-19,15:15,Baneshwor,45,35.6,Low,Cloudy
2025-04-27,12:15,Kalanki,101,11.5,Medium,Cloudy
2025-04-26,12:30,Chabahil,101,35.1,High,Fog
2025-03-05,12:15,Baneshwor,503,37.6,Medium,Rain
2025-01-07,9:00,Maharajgunj,97,6.7,High,Clear
2025-03-21,12:15,Ratnapark,99,35.1,High,Fog
2025-01-02,12:15,Lalitpur,325,32.6,Low,Clear
2025-02-25,11:45,Kalanki,53,36.8,Low,Fog
2025-01-01,10:45,Maharajgunj,45,52.8,Medium,Clear
2025-04-02,8:00,Ratnapark,105,35.7,High,Rain
2025-01-13,12:30,Chabahil,229,34.4,Medium,Rain
2025-02-01,12:45,Ratnapark,176,58.2,High,Fog
2025-01-23,11:00,Lalitpur,46,35.8,High,Cloudy
2025-02-09,12:45,Koteshwor,850,33.0,High,Cloudy
2025-01-27,10:00,Ratnapark,96,5.1,High,Clear
2025-02-26,10:15,Maharajgunj,970,34.9,High,Clear
2025-01-12,12:45,Chabahil,186,36.3,Medium,Fog
2025-03-25,11:15,Baneshwor,95,38.7,Low,Rain
2025-04-30,11:30,Koteshwor,105,38.6,Medium,Clear
2025-01-26,13:15,Maharajgunj,97,6.0,Medium,Rain
2025-03-09,12:30,Lalitpur,748,14.8,Low,Rain
2025-04-17,14:45,Ratnapark,49,39.0,High,Rain
2025-04-08,15:15,Maharajgunj,112,36.2,Low,Rain
2025-04-25,12:15,Baneshwor,49,58.9,Medium,Clear
2025-04-17,9:00,Bhaktapur,100,34.7,Low,Cloudy
2025-04-03,9:30,Maharajgunj,783,47.8,Medium,Rain
2025-04-19,14:45,Chabahil,49,33.4,Low,Fog
2025-01-08,15:00,Lalitpur,105,38.8,Medium,Rain
2025-01-31,12:15,Koteshwor,50,33.0,Medium,Clear
2025-01-20,13:00,Kalanki,53,0.0,Low,Clear
2025-03-24,12:45,Chabahil,358,33.6,High,Rain
2025-04-12,12:30,Chabahil,100,32.6,Low,Rain
2025-02-08,13:30,Kalanki,221,9.0,Medium,Cloudy
2025-03-16,14:30,Maharajgunj,97,37.2,Medium,Rain
2025-03-04,11:45,Bhaktapur,344,30.8,Low,Fog
2025-03-10,8:15,Bhaktapur,204,40.3,Medium,Fog
2025-01-25,10:45,Chabahil,679,35.6,High,Clear
2025-01-10,12:45,Bhaktapur,647,33.9,Low,Fog
2025-03-08,11:30,Lalitpur,98,37.0,Medium,Cloudy
2025-04-16,8:30,Bhaktapur,49,34.1,Low,Fog
2025-01-08,13:45,Chabahil,352,37.5,Low,Rain
2025-04-26,12:15,Kalanki,95,7.7,Medium,Cloudy
2025-02-18,8:30,Ratnapark,45,35.2,High,Rain
2025-04-16,12:45,Lalitpur,546,29.2,Medium,Cloudy
2025-05-02,8:00,Chabahil,95,33.9,High,Rain
2025-03-05,14:00,Maharajgunj,46,31.3,High,Rain
2025-04-23,14:00,Baneshwor,327,24.9,Low,Cloudy
2025-03-08,9:00,Lalitpur,49,36.4,Low,Fog
2025-04-09,8:15,Koteshwor,397,36.7,High,Rain
2025-02-27,15:45,Chabahil,317,38.1,Medium,Fog
2025-04-23,12:30,Ratnapark,101,37.6,Low,Cloudy
2025-02-08,10:30,Ratnapark,100,34.9,High,Clear
2025-02-27,12:45,Bhaktapur,96,32.3,Low,Clear
2025-04-02,14:45,Baneshwor,47,55.7,Low,Clear
2025-04-01,9:15,Ratnapark,49,37.4,High,Rain
2025-01-28,11:15,Ratnapark,98,55.3,Low,Cloudy
2025-01-19,12:30,Baneshwor,351,57.6,High,Rain
2025-03-09,12:00,Kalanki,477,30.5,Low,Rain
2025-02-21,9:00,Bhaktapur,52,34.2,Medium,Fog
2025-05-04,9:45,Bhaktapur,102,35.8,High,Fog
2025-04-22,10:45,Chabahil,435,14.6,Medium,Clear
2025-01-11,9:30,Maharajgunj,237,38.9,Low,Fog
2025-04-02,8:00,Ratnapark,95,33.9,High,Rain
2025-02-03,14:15,Maharajgunj,46,37.5,Medium,Cloudy
2025-02-17,14:00,Ratnapark,53,32.2,Low,Fog
2025-03-12,8:30,Lalitpur,104,17.7,Medium,Fog
2025-02-18,13:30,Bhaktapur,104,37.4,High,Rain
2025-02-23,15:45,Chabahil,314,40.0,Medium,Fog
2025-01-10,15:15,Koteshwor,100,35.4,Low,Cloudy
2025-04-20,8:30,Bhaktapur,883,33.7,Medium,Rain
2025-04-02,11:45,Bhaktapur,407,35.1,Medium,Clear
2025-05-03,8:00,Lalitpur,102,33.9,Medium,Rain
2025-04-17,11:30,Baneshwor,934,33.3,Low,Rain
2025-03-20,12:00,Chabahil,52,14.8,High,Rain
2025-03-14,13:00,Lalitpur,930,36.6,Low,Rain
2025-02-06,15:15,Chabahil,102,34.9,Low,Clear
2025-03-12,13:00,Kalanki,104,34.6,Low,Clear
2025-02-28,14:45,Maharajgunj,322,35.3,High,Rain
2025-01-31,9:45,Koteshwor,53,35.9,High,Fog
2025-01-16,15:45,Kalanki,404,34.5,High,Clear
2025-02-25,11:00,Maharajgunj,96,34.0,Low,Clear
2025-03-05,12:30,Lalitpur,742,16.4,Low,Rain
2025-02-27,8:45,Kalanki,590,10.2,High,Fog
2025-03-11,12:15,Ratnapark,189,32.8,Low,Cloudy
2025-03-23,11:45,Ratnapark,53,34.3,High,Cloudy
2025-03-14,8:45,Chabahil,52,31.8,Low,Clear
2025-01-21,14:30,Chabahil,103,32.2,Medium,Clear
2025-01-14,8:30,Koteshwor,969,18.1,Medium,Rain
2025-02-19,15:45,Ratnapark,45,35.4,Low,Fog
2025-04-09,12:00,Lalitpur,48,34.1,High,Rain
2025-01-17,8:45,Baneshwor,100,54.5,Low,Cloudy
2025-02-07,11:30,Koteshwor,283,31.7,High,Clear
2025-02-08,10:15,Bhaktapur,102,37.0,Medium,Cloudy
2025-02-20,13:00,Koteshwor,347,34.8,Medium,Rain
2025-03-05,9:15,Maharajgunj,55,36.6,Low,Fog
2025-01-26,10:45,Bhaktapur,96,35.2,Low,Rain
2025-01-14,9:45,Kalanki,46,48.3,Low,Clear
2025-02-26,11:45,Kalanki,50,35.2,Low,Fog
2025-02-03,15:45,Chabahil,105,9.7,Medium,Clear
2025-03-15,15:00,Baneshwor,51,30.6,Low,Fog
2025-04-29,10:30,Maharajgunj,46,38.9,Low,Fog
2025-04-29,14:45,Ratnapark,543,6.6,High,Clear
2025-03-18,8:45,Koteshwor,100,60.3,Low,Fog
2025-05-04,15:00,Maharajgunj,748,32.7,High,Fog
2025-03-07,8:30,Bhaktapur,95,36.4,Medium,Fog
2025-04-18,10:00,Ratnapark,801,37.2,High,Cloudy
2025-01-13,11:45,Bhaktapur,197,35.5,High,Clear
2025-04-29,15:45,Baneshwor,103,3.0,Low,Fog
2025-04-28,11:00,Chabahil,100,25.2,High,Fog
2025-04-20,11:00,Baneshwor,46,34.6,Medium,Fog
2025-04-23,14:00,Maharajgunj,53,34.0,Low,Clear
2025-03-06,10:00,Chabahil,48,44.1,Low,Clear
2025-04-01,11:15,Chabahil,544,33.3,High,Cloudy
2025-05-04,8:00,Koteshwor,102,36.1,Medium,Fog
2025-02-09,12:45,Lalitpur,104,38.3,Medium,Clear
2025-01-24,9:15,Maharajgunj,101,34.5,High,Fog
2025-04-28,11:00,Chabahil,105,28.2,High,Fog
2025-01-28,14:30,Bhaktapur,97,33.6,Low,Fog
2025-04-14,12:45,Kalanki,189,1.3,Medium,Clear
2025-05-02,14:45,Chabahil,721,36.1,Low,Cloudy
2025-03-09,14:00,Baneshwor,96,34.5,High,Rain
2025-03-08,8:30,Ratnapark,224,24.3,High,Cloudy
2025-04-26,13:00,Baneshwor,49,35.2,Medium,Cloudy
2025-01-09,11:00,Bhaktapur,943,57.2,High,Clear
2025-01-05,15:15,Bhaktapur,52,21.6,Low,Clear
2025-03-28,9:45,Koteshwor,102,8.5,Low,Rain
2025-03-09,9:15,Baneshwor,47,54.3,Medium,Fog
2025-04-20,8:00,Kalanki,45,33.7,High,Clear
2025-01-11,9:30,Maharajgunj,237,38.9,Low,Fog
2025-03-22,13:45,Maharajgunj,103,34.6,High,Rain
2025-03-17,11:00,Ratnapark,103,32.3,High,Fog
2025-04-01,15:15,Chabahil,45,19.1,Low,Clear
2025-01-21,11:00,Lalitpur,55,36.2,High,Cloudy
2025-02-04,11:30,Koteshwor,284,34.0,High,Clear
2025-04-27,13:45,Lalitpur,50,31.4,High,Rain
2025-04-01,10:45,Bhaktapur,51,35.6,High,Clear
2025-03-11,15:45,Lalitpur,51,38.7,Low,Fog
2025-02-18,14:00,Chabahil,102,36.0,Low,Fog
2025-05-03,15:00,Maharajgunj,752,37.2,High,Fog
2025-03-29,14:30,Maharajgunj,229,35.8,High,Rain
2025-02-13,15:00,Lalitpur,105,35.6,Medium,Fog
2025-01-16,15:15,Chabahil,46,37.3,Low,Rain
2025-04-20,15:30,Baneshwor,98,36.3,High,Cloudy
2025-01-23,8:15,Chabahil,656,49.4,Low,Cloudy
2025-04-17,12:00,Lalitpur,915,0.4,Low,Fog
2025-02-27,10:30,Ratnapark,54,36.1,Low,Rain
2025-01-29,15:45,Ratnapark,137,33.7,Low,Cloudy
2025-03-16,15:00,Kalanki,527,20.6,Low,Rain
2025-01-04,15:00,Chabahil,47,23.9,High,Clear
2025-02-11,15:00,Lalitpur,96,38.7,Medium,Fog
2025-03-19,9:15,Baneshwor,402,57.1,Medium,Rain
2025-03-29,12:00,Maharajgunj,595,33.7,Low,Clear
2025-01-03,9:45,Bhaktapur,53,26.3,Low,Rain
2025-01-03,9:00,Chabahil,975,36.1,Medium,Clear
2025-02-26,11:15,Koteshwor,55,17.4,High,Clear
2025-01-18,9:00,Maharajgunj,102,8.8,Low,Cloudy
2025-01-13,11:30,Kalanki,783,34.5,Low,Cloudy
2025-03-05,12:15,Chabahil,433,35.7,High,Fog
2025-03-25,8:30,Maharajgunj,53,35.5,Low,Rain
2025-04-20,15:00,Lalitpur,100,33.3,Low,Cloudy
2025-01-18,15:00,Koteshwor,101,35.6,Medium,Fog
2025-04-14,8:45,Koteshwor,102,37.5,Medium,Rain
2025-04-24,11:15,Baneshwor,672,34.3,Medium,Clear
2025-02-14,9:15,Maharajgunj,123,35.3,High,Clear
2025-01-18,10:30,Ratnapark,51,35.4,High,Clear
2025-02-27,15:00,Chabahil,101,34.4,High,Clear
2025-04-09,12:00,Baneshwor,670,36.4,High,Fog
2025-03-05,11:45,Ratnapark,55,33.6,High,Clear
2025-01-07,11:45,Maharajgunj,95,49.7,High,Fog
2025-01-28,11:15,Ratnapark,102,57.3,Low,Cloudy
2025-01-28,15:30,Ratnapark,99,33.1,Low,Cloudy
2025-05-01,11:45,Ratnapark,104,15.4,High,Fog
2025-05-01,9:30,Maharajgunj,46,35.3,Low,Rain
2025-01-08,13:00,Ratnapark,97,3.6,Low,Rain
2025-01-13,14:45,Chabahil,50,37.2,Medium,Cloudy
2025-02-07,8:30,Chabahil,54,36.0,Low,Rain
2025-03-12,15:45,Lalitpur,50,31.5,Low,Fog
2025-02-23,8:45,Koteshwor,569,33.9,Medium,Fog
2025-02-28,8:45,Ratnapark,99,5.6,Medium,Clear
2025-02-20,14:00,Chabahil,99,30.7,Low,Fog
2025-04-22,15:30,Baneshwor,101,35.2,High,Cloudy
2025-01-08,14:00,Koteshwor,530,8.3,High,Fog
2025-01-02,11:15,Lalitpur,49,32.6,Low,Clear
2025-04-16,9:15,Ratnapark,103,35.5,High,Clear
2025-01-14,14:45,Chabahil,50,35.0,Medium,Cloudy
2025-03-15,9:15,Ratnapark,886,10.6,Low,Rain
2025-03-21,14:30,Koteshwor,102,36.8,High,Rain
2025-03-14,10:00,Ratnapark,49,22.7,Medium,Fog
2025-03-31,15:15,Chabahil,55,20.4,Low,Clear
2025-01-28,14:30,Bhaktapur,98,34.6,Low,Fog
2025-01-26,14:45,Koteshwor,102,52.5,Low,Rain
2025-01-08,14:30,Ratnapark,104,34.6,High,Fog
2025-04-18,12:45,Maharajgunj,753,31.1,Low,Rain
2025-01-16,13:15,Chabahil,95,36.0,High,Fog
2025-03-12,10:00,Ratnapark,47,19.4,Medium,Fog
2025-04-26,12:30,Baneshwor,434,34.2,Low,Cloudy
2025-03-19,10:00,Baneshwor,101,37.9,High,Rain
2025-04-23,8:00,Kalanki,50,34.7,High,Clear
2025-03-21,15:15,Baneshwor,54,35.0,Low,Cloudy
2025-04-17,13:15,Baneshwor,104,53.0,High,Clear
2025-03-22,12:30,Lalitpur,105,36.0,Medium,Fog
2025-04-03,11:00,Ratnapark,45,33.2,Low,Cloudy
2025-02-12,9:00,Kalanki,98,40.9,Low,Clear
2025-04-29,15:00,Maharajgunj,100,35.1,High,Rain
2025-01-19,11:00,Maharajgunj,97,35.5,Low,Clear
2025-03-14,8:00,Chabahil,96,35.6,Low,Rain
2025-01-09,12:45,Chabahil,186,40.2,Medium,Fog
2025-03-15,11:00,Ratnapark,397,32.6,Low,Rain
2025-04-21,8:45,Ratnapark,334,24.0,Low,Cloudy
2025-02-23,11:00,Maharajgunj,95,37.4,Low,Clear
2025-03-15,15:45,Ratnapark,511,36.0,Low,Rain
2025-03-21,10:00,Baneshwor,96,33.7,High,Rain
2025-01-23,15:45,Koteshwor,104,38.3,Medium,Cloudy
2025-03-30,9:15,Baneshwor,96,30.6,Low,Clear
2025-03-28,8:45,Maharajgunj,98,33.6,High,Fog
2025-03-19,9:15,Ratnapark,642,37.3,High,Rain
2025-03-10,10:15,Koteshwor,746,34.3,Medium,Fog
2025-02-12,13:45,Bhaktapur,51,38.2,Medium,Cloudy
2025-01-06,8:15,Koteshwor,101,32.0,Medium,Cloudy
2025-02-08,8:30,Lalitpur,54,12.8,Low,Cloudy
2025-03-17,14:45,Lalitpur,55,50.9,High,Fog
2025-01-05,12:00,Lalitpur,1002,35.8,Low,Fog
2025-04-27,8:30,Maharajgunj,104,34.6,Low,Rain
2025-03-20,10:00,Kalanki,889,34.0,Medium,Cloudy
2025-01-01,8:15,Maharajgunj,55,45.8,High,Unknown
2025-03-14,12:00,Baneshwor,116,26.0,Medium,Rain
2025-02-04,15:45,Chabahil,942,7.2,Medium,Rain
2025-01-24,11:15,Baneshwor,101,31.6,High,Clear
2025-04-05,12:00,Baneshwor,539,30.7,Medium,Fog
2025-03-07,12:15,Lalitpur,424,35.5,High,Clear
2025-01-17,11:15,Maharajgunj,815,36.3,Low,Rain
2025-01-03,9:00,Chabahil,970,35.1,Medium,Clear
2025-03-18,9:15,Ratnapark,649,34.9,High,Rain
2025-01-12,14:00,Chabahil,688,35.4,Low,Rain
2025-02-02,9:45,Ratnapark,216,36.3,Low,Cloudy
2025-03-31,8:00,Ratnapark,609,11.4,High,Fog
2025-04-09,9:00,Koteshwor,192,45.6,Low,Fog
2025-04-29,8:00,Chabahil,97,34.8,High,Rain
2025-01-16,15:45,Kalanki,403,33.1,High,Clear
2025-05-05,15:15,Koteshwor,97,32.0,High,Fog
2025-01-31,14:45,Bhaktapur,99,13.7,Low,Cloudy
2025-01-14,14:45,Chabahil,52,35.8,Medium,Cloudy
2025-01-08,13:15,Maharajgunj,485,35.8,Medium,Rain
2025-03-23,13:00,Ratnapark,101,50.9,High,Rain
2025-01-26,12:30,Maharajgunj,51,35.0,Medium,Fog
2025-03-29,8:30,Lalitpur,46,29.5,High,Clear
2025-04-18,10:15,Bhaktapur,102,34.5,High,Rain
2025-04-04,11:45,Lalitpur,418,32.2,Low,Rain
2025-01-10,9:00,Maharajgunj,104,5.6,High,Clear
2025-04-07,11:00,Ratnapark,53,36.2,Low,Cloudy
2025-03-13,15:45,Bhaktapur,100,35.4,Low,Cloudy
2025-01-03,8:15,Koteshwor,99,36.2,Medium,Cloudy
2025-03-11,13:30,Koteshwor,95,56.3,High,Clear
2025-03-17,13:00,Lalitpur,926,36.6,Low,Rain
2025-03-28,15:00,Baneshwor,53,1.2,Low,Clear
2025-02-07,13:00,Ratnapark,102,34.2,High,Rain
2025-04-07,12:45,Kalanki,45,18.7,High,Cloudy
2025-04-21,9:30,Bhaktapur,105,21.6,High,Cloudy
2025-03-05,11:30,Lalitpur,104,35.4,Medium,Cloudy
2025-01-27,8:30,Lalitpur,771,35.0,Low,Rain
2025-03-09,8:45,Bhaktapur,818,27.2,High,Rain
2025-02-27,13:00,Lalitpur,55,35.5,Low,Fog
2025-01-17,13:15,Chabahil,105,35.0,High,Fog
2025-03-26,14:00,Ratnapark,549,34.5,Low,Fog
2025-02-08,13:45,Kalanki,104,4.7,High,Clear
2025-01-15,11:45,Bhaktapur,189,36.4,High,Clear
2025-01-25,10:30,Koteshwor,102,53.5,Low,Cloudy
2025-01-03,12:15,Lalitpur,315,32.7,Low,Clear
2025-02-03,8:00,Bhaktapur,55,33.2,High,Rain
2025-03-22,9:15,Bhaktapur,46,34.6,Low,Rain
2025-01-29,12:30,Lalitpur,52,37.7,High,Cloudy
2025-02-26,8:15,Baneshwor,562,34.5,High,Fog
2025-04-15,13:15,Lalitpur,465,28.8,High,Clear
2025-03-08,15:30,Koteshwor,54,2.5,High,Cloudy
2025-02-28,12:30,Maharajgunj,906,38.0,High,Cloudy
2025-04-04,8:00,Koteshwor,569,51.1,Medium,Clear
2025-01-09,13:15,Maharajgunj,486,36.6,Medium,Rain
2025-03-14,10:30,Lalitpur,745,36.9,Medium,Fog
2025-01-08,12:30,Maharajgunj,796,41.7,High,Rain
2025-01-22,15:30,Lalitpur,827,4.2,High,Fog
2025-02-27,12:15,Ratnapark,501,38.0,High,Clear
2025-01-16,9:30,Ratnapark,51,40.4,High,Fog
2025-01-25,8:00,Bhaktapur,46,36.2,Medium,Rain
2025-01-07,10:45,Baneshwor,47,36.7,Medium,Cloudy
2025-02-24,13:15,Lalitpur,493,36.3,Low,Fog
2025-02-14,14:00,Chabahil,996,34.7,High,Rain
2025-02-26,15:45,Lalitpur,928,34.9,Medium,Clear
2025-02-17,11:15,Bhaktapur,795,36.6,Medium,Rain
2025-01-15,12:30,Baneshwor,398,25.6,Low,Clear
2025-03-19,10:00,Baneshwor,96,37.3,High,Rain
2025-03-28,13:45,Baneshwor,747,36.1,Low,Rain
2025-04-07,11:30,Lalitpur,863,36.2,Medium,Clear
2025-01-31,12:45,Ratnapark,174,56.1,High,Fog
2025-04-21,8:30,Kalanki,49,47.8,Low,Fog
2025-01-18,13:15,Chabahil,102,36.6,High,Fog
2025-02-17,12:00,Baneshwor,51,33.9,Medium,Clear
2025-04-26,13:45,Lalitpur,50,30.0,High,Rain
2025-02-09,10:45,Kalanki,302,41.8,Low,Clear
2025-03-24,13:45,Ratnapark,245,37.4,Low,Rain
2025-04-20,11:00,Ratnapark,46,35.6,High,Cloudy
2025-02-12,13:30,Maharajgunj,95,34.4,Medium,Clear
2025-02-05,11:30,Koteshwor,286,34.8,High,Clear
2025-01-14,9:30,Ratnapark,49,41.7,High,Fog
2025-04-17,9:00,Bhaktapur,54,52.9,Low,Fog
2025-02-16,13:30,Ratnapark,559,47.9,Low,Fog
2025-01-14,10:00,Baneshwor,766,62.4,Medium,Rain
2025-01-24,10:00,Maharajgunj,846,35.4,Medium,Cloudy
2025-05-03,13:15,Maharajgunj,102,33.8,High,Rain
2025-04-04,8:00,Koteshwor,565,51.0,Medium,Clear
2025-02-13,10:15,Maharajgunj,51,36.9,High,Fog
2025-03-30,14:45,Koteshwor,306,33.0,High,Fog
2025-05-01,11:45,Ratnapark,102,11.6,High,Fog
2025-04-03,13:45,Baneshwor,102,28.5,Low,Clear
2025-04-30,15:00,Maharajgunj,97,35.9,High,Rain
2025-01-19,14:45,Maharajgunj,103,59.3,Medium,Rain
2025-03-19,11:00,Ratnapark,102,33.9,High,Fog
2025-04-25,15:00,Bhaktapur,966,0.0,Low,Cloudy
2025-05-02,13:45,Koteshwor,102,39.1,Medium,Fog
2025-02-04,12:45,Ratnapark,55,32.8,High,Clear
2025-03-11,12:15,Ratnapark,186,35.5,Low,Cloudy
2025-03-04,14:45,Koteshwor,100,34.7,High,Cloudy
2025-04-06,15:45,Chabahil,104,35.3,Low,Clear
2025-01-08,12:30,Maharajgunj,801,45.3,High,Rain
2025-03-14,11:30,Bhaktapur,811,41.1,Low,Clear
2025-01-12,8:30,Maharajgunj,51,31.7,Low,Fog
2025-03-12,8:15,Bhaktapur,965,46.0,Medium,Rain
2025-01-09,11:15,Koteshwor,285,3.7,High,Rain
2025-01-01,13:45,Kalanki,100,37.1,Low,Fog
2025-02-25,10:45,Lalitpur,332,30.9,Low,Cloudy
2025-01-19,12:00,Lalitpur,102,24.8,Low,Rain
2025-04-05,10:30,Maharajgunj,50,27.6,Medium,Cloudy
2025-01-18,14:00,Koteshwor,99,33.2,Low,Clear
2025-02-15,12:30,Baneshwor,97,36.9,Medium,Rain
2025-02-20,9:45,Bhaktapur,51,8.2,Medium,Rain
2025-02-16,12:45,Baneshwor,97,34.5,High,Rain
2025-04-29,11:30,Chabahil,96,42.0,Medium,Fog
2025-03-13,11:15,Chabahil,48,37.0,Low,Rain
2025-01-14,14:15,Chabahil,101,38.2,Low,Rain
2025-03-23,11:30,Lalitpur,49,32.6,High,Rain
2025-02-06,10:00,Kalanki,103,36.2,Medium,Clear
2025-01-29,12:30,Maharajgunj,104,34.3,Low,Cloudy
2025-01-09,12:45,Chabahil,191,32.1,Medium,Fog
2025-01-20,8:45,Bhaktapur,103,35.3,High,Fog
2025-04-12,13:15,Ratnapark,742,33.3,Low,Rain
2025-01-28,9:30,Koteshwor,96,31.8,Low,Rain
2025-03-11,11:45,Bhaktapur,45,18.4,Low,Clear
2025-04-24,10:30,Baneshwor,105,32.9,High,Clear
2025-05-03,9:00,Baneshwor,98,33.7,Low,Cloudy
2025-03-10,9:15,Baneshwor,48,50.3,Medium,Fog
2025-04-06,13:45,Lalitpur,96,0.0,Medium,Clear
2025-01-19,11:00,Maharajgunj,97,33.6,Low,Clear
2025-01-19,11:00,Maharajgunj,97,35.8,Low,Clear
2025-03-30,13:45,Lalitpur,49,29.2,High,Fog
2025-01-11,9:00,Koteshwor,929,35.5,High,Rain
2025-02-28,10:45,Lalitpur,330,28.5,Low,Cloudy
2025-02-13,12:30,Baneshwor,102,34.5,Medium,Rain
2025-03-04,15:00,Ratnapark,52,33.3,Medium,Clear
2025-03-31,14:30,Maharajgunj,222,33.4,High,Rain
2025-01-16,8:45,Kalanki,46,36.4,Medium,Rain
2025-03-03,8:15,Lalitpur,45,31.5,Medium,Clear
2025-04-17,8:15,Kalanki,100,12.8,Medium,Clear
2025-04-12,15:15,Bhaktapur,54,34.4,Medium,Rain
2025-02-07,11:30,Koteshwor,278,36.2,High,Clear
2025-05-02,11:15,Bhaktapur,105,32.1,Low,Clear
2025-03-16,13:15,Kalanki,99,35.0,High,Fog
2025-01-23,8:15,Lalitpur,943,35.7,High,Fog
2025-03-30,14:45,Baneshwor,55,55.2,Low,Clear
2025-04-18,8:30,Bhaktapur,885,32.9,Medium,Rain
2025-03-24,11:45,Baneshwor,98,34.8,Medium,Cloudy
2025-04-27,13:15,Bhaktapur,101,36.0,Medium,Clear
2025-01-07,10:30,Ratnapark,716,35.4,Low,Rain
2025-03-15,10:00,Ratnapark,51,22.1,Medium,Fog
2025-03-27,10:30,Chabahil,48,42.8,High,Fog
2025-02-15,14:15,Lalitpur,49,50.8,Medium,Fog
2025-04-02,14:15,Ratnapark,372,38.2,Low,Fog
2025-02-10,14:15,Chabahil,703,32.5,Medium,Clear
2025-04-25,15:00,Ratnapark,51,35.3,High,Rain
2025-04-29,8:30,Ratnapark,101,36.9,Low,Fog
2025-03-23,10:00,Bhaktapur,54,35.4,Low,Clear
2025-04-12,12:30,Chabahil,101,33.9,Low,Rain
2025-01-08,15:30,Lalitpur,103,45.6,Low,Rain
2025-02-10,9:30,Ratnapark,49,36.2,Medium,Rain
2025-04-25,15:00,Ratnapark,50,37.4,High,Rain
2025-05-01,12:15,Baneshwor,47,32.6,Medium,Cloudy
2025-02-24,13:30,Ratnapark,45,31.1,Low,Clear
2025-01-25,10:00,Ratnapark,105,10.8,High,Clear
2025-04-19,13:45,Maharajgunj,46,36.6,Low,Clear
2025-04-21,14:00,Bhaktapur,102,36.1,Medium,Rain
2025-01-20,10:30,Ratnapark,45,38.0,High,Clear
2025-03-12,9:15,Koteshwor,54,3.3,Low,Rain
2025-03-10,10:30,Lalitpur,744,33.8,Medium,Fog
2025-02-04,11:45,Maharajgunj,49,32.1,Low,Clear
2025-01-15,10:15,Chabahil,100,32.1,High,Fog
2025-02-28,12:15,Baneshwor,102,7.8,Low,Fog
2025-01-20,10:00,Baneshwor,98,45.9,Low,Cloudy
2025-02-25,13:00,Lalitpur,50,34.2,Low,Fog
2025-01-27,14:00,Lalitpur,280,33.9,Low,Fog
2025-01-23,12:00,Lalitpur,101,23.4,Low,Rain
2025-03-06,13:15,Ratnapark,836,6.6,Medium,Rain
2025-04-21,14:45,Koteshwor,101,29.5,Low,Fog
2025-01-19,11:45,Baneshwor,681,48.1,High,Cloudy
2025-05-02,12:15,Baneshwor,51,34.2,Medium,Cloudy
2025-01-18,14:30,Koteshwor,102,35.0,Medium,Fog
2025-02-15,14:30,Koteshwor,440,38.5,Medium,Clear
2025-01-07,15:00,Lalitpur,97,36.2,Medium,Rain
2025-01-30,12:15,Kalanki,48,37.2,Low,Fog
2025-02-13,9:00,Kalanki,103,39.2,Low,Clear
2025-04-18,11:30,Kalanki,662,58.2,Medium,Rain
2025-03-27,10:30,Chabahil,50,46.3,High,Fog
2025-01-11,14:00,Chabahil,681,34.0,Low,Rain
2025-02-14,9:00,Kalanki,98,42.1,Low,Clear
2025-01-28,10:30,Koteshwor,98,53.0,Low,Cloudy
2025-01-22,11:30,Chabahil,104,31.9,High,Cloudy
2025-03-13,9:15,Baneshwor,52,53.3,Medium,Fog
2025-01-13,13:15,Bhaktapur,960,33.1,Low,Clear
2025-02-06,9:15,Lalitpur,959,35.3,Low,Cloudy
2025-04-06,15:45,Chabahil,100,34.8,Low,Clear
2025-03-18,8:15,Lalitpur,52,0.3,Low,Clear
2025-02-25,13:15,Baneshwor,103,39.9,Medium,Cloudy
2025-01-10,12:45,Bhaktapur,647,31.6,Low,Fog
2025-04-10,10:15,Chabahil,671,37.7,High,Rain
2025-04-29,13:45,Lalitpur,95,30.0,Medium,Clear
2025-02-27,14:45,Maharajgunj,314,33.3,High,Rain
2025-03-08,9:45,Maharajgunj,96,17.9,Low,Cloudy
2025-02-22,13:00,Koteshwor,351,32.2,Medium,Rain
2025-03-22,11:30,Lalitpur,51,33.8,High,Rain
2025-02-06,15:15,Chabahil,101,34.9,Low,Clear
2025-03-16,9:15,Koteshwor,48,0.0,Low,Rain
2025-01-20,8:15,Bhaktapur,526,36.0,Low,Cloudy
2025-04-05,15:15,Baneshwor,105,15.1,Medium,Clear
2025-03-14,10:45,Kalanki,809,32.1,Low,Clear
2025-05-04,11:15,Bhaktapur,97,32.8,Low,Clear
2025-04-11,9:30,Kalanki,562,39.4,High,Clear
2025-03-17,15:00,Kalanki,526,18.0,Low,Rain
2025-04-06,11:30,Lalitpur,859,35.9,Medium,Clear
2025-04-27,8:45,Koteshwor,102,33.5,Low,Rain
2025-03-20,11:45,Ratnapark,45,34.3,High,Cloudy
2025-04-07,10:45,Baneshwor,98,36.2,High,Clear
2025-02-08,10:30,Koteshwor,197,36.1,High,Rain
2025-03-30,14:45,Koteshwor,308,33.6,High,Fog
2025-05-02,14:30,Kalanki,694,32.3,Medium,Rain
2025-04-18,14:45,Baneshwor,850,36.2,Low,Fog
2025-05-05,11:30,Bhaktapur,446,36.1,Medium,Fog
2025-03-18,15:00,Maharajgunj,186,34.4,High,Rain
2025-04-11,8:30,Kalanki,913,35.9,Medium,Clear
2025-03-01,12:15,Ratnapark,105,34.1,Medium,Fog
2025-01-11,11:15,Kalanki,55,33.3,High,Cloudy
2025-01-13,12:45,Chabahil,195,35.0,Medium,Fog
2025-01-29,12:30,Maharajgunj,103,36.0,Low,Cloudy
2025-04-14,14:30,Kalanki,47,35.6,High,Cloudy
2025-02-12,13:30,Maharajgunj,96,36.0,Medium,Clear
2025-02-02,15:00,Koteshwor,99,33.5,High,Clear
2025-02-07,11:00,Bhaktapur,103,38.2,Low,Clear
2025-02-21,10:00,Koteshwor,734,50.3,Low,Cloudy
2025-01-19,13:15,Chabahil,100,34.8,High,Fog
2025-03-17,11:45,Koteshwor,876,38.4,Medium,Fog
2025-02-07,13:45,Ratnapark,50,34.6,High,Fog
2025-04-04,10:45,Bhaktapur,49,36.1,High,Clear
2025-03-15,14:00,Lalitpur,289,37.5,Low,Rain
2025-04-26,13:15,Koteshwor,99,38.1,Low,Clear
2025-01-24,12:45,Ratnapark,51,36.0,High,Rain
2025-02-04,13:45,Chabahil,857,35.6,Medium,Clear
2025-04-14,15:45,Maharajgunj,95,34.1,High,Clear
2025-02-11,13:15,Baneshwor,578,33.7,High,Clear
2025-03-09,15:30,Koteshwor,52,7.9,High,Cloudy
2025-03-22,13:45,Maharajgunj,100,36.9,High,Rain
2025-01-09,9:30,Chabahil,99,52.8,Medium,Clear
2025-04-12,14:15,Ratnapark,54,47.4,Low,Fog
2025-02-16,8:30,Maharajgunj,467,36.3,Low,Rain
2025-03-28,11:30,Kalanki,47,32.8,Low,Cloudy
2025-03-16,10:45,Kalanki,801,36.1,Low,Clear
2025-03-08,11:45,Chabahil,119,32.9,Low,Rain
2025-01-27,15:45,Lalitpur,51,30.1,Medium,Fog
2025-01-19,11:45,Baneshwor,676,47.7,High,Cloudy
2025-01-24,13:00,Chabahil,101,20.5,High,Cloudy
2025-02-14,14:15,Lalitpur,161,34.8,High,Fog
2025-02-07,15:45,Chabahil,102,14.7,Medium,Clear
2025-01-03,10:45,Maharajgunj,45,53.8,Medium,Clear
2025-03-12,12:30,Koteshwor,735,53.3,High,Clear
2025-01-22,11:15,Baneshwor,104,35.9,High,Clear
2025-01-17,13:00,Bhaktapur,929,34.1,Low,Rain
2025-02-03,9:45,Chabahil,55,36.9,Low,Fog
2025-04-05,9:00,Koteshwor,51,0.7,Medium,Fog
2025-02-16,13:15,Baneshwor,95,35.6,High,Cloudy
2025-01-09,11:15,Bhaktapur,102,33.8,High,Rain
2025-01-11,15:00,Lalitpur,97,31.9,Medium,Rain
2025-03-03,15:00,Ratnapark,48,34.0,Medium,Clear
2025-03-16,12:30,Koteshwor,98,35.6,High,Fog
2025-01-01,12:30,Kalanki,906,34.1,Low,Cloudy
2025-04-14,13:00,Baneshwor,805,11.6,High,Rain
2025-01-12,9:15,Kalanki,373,34.5,Medium,Cloudy
2025-01-20,8:45,Bhaktapur,102,35.9,High,Fog
2025-03-13,13:00,Ratnapark,103,33.0,Low,Clear
2025-03-20,13:15,Lalitpur,53,2.4,Medium,Rain
2025-02-16,13:30,Ratnapark,49,0.7,Medium,Rain
2025-04-18,14:45,Baneshwor,853,31.9,Low,Fog
2025-03-28,11:00,Baneshwor,98,34.7,Medium,Rain
2025-02-28,8:30,Chabahil,996,38.1,Low,Fog
2025-01-08,14:30,Ratnapark,102,32.1,High,Fog
2025-03-12,10:00,Ratnapark,104,35.2,Medium,Rain
2025-01-21,9:30,Baneshwor,766,8.6,Low,Cloudy
2025-01-25,13:00,Chabahil,101,24.6,High,Cloudy
2025-02-19,10:45,Lalitpur,47,34.0,Medium,Rain
2025-02-20,9:00,Lalitpur,922,47.7,Low,Rain
2025-03-17,13:15,Maharajgunj,103,39.7,Low,Rain
2025-03-12,15:45,Lalitpur,52,37.3,Low,Fog
2025-04-02,14:30,Maharajgunj,220,33.3,High,Rain
2025-02-08,14:00,Ratnapark,47,34.3,High,Clear
2025-01-01,8:15,Chabahil,104,31.3,High,Cloudy
2025-02-06,8:00,Bhaktapur,46,36.8,High,Rain
2025-02-18,10:45,Lalitpur,46,37.3,Medium,Rain
2025-01-15,8:30,Baneshwor,52,36.7,Medium,Rain
2025-03-12,8:15,Bhaktapur,970,40.8,Medium,Rain
2025-01-21,11:00,Maharajgunj,100,36.2,Low,Clear
2025-02-24,10:15,Chabahil,818,31.7,High,Fog
2025-04-21,10:45,Chabahil,433,16.1,Medium,Clear
2025-01-19,12:45,Ratnapark,55,35.4,Low,Cloudy
2025-04-24,13:45,Lalitpur,51,30.6,High,Rain
2025-02-05,12:00,Chabahil,103,36.1,Low,Cloudy
2025-02-26,13:15,Chabahil,258,35.0,Medium,Cloudy
2025-04-22,10:45,Chabahil,434,12.1,Medium,Clear
2025-03-23,12:45,Chabahil,354,36.1,High,Rain
2025-03-05,12:15,Baneshwor,499,35.2,Medium,Rain
2025-04-25,15:45,Baneshwor,100,1.2,Low,Fog
2025-03-13,8:00,Chabahil,99,31.9,Low,Rain
2025-03-23,12:30,Lalitpur,98,38.1,Medium,Fog
2025-03-11,13:00,Koteshwor,903,37.5,High,Clear
2025-03-09,13:00,Chabahil,54,35.4,Low,Rain
2025-01-02,13:45,Kalanki,101,33.6,Low,Fog
2025-04-13,8:00,Maharajgunj,101,48.0,Medium,Clear
2025-03-27,8:30,Maharajgunj,46,36.5,Low,Rain
2025-04-14,13:15,Baneshwor,101,52.7,High,Clear
2025-02-16,9:15,Maharajgunj,709,34.3,Medium,Rain
2025-01-13,8:30,Maharajgunj,98,23.2,Low,Fog
2025-01-28,15:45,Lalitpur,45,36.7,Medium,Fog
2025-03-13,15:45,Ratnapark,506,35.4,Low,Rain
2025-01-22,15:45,Koteshwor,95,35.1,Medium,Cloudy
2025-03-11,14:30,Ratnapark,48,35.1,Low,Rain
2025-03-25,11:00,Maharajgunj,666,12.4,Medium,Clear
2025-04-28,13:45,Koteshwor,102,35.3,Medium,Fog
2025-03-26,13:45,Baneshwor,744,35.9,Low,Rain
2025-04-09,10:30,Maharajgunj,52,25.2,Medium,Cloudy
2025-04-26,14:30,Bhaktapur,49,36.7,Low,Cloudy
2025-04-09,14:45,Bhaktapur,51,36.1,Low,Rain
2025-04-11,11:45,Bhaktapur,52,33.6,High,Clear
2025-04-23,13:45,Maharajgunj,51,33.2,High,Cloudy
2025-03-11,11:00,Baneshwor,98,49.3,Low,Fog
2025-05-03,13:45,Ratnapark,49,39.0,Medium,Cloudy
2025-02-21,12:15,Chabahil,105,38.2,High,Fog
2025-04-24,12:15,Baneshwor,50,60.4,Medium,Clear
2025-01-16,9:45,Ratnapark,105,11.1,High,Clear
2025-01-11,10:15,Ratnapark,50,35.3,High,Cloudy
2025-01-29,11:45,Ratnapark,53,36.5,High,Clear
2025-01-16,13:15,Bhaktapur,962,34.4,Low,Clear
2025-01-18,14:00,Koteshwor,96,35.0,Low,Clear
2025-04-21,10:30,Bhaktapur,100,35.1,Medium,Clear
2025-01-26,12:15,Maharajgunj,97,41.9,High,Fog
2025-01-05,12:30,Kalanki,898,36.3,Low,Cloudy
2025-03-25,8:00,Baneshwor,50,33.5,Medium,Clear
2025-01-01,11:00,Baneshwor,48,30.6,Medium,Clear
2025-01-13,11:30,Kalanki,783,34.6,Low,Cloudy
2025-02-12,12:45,Ratnapark,798,36.8,Low,Cloudy
2025-04-25,12:15,Baneshwor,47,57.0,Medium,Clear
2025-04-10,13:00,Baneshwor,801,9.3,High,Rain
2025-02-18,11:30,Baneshwor,283,50.9,Low,Cloudy
2025-03-24,15:30,Ratnapark,51,53.6,Medium,Cloudy
2025-02-07,12:30,Koteshwor,45,37.1,Medium,Cloudy
2025-02-05,12:00,Chabahil,101,36.0,Low,Cloudy
2025-03-01,12:30,Maharajgunj,908,36.3,High,Cloudy
2025-02-27,12:45,Ratnapark,546,36.3,Low,Fog
2025-04-29,9:00,Maharajgunj,95,30.0,Low,Fog
2025-03-25,8:30,Maharajgunj,49,35.0,Low,Rain
2025-04-21,9:30,Chabahil,99,31.4,Low,Fog
2025-01-01,9:45,Bhaktapur,54,25.0,Low,Rain
2025-03-11,8:45,Maharajgunj,528,25.8,Low,Fog
2025-04-11,15:15,Maharajgunj,112,34.6,Low,Rain
2025-03-28,15:45,Maharajgunj,103,36.1,Low,Cloudy
2025-03-23,14:30,Baneshwor,98,32.8,Low,Cloudy
2025-02-08,15:00,Maharajgunj,51,5.9,Medium,Cloudy
2025-04-08,9:00,Koteshwor,194,51.0,Low,Fog
2025-03-07,14:30,Ratnapark,49,35.8,Low,Rain
2025-03-02,10:45,Koteshwor,153,37.4,Low,Cloudy
2025-01-30,9:45,Koteshwor,52,34.3,High,Fog
2025-01-16,8:30,Koteshwor,968,16.3,Medium,Rain
2025-01-01,15:45,Kalanki,290,35.0,Medium,Rain
2025-04-14,11:30,Lalitpur,100,3.0,Medium,Cloudy
2025-03-06,10:00,Chabahil,46,41.7,Low,Clear
2025-04-27,12:30,Chabahil,102,32.5,High,Fog
2025-03-01,9:15,Bhaktapur,102,34.3,Medium,Rain
2025-01-29,13:15,Bhaktapur,97,20.2,High,Fog
2025-03-09,13:00,Koteshwor,907,33.5,High,Clear
2025-04-07,13:45,Ratnapark,103,36.7,High,Rain
2025-02-27,15:00,Chabahil,99,32.7,High,Clear
2025-04-08,8:00,Baneshwor,105,34.7,Low,Rain
2025-04-23,11:00,Lalitpur,828,37.3,Low,Cloudy
2025-03-31,14:45,Koteshwor,310,36.8,High,Fog
2025-01-28,13:30,Kalanki,97,37.4,Low,Fog
2025-02-11,8:00,Kalanki,297,33.8,Medium,Clear
2025-03-06,11:15,Lalitpur,95,36.6,Medium,Rain
2025-03-30,9:00,Kalanki,816,0.0,High,Rain
2025-01-02,13:00,Baneshwor,104,43.4,Medium,Cloudy
2025-01-28,13:45,Kalanki,49,34.6,Low,Rain
2025-04-23,8:45,Ratnapark,334,20.8,Low,Cloudy
2025-01-21,10:00,Ratnapark,45,34.3,Medium,Clear
2025-04-29,12:45,Ratnapark,676,34.0,Low,Cloudy
2025-01-16,10:30,Ratnapark,45,33.0,High,Clear
2025-02-24,8:45,Koteshwor,569,36.7,Medium,Fog
2025-02-25,13:15,Chabahil,266,34.6,Medium,Cloudy
2025-02-07,10:15,Bhaktapur,96,35.4,Medium,Cloudy
2025-02-03,9:45,Chabahil,54,35.3,Low,Fog
2025-04-03,13:45,Lalitpur,49,35.1,Medium,Fog
2025-03-15,10:45,Kalanki,805,35.2,Low,Clear
2025-01-10,10:00,Baneshwor,53,34.4,High,Cloudy
2025-03-16,10:45,Kalanki,806,37.8,Low,Clear
2025-04-23,11:15,Maharajgunj,100,36.5,Medium,Rain
2025-02-16,15:30,Chabahil,667,35.0,High,Clear
2025-02-28,8:30,Baneshwor,781,34.1,Low,Fog
2025-02-19,9:00,Lalitpur,929,48.8,Low,Rain
2025-02-21,13:00,Chabahil,298,35.8,Low,Cloudy
2025-03-25,13:45,Baneshwor,739,38.0,Low,Rain
2025-01-08,11:15,Bhaktapur,103,32.3,High,Rain
2025-01-28,12:00,Koteshwor,55,46.3,High,Cloudy
2025-02-05,10:15,Bhaktapur,99,37.3,Medium,Cloudy
2025-05-03,10:15,Koteshwor,102,32.0,Low,Rain
2025-03-16,8:45,Maharajgunj,101,34.6,High,Clear
2025-02-03,11:45,Maharajgunj,52,32.9,Low,Clear
2025-01-16,12:30,Baneshwor,390,24.9,Low,Clear
2025-04-02,14:15,Ratnapark,370,37.3,Low,Fog
2025-05-03,8:00,Chabahil,95,34.7,High,Rain
2025-02-04,12:15,Koteshwor,47,34.2,Medium,Clear
2025-01-11,8:15,Chabahil,102,24.4,High,Rain
2025-04-20,14:00,Maharajgunj,55,35.5,Low,Clear
2025-01-10,15:15,Maharajgunj,325,35.5,High,Cloudy
2025-02-17,12:00,Ratnapark,336,56.3,High,Cloudy
2025-01-04,8:45,Chabahil,50,36.1,High,Cloudy
2025-04-17,11:45,Bhaktapur,49,36.5,Low,Clear
2025-02-24,8:30,Chabahil,998,38.4,Low,Fog
2025-01-02,10:45,Maharajgunj,50,50.5,Medium,Clear
2025-05-05,11:30,Chabahil,681,24.5,Medium,Clear
2025-04-06,8:00,Koteshwor,54,3.4,Medium,Fog
2025-04-21,8:30,Kalanki,54,44.8,Low,Fog
2025-04-09,9:30,Chabahil,50,15.3,High,Rain
2025-02-15,12:00,Baneshwor,46,36.1,Medium,Clear
2025-04-16,14:45,Baneshwor,857,37.4,Low,Fog
2025-02-07,10:30,Ratnapark,100,32.9,High,Clear
2025-02-08,12:30,Koteshwor,807,41.5,High,Clear
2025-03-16,11:00,Ratnapark,98,35.1,High,Fog
2025-01-13,9:45,Kalanki,55,52.3,Low,Clear
2025-01-26,11:15,Baneshwor,101,36.3,High,Clear
2025-05-05,13:45,Ratnapark,47,34.5,Medium,Cloudy
2025-03-13,12:45,Chabahil,438,40.2,Low,Fog
2025-04-09,8:30,Kalanki,913,37.7,Medium,Clear
2025-04-13,9:15,Ratnapark,100,33.9,High,Clear
2025-01-02,9:45,Maharajgunj,261,0.8,Medium,Clear
2025-04-21,13:00,Maharajgunj,95,34.8,Medium,Fog
2025-04-16,14:30,Kalanki,49,35.4,High,Cloudy
2025-04-06,15:30,Maharajgunj,836,37.1,Low,Cloudy
2025-01-06,15:15,Maharajgunj,325,32.7,High,Cloudy
2025-01-22,11:15,Baneshwor,97,35.6,High,Clear
2025-01-31,8:30,Kalanki,497,10.9,Low,Fog
2025-04-26,8:45,Koteshwor,98,35.9,Low,Rain
2025-02-14,13:00,Koteshwor,219,34.8,High,Rain
2025-03-05,10:00,Chabahil,50,46.9,Low,Clear
2025-04-17,15:00,Lalitpur,505,31.9,High,Rain
2025-03-19,9:45,Chabahil,664,37.7,Low,Clear
2025-02-27,11:45,Koteshwor,723,31.6,Medium,Fog
2025-01-30,8:30,Kalanki,502,11.3,Low,Fog
2025-02-08,12:30,Chabahil,55,31.6,High,Fog
2025-02-01,10:15,Koteshwor,95,35.5,High,Cloudy
2025-02-05,13:15,Lalitpur,55,32.7,High,Rain
2025-03-13,10:45,Bhaktapur,95,27.3,Medium,Fog
2025-03-31,12:00,Lalitpur,51,35.4,Medium,Clear
2025-04-30,11:15,Bhaktapur,95,35.9,Low,Clear
2025-02-01,12:45,Ratnapark,176,57.1,High,Fog
2025-02-03,9:45,Ratnapark,222,34.7,Low,Cloudy
2025-03-20,11:45,Koteshwor,874,44.7,Medium,Fog
2025-04-14,10:00,Ratnapark,800,35.3,High,Cloudy
2025-02-24,12:45,Bhaktapur,96,36.6,Low,Clear
2025-04-28,12:15,Kalanki,96,8.3,Medium,Cloudy
2025-04-12,11:45,Chabahil,50,16.8,Low,Clear
2025-02-23,15:45,Ratnapark,48,36.1,Low,Fog
2025-03-25,8:45,Ratnapark,52,33.7,Medium,Cloudy
2025-04-13,11:15,Chabahil,45,34.8,Low,Fog
2025-01-14,12:00,Kalanki,104,35.6,High,Cloudy
2025-03-16,8:45,Ratnapark,879,0.1,Medium,Rain
2025-04-27,15:45,Baneshwor,104,0.0,Low,Fog
2025-03-13,15:15,Chabahil,105,6.8,Low,Clear
2025-04-01,15:00,Chabahil,99,33.7,High,Cloudy
2025-02-10,15:00,Maharajgunj,53,2.8,Medium,Cloudy
2025-04-27,13:15,Ratnapark,49,35.3,Low,Clear
2025-02-15,13:00,Koteshwor,227,34.2,High,Rain
2025-02-24,13:15,Baneshwor,97,35.8,Medium,Cloudy
2025-01-23,8:15,Lalitpur,945,34.9,High,Fog
2025-01-19,9:30,Lalitpur,98,35.4,High,Cloudy
2025-01-24,15:30,Bhaktapur,679,33.6,Low,Fog
2025-01-22,15:45,Koteshwor,575,35.4,Low,Rain
2025-01-30,8:45,Bhaktapur,45,41.2,Medium,Rain
2025-01-19,15:30,Kalanki,255,33.9,Low,Clear
2025-01-21,11:30,Chabahil,100,36.8,High,Cloudy
2025-05-02,10:45,Ratnapark,52,34.9,Medium,Rain
2025-03-10,11:45,Koteshwor,45,57.5,High,Rain
2025-04-16,15:45,Maharajgunj,102,35.3,High,Clear
2025-03-20,9:15,Bhaktapur,51,34.9,Low,Rain
2025-04-18,11:00,Ratnapark,45,35.7,High,Cloudy
2025-01-07,11:00,Kalanki,496,37.4,Low,Cloudy
2025-04-29,14:45,Ratnapark,549,6.5,High,Clear
2025-01-29,8:15,Bhaktapur,47,36.0,Low,Cloudy
2025-04-07,11:15,Chabahil,463,34.3,Medium,Cloudy
2025-04-23,8:15,Kalanki,101,38.1,Low,Fog
2025-02-05,10:15,Koteshwor,55,44.3,High,Clear
2025-05-05,13:15,Maharajgunj,97,35.2,High,Rain
2025-02-05,8:30,Chabahil,45,34.8,Low,Rain
2025-02-03,14:15,Chabahil,104,37.0,High,Cloudy
2025-02-08,11:30,Maharajgunj,97,33.8,Medium,Cloudy
2025-04-03,11:00,Ratnapark,50,31.4,Low,Cloudy
2025-04-19,10:15,Chabahil,47,35.1,Medium,Rain
2025-01-22,8:15,Bhaktapur,527,37.4,Low,Cloudy
2025-04-14,15:00,Kalanki,193,38.2,High,Cloudy
2025-03-13,15:45,Ratnapark,508,34.8,Low,Rain
2025-04-18,12:00,Baneshwor,46,11.1,Low,Clear
2025-04-28,11:00,Chabahil,985,36.0,Low,Cloudy
2025-03-11,10:45,Bhaktapur,101,29.5,Medium,Fog
2025-01-10,15:15,Maharajgunj,328,36.0,High,Cloudy
2025-01-17,8:30,Koteshwor,974,15.8,Medium,Rain
2025-01-01,12:45,Koteshwor,51,37.0,Low,Fog
2025-02-22,8:45,Koteshwor,567,36.4,Medium,Fog
2025-02-25,12:30,Kalanki,364,36.6,Low,Clear
2025-01-26,13:15,Maharajgunj,98,3.6,Medium,Rain
2025-01-01,12:15,Lalitpur,317,38.9,Low,Clear
2025-02-13,8:30,Maharajgunj,470,36.0,Low,Rain
2025-04-13,12:45,Lalitpur,538,30.5,Medium,Cloudy
2025-02-05,8:30,Lalitpur,47,33.5,Medium,Clear
2025-01-12,14:00,Chabahil,684,36.8,Low,Rain
2025-03-19,15:15,Ratnapark,52,35.2,Medium,Rain
2025-04-26,13:00,Baneshwor,46,33.4,Medium,Cloudy
2025-04-01,9:30,Bhaktapur,252,34.4,High,Clear
2025-02-01,13:00,Chabahil,55,58.7,High,Cloudy
2025-02-05,9:45,Koteshwor,97,35.1,High,Clear
2025-03-18,13:15,Kalanki,101,31.5,High,Fog
2025-04-26,12:00,Koteshwor,96,34.7,High,Cloudy
2025-01-17,15:15,Chabahil,45,34.2,Low,Rain
2025-03-30,9:15,Maharajgunj,466,35.0,High,Clear
2025-03-20,14:45,Lalitpur,45,54.1,High,Fog
2025-03-18,15:00,Maharajgunj,50,39.1,High,Fog
2025-03-06,12:15,Chabahil,435,36.4,High,Fog
2025-02-02,13:15,Lalitpur,51,32.5,High,Rain
2025-03-25,14:00,Ratnapark,549,34.3,Low,Fog
2025-05-01,8:30,Maharajgunj,99,36.2,Low,Rain
2025-02-08,10:30,Koteshwor,195,36.0,High,Rain
2025-01-10,12:00,Kalanki,96,37.0,High,Cloudy
2025-01-28,11:15,Ratnapark,52,14.8,Low,Rain
2025-01-03,15:00,Chabahil,54,20.3,High,Clear
2025-01-22,13:00,Chabahil,45,38.5,High,Rain
2025-05-04,11:30,Bhaktapur,450,35.1,Medium,Fog
2025-01-31,15:00,Koteshwor,103,33.0,High,Clear
2025-01-23,14:15,Lalitpur,130,34.0,High,Clear
2025-02-15,10:00,Bhaktapur,962,32.0,High,Cloudy
2025-03-10,12:45,Chabahil,428,28.0,Low,Fog
2025-04-12,13:15,Ratnapark,740,36.5,Low,Rain
2025-02-19,12:15,Chabahil,99,36.8,High,Fog
2025-03-09,13:30,Lalitpur,386,35.8,Low,Clear
2025-03-03,14:45,Maharajgunj,317,32.4,High,Rain
2025-02-10,12:45,Ratnapark,800,40.9,Low,Cloudy
2025-04-18,11:00,Baneshwor,54,34.4,Medium,Fog
2025-04-23,13:45,Bhaktapur,101,26.9,Low,Cloudy
2025-01-20,15:45,Koteshwor,98,37.8,Medium,Cloudy
2025-04-02,14:30,Maharajgunj,221,32.9,High,Rain
2025-02-15,11:15,Bhaktapur,798,35.6,Medium,Rain
2025-01-21,12:45,Lalitpur,46,37.4,Medium,Fog
2025-03-28,15:30,Chabahil,53,35.8,Medium,Fog
2025-02-14,15:30,Ratnapark,49,37.5,High,Rain
2025-04-10,13:00,Koteshwor,816,24.1,Medium,Rain
2025-03-26,14:00,Ratnapark,550,35.9,Low,Fog
2025-04-12,12:30,Chabahil,102,35.7,Low,Rain
2025-01-06,9:45,Bhaktapur,102,36.2,Medium,Rain
2025-04-30,14:30,Kalanki,696,34.2,Medium,Rain
2025-02-23,14:45,Lalitpur,98,32.4,Low,Rain
2025-02-13,14:15,Lalitpur,46,55.9,Medium,Fog
2025-02-05,9:45,Koteshwor,98,37.3,High,Clear
2025-01-21,9:30,Baneshwor,760,7.5,Low,Cloudy
2025-04-10,13:45,Ratnapark,100,33.9,High,Rain
2025-04-09,9:00,Koteshwor,192,46.9,Low,Fog
2025-04-24,14:00,Maharajgunj,46,35.2,Low,Clear
2025-04-03,11:15,Chabahil,541,32.3,High,Cloudy
2025-03-16,10:30,Bhaktapur,96,32.0,Low,Clear
2025-04-26,14:00,Maharajgunj,52,35.0,Low,Fog
2025-01-03,10:45,Chabahil,101,33.5,Medium,Cloudy
2025-03-20,11:30,Lalitpur,47,35.7,High,Rain
2025-01-04,10:30,Ratnapark,50,34.7,High,Clear
2025-02-23,12:00,Koteshwor,100,33.8,Medium,Fog
2025-03-30,8:45,Maharajgunj,104,31.6,High,Fog
2025-01-31,10:45,Koteshwor,49,19.3,Low,Fog
2025-04-21,14:00,Maharajgunj,52,33.4,Low,Clear
2025-03-07,14:45,Koteshwor,105,32.5,High,Cloudy
2025-01-28,14:00,Koteshwor,99,42.3,Medium,Fog
2025-01-26,14:00,Koteshwor,101,40.7,Medium,Fog
2025-02-01,14:30,Bhaktapur,100,34.7,Low,Fog
2025-03-06,13:15,Ratnapark,840,8.5,Medium,Rain
2025-05-02,11:30,Bhaktapur,447,33.3,Medium,Fog
2025-03-01,8:45,Ratnapark,103,5.9,Medium,Clear
2025-03-31,8:45,Maharajgunj,97,32.3,High,Fog
2025-03-27,10:00,Lalitpur,104,48.8,Medium,Rain
2025-01-20,10:00,Baneshwor,101,42.8,Low,Cloudy
2025-01-27,10:00,Ratnapark,104,8.4,High,Clear
2025-02-04,9:45,Koteshwor,97,36.7,High,Clear
2025-01-11,12:45,Bhaktapur,644,37.2,Low,Fog
2025-03-21,15:15,Ratnapark,51,34.2,Medium,Rain
2025-02-11,14:30,Koteshwor,442,34.7,Medium,Clear
2025-03-30,11:15,Baneshwor,95,32.9,Low,Rain
2025-04-16,12:00,Baneshwor,50,8.5,Low,Clear
2025-04-24,12:30,Chabahil,105,35.5,High,Fog
2025-02-24,15:00,Lalitpur,50,33.4,High,Fog
2025-02-08,8:15,Ratnapark,50,37.5,Medium,Fog
2025-04-27,15:45,Ratnapark,994,0.0,High,Cloudy
2025-03-19,10:45,Koteshwor,614,36.0,High,Rain
2025-02-14,13:30,Ratnapark,47,0.0,Medium,Rain
2025-02-03,10:15,Koteshwor,96,33.4,Medium,Rain
2025-02-13,15:15,Baneshwor,659,36.1,Low,Clear
2025-04-07,8:00,Koteshwor,50,5.6,Medium,Fog
2025-03-09,9:00,Lalitpur,49,34.0,Low,Fog
2025-03-08,12:30,Koteshwor,740,51.4,High,Clear
2025-04-20,12:45,Ratnapark,104,22.6,High,Cloudy
2025-05-03,10:30,Maharajgunj,350,33.8,Medium,Rain
2025-04-11,9:30,Chabahil,53,14.1,High,Rain
2025-04-02,8:00,Ratnapark,99,34.6,High,Rain
2025-02-05,13:00,Ratnapark,108,32.4,High,Rain
2025-02-11,10:00,Chabahil,185,50.8,High,Cloudy
2025-01-17,15:30,Ratnapark,105,34.6,Low,Cloudy
2025-01-26,12:15,Maharajgunj,98,40.8,High,Fog
2025-03-07,8:30,Bhaktapur,104,33.3,Medium,Fog
2025-04-27,8:00,Koteshwor,95,37.2,Low,Cloudy
2025-01-31,9:45,Ratnapark,218,37.4,Low,Cloudy
2025-04-23,13:45,Bhaktapur,96,29.2,Low,Cloudy
2025-03-21,8:30,Ratnapark,174,35.1,High,Rain
2025-03-20,12:45,Chabahil,356,29.0,High,Rain
2025-02-19,10:00,Kalanki,51,16.8,Medium,Rain
2025-02-15,13:30,Ratnapark,556,48.2,Low,Fog
2025-03-18,9:15,Koteshwor,95,33.5,Low,Rain
2025-03-18,15:00,Kalanki,532,18.2,Low,Rain
2025-01-09,14:30,Maharajgunj,352,37.0,Low,Rain
2025-01-04,11:00,Kalanki,488,32.1,Low,Cloudy
2025-02-25,13:15,Chabahil,264,35.2,Medium,Cloudy
2025-04-22,11:00,Ratnapark,46,36.8,High,Cloudy
2025-01-22,10:00,Chabahil,859,53.1,Low,Clear
2025-03-16,14:15,Chabahil,97,48.4,High,Rain
2025-01-11,15:00,Lalitpur,104,33.5,Medium,Rain
2025-03-17,15:00,Baneshwor,51,36.2,Low,Fog
2025-01-14,13:15,Baneshwor,100,32.4,High,Rain
2025-01-24,14:00,Lalitpur,274,37.1,Low,Fog
2025-01-12,12:30,Maharajgunj,803,43.8,High,Rain
2025-04-12,13:45,Kalanki,190,35.9,Low,Fog
2025-02-08,12:30,Koteshwor,55,34.2,Medium,Cloudy
2025-03-20,11:00,Ratnapark,96,32.2,High,Fog
2025-03-30,15:30,Ratnapark,96,16.2,Medium,Clear
2025-02-17,14:00,Koteshwor,95,51.2,Low,Clear
2025-03-29,15:30,Chabahil,53,35.3,Medium,Fog
2025-03-29,13:15,Kalanki,862,31.9,High,Fog
2025-02-23,10:30,Baneshwor,52,32.8,High,Cloudy
2025-04-10,11:30,Baneshwor,687,37.5,High,Rain
2025-02-02,10:45,Koteshwor,45,22.0,Low,Fog
2025-03-21,13:00,Kalanki,99,6.5,High,Fog
2025-01-26,13:15,Maharajgunj,100,0.5,Medium,Rain
2025-02-11,12:30,Koteshwor,46,33.7,Medium,Cloudy
2025-03-10,14:30,Ratnapark,54,31.3,Low,Rain
2025-02-21,11:15,Maharajgunj,49,14.7,Low,Clear
2025-01-02,11:15,Baneshwor,100,39.9,Low,Fog
2025-04-25,9:30,Lalitpur,53,31.8,Low,Clear
2025-04-28,11:45,Ratnapark,104,11.6,High,Fog
2025-04-24,8:00,Kalanki,45,37.6,High,Clear
2025-04-17,11:30,Lalitpur,104,4.5,Medium,Cloudy
2025-02-05,11:45,Lalitpur,47,15.7,Low,Rain
2025-02-01,12:30,Lalitpur,53,34.7,High,Cloudy
2025-03-19,11:45,Ratnapark,45,32.7,High,Cloudy
2025-02-22,11:00,Maharajgunj,45,50.5,Low,Fog
2025-01-09,12:30,Maharajgunj,793,42.5,High,Rain
2025-03-08,9:00,Lalitpur,51,37.2,Low,Fog
2025-03-18,12:00,Baneshwor,113,21.8,Medium,Rain
2025-02-09,15:00,Maharajgunj,50,3.6,Medium,Cloudy
2025-03-27,11:15,Baneshwor,102,33.1,Low,Rain
2025-05-04,14:45,Lalitpur,96,35.5,Medium,Fog
2025-04-30,15:15,Bhaktapur,407,38.6,Low,Rain
2025-03-10,12:45,Baneshwor,556,46.3,Medium,Rain
2025-01-07,14:30,Baneshwor,47,32.7,High,Clear
2025-03-24,9:15,Maharajgunj,47,35.3,High,Cloudy
2025-02-03,9:45,Ratnapark,218,33.6,Low,Cloudy
2025-01-18,13:15,Baneshwor,97,37.0,High,Rain
2025-04-11,10:00,Baneshwor,96,34.7,Low,Rain
2025-04-21,15:15,Lalitpur,803,32.0,Low,Fog
2025-02-26,8:45,Kalanki,593,12.6,High,Fog
2025-02-04,9:45,Koteshwor,97,35.9,High,Clear
2025-02-26,13:15,Lalitpur,500,35.5,Low,Fog
2025-02-28,11:15,Koteshwor,48,15.0,High,Clear
2025-01-27,10:45,Bhaktapur,98,33.8,Low,Rain
2025-01-03,13:15,Ratnapark,52,33.0,Low,Clear
2025-03-30,8:30,Lalitpur,51,32.2,High,Clear
2025-02-12,14:30,Koteshwor,445,33.3,Medium,Clear
2025-03-17,13:15,Kalanki,104,36.9,High,Fog
2025-03-23,15:00,Lalitpur,101,33.2,Low,Cloudy
2025-01-11,14:30,Ratnapark,104,35.2,High,Fog
2025-04-26,12:15,Baneshwor,55,59.1,Medium,Clear
2025-04-09,8:30,Kalanki,915,36.9,Medium,Clear
2025-03-10,8:15,Chabahil,330,41.2,High,Cloudy
2025-01-20,12:30,Kalanki,98,36.4,Medium,Rain
2025-04-26,10:30,Chabahil,102,51.7,Medium,Clear
2025-04-06,15:15,Baneshwor,103,14.9,Medium,Clear
2025-04-14,9:15,Ratnapark,47,32.9,Medium,Fog
2025-02-19,13:30,Ratnapark,556,47.3,Low,Fog
2025-02-04,14:15,Chabahil,104,36.5,High,Cloudy
2025-04-24,12:00,Baneshwor,103,35.1,High,Cloudy
2025-04-23,9:15,Maharajgunj,102,36.7,Low,Rain
2025-05-04,15:15,Bhaktapur,407,39.0,Low,Rain
2025-03-30,13:45,Lalitpur,51,26.5,High,Fog
2025-01-23,10:15,Bhaktapur,46,35.1,High,Cloudy
2025-04-11,11:45,Chabahil,51,19.0,Low,Clear
2025-05-01,10:00,Bhaktapur,95,34.3,Medium,Fog
2025-01-14,14:00,Chabahil,683,35.9,Low,Rain
2025-03-13,9:15,Koteshwor,49,5.4,Low,Rain
2025-02-26,8:30,Baneshwor,786,35.1,Low,Fog
2025-02-05,10:15,Bhaktapur,100,35.0,Medium,Cloudy
2025-05-01,11:30,Koteshwor,103,36.4,Medium,Clear
2025-01-20,15:00,Koteshwor,103,36.4,Medium,Fog
2025-01-19,14:00,Koteshwor,97,33.0,Low,Clear
2025-02-28,10:45,Lalitpur,329,29.9,Low,Cloudy
2025-01-09,14:45,Baneshwor,147,36.0,Low,Cloudy
2025-04-19,11:00,Ratnapark,51,34.2,High,Cloudy
2025-01-27,10:30,Koteshwor,100,54.6,Low,Cloudy
2025-01-28,12:30,Lalitpur,52,35.4,High,Cloudy
2025-04-28,12:00,Koteshwor,100,34.9,High,Cloudy
2025-03-15,9:15,Koteshwor,48,3.0,Low,Rain
2025-03-04,12:15,Baneshwor,497,35.1,Medium,Rain
2025-04-06,14:00,Ratnapark,453,41.3,Low,Clear
2025-01-27,9:30,Koteshwor,105,35.1,Low,Rain
2025-02-17,12:00,Ratnapark,346,53.8,High,Cloudy
2025-01-29,8:45,Kalanki,278,34.7,Medium,Clear
2025-05-01,9:45,Maharajgunj,300,43.5,Medium,Rain
2025-02-17,15:00,Ratnapark,53,35.2,Low,Rain
2025-01-23,10:00,Maharajgunj,842,36.9,Medium,Cloudy
2025-03-13,12:30,Koteshwor,99,36.2,High,Fog
2025-01-06,11:15,Bhaktapur,97,33.3,High,Rain
2025-04-19,11:30,Kalanki,660,55.7,Medium,Rain
2025-03-21,11:45,Ratnapark,53,34.4,High,Cloudy
2025-05-04,8:00,Lalitpur,103,35.0,Medium,Rain
2025-04-04,11:30,Lalitpur,867,35.0,Medium,Clear
2025-03-31,15:30,Maharajgunj,98,36.2,High,Fog
2025-02-19,10:00,Koteshwor,737,51.4,Low,Cloudy
2025-03-04,14:00,Maharajgunj,45,37.5,High,Rain
2025-01-11,13:45,Bhaktapur,104,19.5,Medium,Fog
2025-04-01,11:45,Bhaktapur,406,33.3,Medium,Clear
2025-02-19,15:00,Ratnapark,52,34.1,Low,Rain
2025-03-02,8:45,Ratnapark,104,6.2,Medium,Clear
2025-04-29,10:15,Lalitpur,98,31.8,Low,Cloudy
2025-03-10,9:30,Baneshwor,104,32.3,Low,Cloudy
2025-03-03,10:30,Ratnapark,54,35.0,Low,Rain
2025-03-04,12:15,Baneshwor,98,8.9,Low,Fog
2025-03-06,11:15,Lalitpur,103,37.6,Medium,Rain
2025-05-04,8:30,Maharajgunj,214,34.6,Low,Cloudy
2025-02-25,11:00,Maharajgunj,51,53.1,Low,Fog
2025-04-05,10:15,Baneshwor,54,35.1,Medium,Fog
2025-01-31,11:45,Ratnapark,52,31.9,High,Clear
2025-02-18,14:00,Ratnapark,48,35.0,Low,Fog
2025-04-22,11:00,Lalitpur,830,33.8,Low,Cloudy
2025-01-13,11:45,Bhaktapur,193,36.8,High,Clear
2025-04-10,8:00,Baneshwor,103,34.9,Low,Rain
2025-03-08,13:00,Chabahil,51,31.4,Low,Rain
2025-03-24,14:30,Baneshwor,97,32.0,Low,Cloudy
2025-04-17,8:30,Bhaktapur,55,35.0,Low,Fog
2025-03-20,13:15,Kalanki,101,30.2,High,Fog
2025-02-12,9:00,Baneshwor,99,31.0,High,Cloudy
2025-03-04,10:45,Koteshwor,151,36.5,Low,Cloudy
2025-04-18,14:30,Baneshwor,47,32.9,Low,Cloudy
2025-04-02,9:30,Maharajgunj,785,52.0,Medium,Rain
2025-04-23,9:30,Lalitpur,48,37.4,Low,Clear
2025-01-05,14:00,Koteshwor,528,6.0,High,Fog
2025-02-24,13:30,Maharajgunj,104,22.4,Medium,Fog
2025-04-02,9:30,Bhaktapur,251,37.0,High,Clear
2025-04-22,8:45,Ratnapark,340,22.0,Low,Cloudy
2025-02-01,9:45,Chabahil,53,32.2,Low,Fog
2025-05-04,14:45,Chabahil,723,34.7,Low,Cloudy
2025-01-12,9:15,Kalanki,377,33.3,Medium,Cloudy
2025-01-30,10:45,Bhaktapur,99,37.2,Low,Rain
2025-01-18,13:00,Chabahil,47,36.2,High,Rain
2025-03-26,9:15,Maharajgunj,458,34.4,High,Clear
2025-03-09,14:00,Baneshwor,100,35.3,High,Rain
2025-01-22,9:30,Baneshwor,105,32.4,Low,Clear
2025-05-03,8:00,Chabahil,95,33.5,High,Rain
2025-01-20,11:00,Baneshwor,458,38.1,Low,Clear
2025-01-03,14:30,Lalitpur,210,35.1,High,Fog
2025-02-11,8:00,Chabahil,98,52.9,High,Clear
2025-02-22,8:15,Ratnapark,53,35.5,Medium,Cloudy
2025-02-24,12:30,Kalanki,367,37.6,Low,Clear
2025-01-04,13:00,Ratnapark,95,1.0,Low,Rain
2025-02-23,15:45,Ratnapark,55,34.6,Low,Fog
2025-01-26,15:45,Ratnapark,133,38.3,Low,Cloudy
2025-01-08,13:00,Lalitpur,47,36.9,High,Clear
2025-02-24,11:00,Maharajgunj,50,53.7,Low,Fog
2025-04-25,15:00,Ratnapark,49,37.0,High,Rain
2025-03-01,8:30,Koteshwor,101,33.9,High,Clear
2025-04-19,11:00,Baneshwor,45,32.9,Medium,Fog
2025-01-01,12:30,Kalanki,901,32.8,Low,Cloudy
2025-02-16,10:00,Kalanki,46,17.6,Medium,Rain
2025-02-07,8:15,Ratnapark,46,36.0,Medium,Fog
2025-01-01,14:15,Baneshwor,399,34.9,Low,Fog
2025-04-10,14:00,Ratnapark,105,36.0,Low,Rain
2025-02-24,9:00,Baneshwor,384,35.3,High,Cloudy
2025-01-12,9:30,Ratnapark,53,41.9,High,Fog
2025-03-15,12:30,Kalanki,104,56.9,Low,Rain
2025-03-08,9:15,Bhaktapur,97,10.9,Medium,Clear
2025-03-13,15:45,Ratnapark,505,35.5,Low,Rain
2025-04-02,15:15,Chabahil,99,40.7,High,Cloudy
2025-02-11,11:15,Chabahil,464,35.3,Medium,Clear
2025-01-08,8:00,Bhaktapur,48,11.2,Medium,Clear
2025-04-15,8:00,Maharajgunj,99,50.4,Medium,Clear
2025-01-04,11:00,Kalanki,497,34.2,Low,Cloudy
2025-02-09,8:30,Ratnapark,53,35.0,Medium,Cloudy
2025-02-03,13:45,Lalitpur,103,40.5,Low,Clear
2025-02-27,15:30,Chabahil,100,34.4,Low,Fog
2025-04-26,12:30,Baneshwor,441,32.7,Low,Cloudy
2025-02-22,8:00,Kalanki,97,34.9,Medium,Cloudy
2025-03-08,14:30,Ratnapark,50,31.7,Low,Rain
2025-02-15,9:30,Ratnapark,685,34.5,High,Clear
2025-02-26,8:15,Baneshwor,559,34.1,High,Fog
2025-01-17,12:30,Baneshwor,343,59.7,High,Rain
2025-03-30,9:15,Ratnapark,50,33.9,High,Rain
2025-02-21,10:15,Chabahil,825,32.0,High,Fog
2025-02-18,11:30,Baneshwor,286,51.3,Low,Cloudy
2025-01-28,10:45,Chabahil,670,36.9,High,Clear
2025-03-19,12:30,Lalitpur,53,37.5,High,Cloudy
2025-04-25,9:00,Kalanki,102,39.9,Medium,Cloudy
2025-04-10,10:15,Koteshwor,50,38.4,Medium,Clear
2025-01-10,9:30,Chabahil,95,52.6,Medium,Clear
2025-01-13,10:15,Ratnapark,46,34.2,High,Cloudy
2025-01-05,15:00,Maharajgunj,760,35.0,Low,Clear
2025-04-06,8:00,Kalanki,101,34.8,Low,Cloudy
2025-01-07,10:30,Ratnapark,714,35.1,Low,Rain
2025-04-10,15:45,Baneshwor,54,26.8,Medium,Rain
2025-01-17,11:00,Baneshwor,456,32.8,Low,Clear
2025-01-11,14:30,Ratnapark,104,33.6,High,Fog
2025-01-10,11:45,Maharajgunj,96,50.3,High,Fog
2025-03-31,11:45,Bhaktapur,412,33.8,Medium,Clear
2025-03-16,13:00,Lalitpur,936,35.8,Low,Rain
2025-03-04,12:15,Kalanki,105,38.1,Medium,Rain
2025-04-18,11:00,Baneshwor,45,36.0,Medium,Fog
2025-02-28,11:30,Baneshwor,992,49.4,Low,Fog
2025-02-06,13:30,Kalanki,218,10.9,Medium,Cloudy
2025-03-31,13:15,Kalanki,856,33.2,High,Fog
2025-01-25,11:00,Lalitpur,51,34.0,High,Cloudy
2025-03-19,8:15,Lalitpur,53,2.1,Low,Clear
2025-01-20,15:45,Bhaktapur,710,30.9,High,Fog
2025-03-04,14:00,Chabahil,904,37.8,High,Fog
2025-02-08,8:00,Kalanki,293,35.6,Medium,Clear
2025-03-26,8:00,Ratnapark,49,31.3,Low,Cloudy
2025-03-29,9:30,Bhaktapur,100,31.7,High,Rain
2025-04-21,14:00,Baneshwor,324,23.4,Low,Cloudy
2025-03-21,10:00,Baneshwor,98,34.2,High,Rain
2025-03-01,8:30,Baneshwor,776,36.6,Low,Fog
2025-01-29,10:45,Koteshwor,47,16.8,Low,Fog
2025-03-15,13:30,Kalanki,104,42.6,Low,Cloudy
2025-05-02,12:00,Koteshwor,98,34.3,High,Clear
2025-04-14,11:30,Lalitpur,98,2.6,Medium,Cloudy
2025-02-17,9:00,Lalitpur,922,49.5,Low,Rain
2025-03-22,11:30,Lalitpur,49,35.5,High,Rain
2025-02-06,11:45,Maharajgunj,55,33.6,Low,Clear
2025-01-11,11:30,Ratnapark,53,31.2,High,Rain
2025-02-05,8:45,Maharajgunj,48,30.4,Medium,Fog
2025-04-17,8:30,Kalanki,53,48.1,Low,Fog
2025-04-26,11:00,Chabahil,103,27.3,High,Fog
2025-01-07,15:00,Lalitpur,95,34.3,Medium,Rain
2025-05-04,13:15,Maharajgunj,99,31.3,High,Rain
2025-01-31,14:30,Bhaktapur,103,36.5,Low,Fog
2025-03-11,14:15,Bhaktapur,98,32.5,Medium,Clear
2025-01-15,9:00,Koteshwor,933,34.9,High,Rain
2025-01-19,10:30,Baneshwor,608,35.3,High,Clear
2025-01-13,13:45,Bhaktapur,96,19.0,Medium,Fog
2025-04-18,14:30,Baneshwor,54,37.3,Low,Cloudy
2025-01-25,15:45,Lalitpur,46,34.9,Medium,Fog
2025-02-19,9:30,Bhaktapur,96,6.9,High,Cloudy
2025-05-03,9:00,Koteshwor,45,34.9,High,Rain
2025-03-04,10:00,Ratnapark,828,61.2,Medium,Cloudy
2025-03-31,8:00,Ratnapark,105,37.8,High,Rain
2025-01-05,9:45,Maharajgunj,262,3.3,Medium,Clear
2025-01-23,9:45,Chabahil,45,36.6,Low,Rain
2025-03-06,13:30,Lalitpur,383,37.9,Low,Clear
2025-03-26,13:00,Chabahil,45,3.7,Medium,Cloudy
2025-04-12,12:45,Kalanki,185,0.0,Medium,Clear
2025-03-13,10:45,Bhaktapur,97,32.1,Medium,Fog
2025-05-03,10:45,Ratnapark,53,35.5,Medium,Rain
2025-04-03,11:15,Chabahil,534,37.2,High,Cloudy
2025-01-09,15:15,Maharajgunj,332,36.1,High,Cloudy
2025-03-18,14:15,Ratnapark,55,32.6,Medium,Cloudy
2025-01-03,12:30,Kalanki,905,35.9,Low,Cloudy
2025-02-17,13:30,Bhaktapur,101,35.5,High,Rain
2025-04-25,11:15,Baneshwor,95,35.6,Medium,Clear
2025-01-26,10:45,Chabahil,672,34.7,High,Clear
2025-01-28,14:00,Koteshwor,104,42.5,Medium,Fog
2025-02-21,10:45,Lalitpur,45,38.5,Medium,Rain
2025-02-26,10:15,Maharajgunj,970,36.0,High,Clear
2025-02-03,14:00,Lalitpur,97,26.9,Medium,Clear
2025-01-31,11:15,Maharajgunj,96,34.4,Low,Cloudy
2025-04-09,15:00,Lalitpur,45,37.1,Medium,Clear
2025-03-13,13:00,Kalanki,100,33.5,Low,Cloudy
2025-02-13,15:00,Koteshwor,101,32.0,High,Clear
2025-01-22,10:30,Maharajgunj,651,32.2,Medium,Cloudy
2025-03-25,14:00,Ratnapark,550,31.5,Low,Fog
2025-01-30,14:00,Koteshwor,103,40.4,Medium,Fog
2025-01-09,8:00,Bhaktapur,46,7.6,Medium,Clear
2025-02-25,13:15,Baneshwor,96,37.8,Medium,Cloudy
2025-03-30,15:00,Chabahil,103,34.9,High,Cloudy
2025-01-14,14:15,Kalanki,847,17.3,High,Rain
2025-04-22,12:15,Baneshwor,49,56.1,Medium,Clear
2025-01-24,9:00,Kalanki,933,34.7,High,Rain
2025-05-05,8:00,Lalitpur,101,31.5,Medium,Rain
2025-02-16,13:30,Ratnapark,558,48.3,Low,Fog
2025-01-27,11:15,Ratnapark,100,60.1,Low,Cloudy
2025-02-16,8:45,Kalanki,96,36.3,Low,Cloudy
2025-02-20,13:15,Baneshwor,100,34.6,High,Cloudy
2025-03-06,9:30,Koteshwor,53,36.4,High,Cloudy
2025-03-19,15:15,Baneshwor,47,34.0,Low,Cloudy
2025-01-27,15:30,Koteshwor,622,33.4,Low,Rain
2025-04-21,9:00,Kalanki,873,38.4,High,Clear
2025-03-09,11:45,Chabahil,125,32.7,Low,Rain
2025-02-10,13:15,Baneshwor,583,34.3,High,Clear
2025-02-05,10:15,Koteshwor,54,43.6,High,Clear
2025-01-30,15:30,Ratnapark,100,33.1,Low,Cloudy
2025-03-08,10:00,Koteshwor,97,4.3,High,Rain
2025-05-01,8:30,Maharajgunj,101,34.4,Low,Rain
2025-01-12,10:15,Chabahil,98,36.3,High,Fog
2025-04-01,8:30,Bhaktapur,105,36.2,High,Fog
2025-03-13,12:15,Ratnapark,192,34.5,Low,Cloudy
2025-01-08,11:00,Kalanki,492,38.4,Low,Cloudy
2025-02-12,12:30,Bhaktapur,102,33.7,Medium,Clear
2025-04-12,11:45,Ratnapark,51,34.7,Medium,Clear
2025-02-13,10:00,Bhaktapur,968,37.3,High,Cloudy
2025-01-02,8:15,Kalanki,52,9.5,Medium,Fog
2025-02-07,12:30,Koteshwor,813,40.3,High,Clear
2025-05-02,10:45,Ratnapark,47,33.4,Medium,Rain
2025-02-04,13:15,Lalitpur,47,39.2,High,Rain
2025-03-19,8:15,Lalitpur,46,0.3,Low,Clear
2025-03-17,13:00,Lalitpur,926,33.4,Low,Rain
2025-03-20,13:45,Maharajgunj,104,34.6,High,Rain
2025-01-02,12:30,Kalanki,902,33.0,Low,Cloudy
2025-03-12,8:15,Bhaktapur,970,45.1,Medium,Rain
2025-04-21,12:45,Ratnapark,104,17.8,High,Cloudy
2025-02-22,14:00,Lalitpur,102,34.4,Low,Rain
2025-03-01,15:45,Baneshwor,50,36.9,High,Clear
2025-02-19,13:15,Baneshwor,100,36.2,High,Cloudy
2025-04-10,11:45,Chabahil,45,19.0,Low,Clear
2025-04-09,8:15,Koteshwor,395,35.3,High,Rain
2025-01-09,11:30,Kalanki,785,35.0,Low,Cloudy
2025-03-13,11:30,Chabahil,104,34.1,High,Fog
2025-03-13,9:15,Ratnapark,888,13.0,Low,Rain
2025-02-25,15:45,Lalitpur,933,36.0,Medium,Clear
2025-02-27,13:15,Lalitpur,499,34.7,Low,Fog
2025-02-20,8:00,Lalitpur,98,35.8,Low,Rain
2025-05-03,12:30,Chabahil,53,7.3,Medium,Rain
2025-04-05,12:45,Maharajgunj,45,33.8,Medium,Cloudy
2025-03-31,8:00,Ratnapark,610,6.5,High,Fog
2025-01-25,11:15,Ratnapark,47,13.9,Low,Rain
2025-01-24,9:30,Chabahil,95,7.6,Low,Rain
2025-04-07,11:30,Lalitpur,858,36.5,Medium,Clear
2025-02-07,14:45,Ratnapark,451,32.8,Medium,Clear
2025-01-25,9:30,Chabahil,99,5.9,Low,Rain
2025-02-07,12:30,Koteshwor,47,34.2,Medium,Cloudy
2025-03-27,12:15,Lalitpur,53,33.6,High,Fog
2025-01-01,13:45,Kalanki,102,32.0,Low,Fog
2025-04-22,12:45,Ratnapark,97,20.9,High,Cloudy
2025-01-17,13:00,Kalanki,46,0.0,Low,Clear
2025-05-04,13:45,Ratnapark,52,35.9,Medium,Cloudy
2025-01-09,15:15,Maharajgunj,329,33.1,High,Cloudy
2025-04-06,14:45,Chabahil,944,36.6,Low,Clear
2025-04-11,11:45,Bhaktapur,45,34.3,High,Clear
2025-01-30,8:15,Bhaktapur,54,34.7,Low,Cloudy
2025-03-12,8:15,Bhaktapur,967,43.8,Medium,Rain
2025-04-13,14:45,Ratnapark,49,35.6,High,Rain
2025-02-16,14:00,Chabahil,993,35.0,High,Rain
2025-04-04,8:00,Koteshwor,563,49.9,Medium,Clear
2025-03-19,12:00,Chabahil,48,16.0,High,Rain
2025-02-04,8:30,Chabahil,48,31.9,Low,Rain
2025-01-30,14:45,Bhaktapur,105,13.8,Low,Cloudy
2025-03-24,15:00,Koteshwor,53,27.4,High,Fog
2025-02-12,15:00,Koteshwor,45,34.4,Medium,Clear
2025-02-08,9:15,Chabahil,103,33.7,High,Cloudy
2025-02-02,15:15,Ratnapark,103,32.2,High,Rain
2025-02-02,10:00,Kalanki,105,31.6,Medium,Clear
2025-02-06,8:00,Bhaktapur,50,33.6,High,Rain
2025-05-01,14:30,Kalanki,703,36.8,Medium,Rain
2025-05-02,10:15,Koteshwor,95,33.9,Low,Rain
2025-04-04,12:30,Bhaktapur,105,35.8,High,Cloudy
2025-02-24,10:30,Maharajgunj,100,33.8,Medium,Clear
2025-04-06,9:15,Maharajgunj,102,56.3,High,Cloudy
2025-04-14,10:30,Maharajgunj,99,34.3,High,Rain
2025-01-27,15:30,Ratnapark,99,32.5,Low,Cloudy
2025-02-18,10:00,Kalanki,45,15.5,Medium,Rain
2025-01-11,15:15,Koteshwor,45,38.7,High,Fog
2025-03-27,13:15,Maharajgunj,52,38.6,Low,Clear
2025-02-09,12:45,Lalitpur,99,41.0,Medium,Clear
2025-04-05,8:00,Kalanki,102,34.7,Low,Cloudy
2025-02-24,10:45,Lalitpur,331,29.6,Low,Cloudy
2025-01-16,14:15,Kalanki,848,18.6,High,Rain
2025-03-24,15:00,Koteshwor,48,25.9,High,Fog
2025-03-09,14:30,Ratnapark,55,35.9,Low,Rain
2025-01-05,8:00,Chabahil,447,30.4,Low,Fog
2025-02-19,8:00,Ratnapark,53,34.4,Low,Clear
2025-04-18,10:00,Kalanki,116,32.6,Low,Cloudy
2025-01-15,12:45,Bhaktapur,642,57.1,High,Cloudy
2025-01-18,11:15,Maharajgunj,820,36.6,Low,Rain
2025-04-25,14:30,Chabahil,51,34.9,Low,Cloudy
2025-04-24,11:00,Lalitpur,825,35.6,Low,Cloudy
2025-01-20,13:00,Kalanki,45,0.4,Low,Clear
2025-04-25,10:00,Koteshwor,46,54.9,High,Cloudy
2025-05-05,9:00,Ratnapark,895,24.5,High,Fog
2025-05-01,10:00,Bhaktapur,104,52.0,Low,Rain
2025-01-03,11:15,Lalitpur,51,32.8,Low,Clear
2025-04-08,8:00,Koteshwor,51,9.4,Medium,Fog
2025-03-09,10:45,Bhaktapur,95,29.2,Medium,Fog
2025-03-28,9:00,Kalanki,815,0.0,High,Rain
2025-05-05,12:00,Koteshwor,101,38.2,High,Clear
2025-01-14,8:30,Maharajgunj,54,36.6,Low,Fog
2025-02-25,9:00,Baneshwor,393,34.3,High,Cloudy
2025-03-16,8:45,Ratnapark,881,4.9,Medium,Rain
2025-04-18,13:45,Maharajgunj,55,38.5,Low,Clear
2025-03-05,12:15,Kalanki,100,34.6,Medium,Rain
2025-04-10,11:15,Chabahil,51,35.9,Low,Fog
2025-01-23,8:15,Chabahil,659,48.4,Low,Cloudy
2025-04-19,8:15,Lalitpur,417,35.2,Medium,Cloudy
2025-04-30,14:30,Baneshwor,104,18.0,Medium,Cloudy
2025-02-23,15:45,Ratnapark,49,36.8,Low,Fog
2025-03-09,10:45,Chabahil,52,26.9,High,Clear
2025-01-03,15:45,Chabahil,102,36.0,High,Fog
2025-05-05,14:30,Maharajgunj,47,32.7,Medium,Rain
2025-03-10,14:30,Kalanki,47,35.9,Medium,Clear
2025-02-22,15:00,Kalanki,101,35.3,High,Cloudy
2025-04-04,15:30,Maharajgunj,98,35.8,Medium,Fog
2025-03-04,11:30,Lalitpur,100,34.4,Medium,Cloudy
2025-01-25,14:00,Lalitpur,278,39.2,Low,Fog
2025-02-02,9:45,Koteshwor,104,33.2,High,Clear
2025-01-26,9:15,Maharajgunj,96,36.9,High,Fog
2025-03-13,8:00,Chabahil,96,32.9,Low,Rain
2025-03-20,14:45,Lalitpur,50,53.0,High,Fog
2025-02-22,12:15,Lalitpur,47,50.2,Low,Fog
2025-02-23,13:00,Koteshwor,347,35.1,Medium,Rain
2025-04-09,8:00,Koteshwor,46,6.0,Medium,Fog
2025-01-22,14:30,Chabahil,101,35.3,Medium,Clear
2025-01-02,11:15,Baneshwor,98,35.5,Low,Fog
2025-01-20,12:30,Kalanki,96,38.6,Medium,Rain
2025-03-01,8:30,Koteshwor,105,33.3,High,Clear
2025-02-22,15:00,Lalitpur,52,33.9,High,Fog
2025-02-22,10:00,Maharajgunj,48,5.6,Medium,Clear
2025-01-28,11:15,Ratnapark,48,14.5,Low,Rain
2025-01-23,15:30,Bhaktapur,671,34.8,Low,Fog
2025-01-30,11:30,Koteshwor,355,52.1,Low,Clear
2025-04-06,9:15,Koteshwor,45,29.4,High,Cloudy
2025-01-18,15:00,Koteshwor,97,33.8,Medium,Fog
2025-01-22,13:00,Chabahil,100,31.5,Medium,Cloudy
2025-02-05,8:30,Chabahil,51,32.6,Low,Rain
2025-04-17,14:45,Baneshwor,858,39.8,Low,Fog
2025-02-20,9:45,Bhaktapur,49,9.2,Medium,Rain
2025-04-26,15:45,Baneshwor,103,4.9,Low,Fog
2025-03-30,13:15,Kalanki,859,34.8,High,Fog
2025-02-11,9:00,Baneshwor,95,33.5,High,Cloudy
2025-01-07,12:45,Bhaktapur,653,30.5,Low,Fog
2025-03-01,11:00,Maharajgunj,97,13.1,Low,Cloudy
2025-01-11,12:00,Kalanki,102,33.4,High,Cloudy
2025-01-27,9:00,Baneshwor,650,33.9,Medium,Rain
2025-01-02,8:15,Maharajgunj,48,44.0,High,Unknown
2025-01-20,10:00,Ratnapark,50,35.6,Medium,Clear
2025-04-03,11:45,Bhaktapur,405,35.2,Medium,Clear
2025-02-16,11:30,Bhaktapur,103,32.3,Medium,Clear
2025-01-18,8:15,Bhaktapur,524,35.2,Low,Cloudy
2025-03-22,12:45,Chabahil,359,36.9,High,Rain
2025-01-16,9:45,Baneshwor,55,41.9,Low,Cloudy
2025-03-21,11:30,Lalitpur,47,37.6,High,Rain
2025-01-25,12:45,Lalitpur,54,33.3,Medium,Fog
2025-04-19,8:15,Kalanki,98,13.0,Medium,Clear
2025-02-16,9:30,Ratnapark,677,38.1,High,Clear
2025-02-18,10:00,Koteshwor,737,49.6,Low,Cloudy
2025-04-30,15:45,Ratnapark,1000,3.1,High,Cloudy
2025-04-25,13:45,Maharajgunj,54,36.9,High,Cloudy
2025-03-28,11:15,Baneshwor,102,35.3,Low,Rain
2025-02-27,8:15,Lalitpur,45,33.9,Medium,Clear
2025-03-19,11:00,Ratnapark,104,33.5,High,Fog
2025-03-01,11:00,Maharajgunj,100,13.6,Low,Cloudy
2025-01-18,15:15,Chabahil,45,37.6,Low,Rain
2025-01-15,8:45,Baneshwor,100,52.9,Low,Cloudy
2025-01-04,8:15,Kalanki,51,5.9,Medium,Fog
2025-01-25,9:30,Chabahil,96,7.1,Low,Rain
2025-02-12,15:00,Lalitpur,103,34.9,Medium,Fog
2025-02-10,10:45,Kalanki,308,37.2,Low,Clear
2025-04-19,9:00,Baneshwor,809,37.2,High,Fog
2025-03-03,12:15,Kalanki,104,39.3,Medium,Rain
2025-02-01,15:15,Ratnapark,98,33.0,High,Rain
2025-03-05,13:00,Chabahil,48,31.9,Low,Rain
2025-01-16,8:30,Maharajgunj,102,21.1,Low,Fog
2025-03-30,11:30,Kalanki,45,36.9,Low,Cloudy
2025-04-05,11:15,Chabahil,541,32.7,High,Cloudy
2025-03-07,8:45,Bhaktapur,819,24.5,High,Rain
2025-03-07,10:00,Ratnapark,832,58.8,Medium,Cloudy
2025-01-04,13:00,Ratnapark,103,6.4,Low,Rain
2025-02-11,13:45,Bhaktapur,54,33.4,Medium,Cloudy
2025-01-26,9:15,Maharajgunj,101,36.5,High,Fog
2025-04-29,8:45,Koteshwor,96,34.7,Low,Rain
2025-02-22,8:15,Kalanki,363,33.1,Medium,Clear
2025-03-13,10:45,Kalanki,800,35.1,Low,Clear
2025-04-13,13:15,Ratnapark,740,31.1,Low,Rain
2025-01-13,9:30,Chabahil,99,53.9,Medium,Clear
2025-02-13,9:30,Baneshwor,98,35.7,Medium,Fog
2025-04-03,12:30,Ratnapark,99,31.5,Medium,Rain
2025-02-14,13:30,Ratnapark,54,0.0,Medium,Rain
2025-02-22,14:45,Lalitpur,104,30.3,Low,Rain
2025-03-07,10:15,Koteshwor,751,37.7,Medium,Fog
2025-01-31,11:45,Ratnapark,54,34.8,High,Clear
2025-04-24,11:00,Lalitpur,828,33.9,Low,Cloudy
2025-01-11,13:15,Maharajgunj,482,36.9,Medium,Rain
2025-03-12,8:45,Maharajgunj,96,34.2,High,Clear
2025-03-19,11:00,Ratnapark,390,35.5,Low,Rain
2025-03-09,11:45,Chabahil,122,35.1,Low,Rain
2025-02-10,11:45,Maharajgunj,823,34.1,Low,Rain
2025-01-13,8:30,Baneshwor,55,35.6,Medium,Rain
2025-03-29,10:30,Chabahil,53,36.5,High,Clear
2025-03-25,13:45,Baneshwor,740,34.6,Low,Rain
2025-03-09,15:30,Lalitpur,52,34.1,High,Rain
2025-02-03,14:15,Maharajgunj,103,34.3,Medium,Clear
2025-02-19,12:45,Baneshwor,96,30.4,High,Rain
2025-04-19,13:45,Lalitpur,603,35.6,Low,Rain
2025-01-03,11:15,Baneshwor,101,32.6,Low,Fog
2025-01-20,8:15,Ratnapark,363,36.3,High,Cloudy
2025-02-02,13:45,Lalitpur,100,39.8,Low,Clear
2025-03-21,8:45,Baneshwor,96,25.2,Low,Cloudy
2025-03-11,8:15,Bhaktapur,972,45.4,Medium,Rain
2025-01-05,13:45,Chabahil,355,36.1,Low,Rain
2025-03-26,10:00,Kalanki,353,35.7,Medium,Fog
2025-04-05,14:45,Chabahil,943,35.5,Low,Clear
2025-02-12,11:15,Chabahil,462,34.6,Medium,Clear
2025-04-28,12:45,Ratnapark,677,33.1,Low,Cloudy
2025-04-06,15:00,Kalanki,97,36.2,Medium,Clear
2025-04-02,14:45,Baneshwor,47,21.4,High,Rain
2025-04-06,14:45,Chabahil,944,35.2,Low,Clear
2025-02-04,14:00,Lalitpur,103,25.9,Medium,Clear
2025-03-12,8:30,Lalitpur,103,17.9,Medium,Fog
2025-03-05,10:00,Ratnapark,829,59.9,Medium,Cloudy
2025-03-10,11:00,Baneshwor,101,52.4,Low,Fog
2025-01-21,14:45,Maharajgunj,102,54.8,Medium,Rain
2025-05-04,14:30,Maharajgunj,49,33.9,Medium,Rain
2025-03-03,9:00,Chabahil,45,34.2,High,Fog
2025-02-02,8:30,Lalitpur,53,34.8,Medium,Clear
2025-02-13,8:45,Bhaktapur,100,32.4,Low,Clear
2025-04-23,8:45,Koteshwor,47,9.6,High,Clear
2025-01-22,10:00,Maharajgunj,838,34.4,Medium,Cloudy
2025-03-31,10:30,Chabahil,54,32.9,High,Clear
2025-02-12,11:30,Maharajgunj,95,34.8,Medium,Cloudy
2025-04-17,10:00,Ratnapark,806,33.9,High,Cloudy
2025-03-06,12:15,Kalanki,96,37.0,Medium,Rain
2025-01-07,9:00,Maharajgunj,95,6.2,High,Clear
2025-03-21,11:30,Lalitpur,51,35.2,High,Rain
2025-03-01,13:45,Ratnapark,55,8.4,High,Rain
2025-02-09,13:30,Kalanki,226,7.8,Medium,Cloudy
2025-02-28,8:45,Ratnapark,100,5.6,Medium,Clear
2025-02-10,8:45,Bhaktapur,102,35.5,Low,Clear
2025-04-16,12:00,Lalitpur,912,0.0,Low,Fog
2025-04-20,14:00,Baneshwor,327,25.5,Low,Cloudy
2025-01-21,11:15,Ratnapark,51,32.1,Low,Rain
2025-03-27,15:00,Baneshwor,53,4.8,Low,Clear
2025-02-05,8:45,Maharajgunj,53,36.4,Medium,Fog
2025-04-16,9:15,Ratnapark,55,36.3,Medium,Fog
2025-02-24,11:00,Maharajgunj,45,47.8,Low,Fog
2025-04-10,14:00,Ratnapark,452,39.8,Low,Clear
2025-01-31,14:15,Maharajgunj,52,34.3,Medium,Cloudy
2025-02-15,14:15,Lalitpur,54,50.1,Medium,Fog
2025-04-22,9:00,Kalanki,874,36.8,High,Clear
2025-04-09,15:15,Chabahil,48,37.9,High,Rain
2025-04-10,14:00,Ratnapark,96,39.1,Low,Rain
2025-03-18,15:00,Maharajgunj,55,32.9,High,Fog
2025-01-23,11:15,Baneshwor,103,35.2,High,Clear
2025-01-08,10:45,Ratnapark,103,37.6,Low,Fog
2025-04-16,11:00,Baneshwor,52,34.5,Medium,Fog
2025-02-11,11:00,Maharajgunj,47,25.9,High,Clear
2025-01-22,11:00,Lalitpur,49,31.3,High,Cloudy
2025-03-01,14:00,Maharajgunj,46,37.3,High,Rain
2025-03-11,13:00,Kalanki,97,34.0,Low,Clear
2025-02-17,15:00,Ratnapark,45,33.5,Low,Rain
2025-01-17,14:15,Chabahil,98,35.6,Low,Rain
2025-02-25,9:30,Chabahil,316,60.3,Medium,Fog
2025-04-19,14:45,Chabahil,46,35.3,Low,Fog
2025-02-02,11:15,Maharajgunj,97,34.6,Low,Cloudy
2025-02-27,8:15,Baneshwor,561,38.2,High,Fog
2025-03-01,13:00,Lalitpur,50,34.7,Low,Fog
2025-02-23,11:15,Maharajgunj,51,18.2,Low,Clear
2025-04-07,11:30,Lalitpur,865,36.1,Medium,Clear
2025-03-19,13:15,Maharajgunj,98,42.7,Low,Rain
2025-01-12,9:15,Kalanki,377,34.8,Medium,Cloudy
2025-03-22,8:30,Ratnapark,175,36.9,High,Rain
2025-03-16,11:30,Chabahil,96,35.2,High,Fog
2025-01-01,12:15,Lalitpur,320,33.1,Low,Clear
2025-04-16,9:00,Baneshwor,804,33.1,High,Fog
2025-04-18,8:30,Kalanki,49,49.8,Low,Fog
2025-03-30,14:30,Maharajgunj,226,33.2,High,Rain
2025-03-06,10:30,Ratnapark,204,34.9,Medium,Fog
2025-02-04,13:45,Chabahil,856,37.1,Medium,Clear
2025-03-11,11:45,Koteshwor,50,56.6,High,Rain
2025-01-15,12:30,Baneshwor,399,22.6,Low,Clear
2025-02-16,15:15,Baneshwor,661,37.8,Low,Clear
2025-01-07,15:15,Maharajgunj,328,36.1,High,Cloudy
2025-01-05,9:45,Bhaktapur,101,37.0,Medium,Rain
2025-04-27,9:15,Ratnapark,816,15.5,Low,Fog
2025-02-13,14:30,Koteshwor,439,35.7,Medium,Clear
2025-03-23,13:45,Chabahil,53,36.7,Low,Fog
2025-01-21,13:15,Kalanki,103,59.4,Medium,Clear
2025-03-14,8:00,Chabahil,100,32.1,Low,Rain
2025-02-03,8:30,Lalitpur,46,37.4,Medium,Clear
2025-04-26,11:30,Chabahil,102,46.3,Medium,Fog
2025-03-10,13:30,Lalitpur,389,31.0,Low,Clear
2025-04-02,15:15,Baneshwor,100,18.0,Medium,Clear
2025-03-11,10:00,Ratnapark,101,36.2,Medium,Rain
2025-04-27,8:45,Koteshwor,95,34.3,Low,Rain
2025-04-23,8:15,Lalitpur,419,34.0,Medium,Cloudy
2025-01-15,9:30,Ratnapark,45,41.3,High,Fog
2025-01-27,9:00,Kalanki,942,33.8,High,Rain
2025-04-29,13:15,Ratnapark,45,34.6,Low,Clear
2025-04-25,12:30,Chabahil,105,36.6,High,Fog
2025-01-14,11:00,Chabahil,107,38.5,High,Rain
2025-01-23,8:15,Chabahil,656,50.1,Low,Cloudy
2025-03-18,11:00,Ratnapark,394,35.3,Low,Rain
2025-04-03,14:15,Ratnapark,368,37.0,Low,Fog
2025-03-14,8:45,Chabahil,49,33.0,Low,Clear
2025-03-18,12:15,Kalanki,100,37.2,Low,Fog
2025-01-27,14:00,Koteshwor,96,42.7,Medium,Fog
2025-04-21,8:15,Lalitpur,421,37.3,Medium,Cloudy
2025-01-07,10:45,Ratnapark,101,34.3,Low,Fog
2025-01-09,8:15,Chabahil,103,21.7,High,Rain
2025-04-17,9:00,Baneshwor,806,35.8,High,Fog
2025-02-26,12:30,Maharajgunj,914,34.8,High,Cloudy
2025-02-23,14:45,Lalitpur,98,32.6,Low,Rain
2025-03-10,12:00,Kalanki,474,38.6,Low,Rain
2025-02-27,12:45,Ratnapark,554,33.7,Low,Fog
2025-04-08,15:30,Maharajgunj,842,36.9,Low,Cloudy
2025-05-04,13:00,Koteshwor,55,36.7,Low,Clear
2025-03-01,12:15,Baneshwor,100,4.5,Low,Fog
2025-05-03,12:30,Chabahil,51,7.0,Medium,Rain
2025-02-21,11:15,Maharajgunj,52,14.4,Low,Clear
2025-04-04,13:15,Bhaktapur,99,33.3,Low,Fog
2025-03-14,11:30,Chabahil,97,38.5,High,Fog
2025-03-25,13:45,Baneshwor,741,34.6,Low,Rain
2025-03-15,11:30,Bhaktapur,808,36.8,Low,Clear
2025-02-21,9:15,Maharajgunj,102,36.0,Low,Rain
2025-02-11,9:30,Baneshwor,95,35.5,Medium,Fog
2025-04-28,15:45,Baneshwor,102,3.1,Low,Fog
2025-05-02,11:30,Koteshwor,97,40.5,Medium,Clear
2025-01-11,15:00,Kalanki,53,33.3,High,Rain
2025-04-09,13:45,Baneshwor,105,38.5,High,Cloudy
2025-01-12,8:15,Chabahil,96,20.4,High,Rain
2025-01-21,8:00,Bhaktapur,54,36.6,Medium,Rain
2025-03-26,8:00,Baneshwor,53,32.2,Medium,Clear
2025-01-31,11:45,Ratnapark,50,34.4,High,Clear
2025-04-20,13:45,Maharajgunj,692,35.2,High,Clear
2025-03-22,9:15,Bhaktapur,49,34.0,Low,Rain
2025-02-15,15:00,Koteshwor,54,34.6,Medium,Clear
2025-04-13,9:00,Chabahil,53,32.2,High,Fog
2025-02-18,14:00,Ratnapark,50,33.0,Low,Fog
2025-04-24,15:15,Lalitpur,801,36.0,Low,Fog
2025-03-20,8:45,Ratnapark,879,4.1,Medium,Rain
2025-03-31,10:15,Baneshwor,45,33.6,Medium,Fog
2025-01-07,10:30,Ratnapark,710,37.6,Low,Rain
2025-01-08,13:45,Chabahil,347,35.6,Low,Rain
2025-02-09,12:30,Chabahil,52,34.3,High,Fog
2025-04-13,13:15,Lalitpur,464,29.0,High,Clear
2025-03-25,14:15,Maharajgunj,453,36.2,High,Rain
2025-01-27,8:45,Kalanki,284,35.1,Medium,Clear
2025-01-19,9:45,Baneshwor,51,42.8,Low,Cloudy
2025-04-15,10:30,Lalitpur,55,31.3,Medium,Fog
2025-01-22,8:00,Bhaktapur,46,36.7,Medium,Rain
2025-02-20,11:45,Ratnapark,579,34.6,High,Clear
2025-02-16,13:15,Baneshwor,103,35.2,High,Cloudy
2025-04-14,12:00,Kalanki,53,33.5,High,Clear
2025-03-06,11:15,Lalitpur,96,33.2,Medium,Rain
2025-04-10,15:15,Chabahil,97,39.0,Low,Rain
2025-03-03,12:15,Kalanki,105,32.5,Medium,Rain
2025-04-19,9:30,Bhaktapur,103,19.9,High,Cloudy
2025-03-28,14:15,Lalitpur,95,38.0,Medium,Rain
2025-03-21,8:00,Bhaktapur,46,36.3,High,Cloudy
2025-03-31,8:30,Lalitpur,55,32.3,High,Clear
2025-03-24,10:00,Lalitpur,96,53.5,Medium,Rain
2025-03-31,10:30,Chabahil,54,35.9,High,Clear
2025-02-10,8:15,Ratnapark,47,35.5,Medium,Fog
2025-01-11,8:30,Maharajgunj,54,35.5,Low,Fog
2025-01-14,11:15,Kalanki,47,35.9,High,Cloudy
2025-02-03,8:00,Chabahil,54,36.0,Low,Rain
2025-01-03,15:00,Chabahil,46,25.4,High,Clear
2025-04-16,13:45,Maharajgunj,52,38.6,Low,Clear
2025-02-16,9:30,Ratnapark,683,34.7,High,Clear
2025-01-24,13:15,Chabahil,102,4.5,Low,Clear
2025-03-20,11:45,Ratnapark,46,34.9,High,Cloudy
2025-03-27,9:15,Maharajgunj,465,38.7,High,Clear
2025-03-08,9:45,Maharajgunj,105,20.0,Low,Cloudy
2025-02-15,15:15,Lalitpur,101,33.9,Medium,Rain
2025-04-27,10:15,Chabahil,99,35.1,High,Cloudy
2025-03-31,9:15,Baneshwor,101,32.4,Low,Clear
2025-03-01,12:15,Baneshwor,102,5.1,Low,Fog
2025-04-18,10:00,Kalanki,122,35.3,Low,Cloudy
2025-04-22,12:45,Ratnapark,96,18.0,High,Cloudy
2025-02-16,15:30,Chabahil,668,32.9,High,Clear
2025-01-15,9:00,Koteshwor,937,36.0,High,Rain
2025-01-25,10:00,Chabahil,857,53.8,Low,Clear
2025-04-09,10:15,Koteshwor,46,31.9,Medium,Clear
2025-02-08,9:15,Lalitpur,950,30.8,Low,Cloudy
2025-03-30,13:15,Maharajgunj,47,33.9,Low,Clear
2025-04-14,15:00,Kalanki,195,31.8,High,Cloudy
2025-01-27,10:00,Ratnapark,99,3.3,High,Clear
2025-04-22,12:00,Baneshwor,101,37.3,High,Cloudy
2025-04-23,8:15,Kalanki,104,34.8,Low,Fog
2025-02-08,13:45,Bhaktapur,54,34.5,Medium,Cloudy
2025-03-07,10:30,Ratnapark,201,34.6,Medium,Fog
2025-04-28,15:15,Maharajgunj,53,32.7,Medium,Clear
2025-04-29,13:45,Lalitpur,104,30.8,Medium,Clear
2025-01-16,12:30,Baneshwor,344,59.7,High,Rain
2025-03-10,15:30,Lalitpur,54,33.5,High,Rain
2025-02-24,10:15,Maharajgunj,968,33.8,High,Clear
2025-03-12,11:15,Chabahil,47,32.5,Low,Rain
2025-03-13,13:00,Ratnapark,99,34.2,Low,Clear
2025-01-24,8:30,Lalitpur,771,34.5,Low,Rain
2025-03-15,12:45,Chabahil,49,34.1,Medium,Fog
2025-02-27,15:30,Chabahil,98,35.1,Low,Fog
2025-03-05,9:15,Maharajgunj,55,34.8,Low,Fog
2025-04-09,15:30,Maharajgunj,845,35.5,Low,Cloudy
2025-03-13,13:00,Ratnapark,97,36.9,Low,Clear
2025-05-02,10:15,Lalitpur,100,36.2,Low,Cloudy
2025-02-01,14:30,Baneshwor,102,36.9,Medium,Rain
2025-01-19,11:00,Maharajgunj,98,33.3,Low,Clear
2025-03-14,12:30,Koteshwor,103,34.0,High,Fog
2025-02-16,11:30,Bhaktapur,100,36.3,Medium,Clear
2025-01-18,15:45,Bhaktapur,706,36.3,High,Fog
2025-04-29,12:45,Ratnapark,672,33.6,Low,Cloudy
2025-03-16,9:45,Chabahil,661,36.2,Low,Clear
2025-02-13,10:00,Lalitpur,99,33.1,Medium,Clear
2025-01-23,13:15,Maharajgunj,98,5.0,Medium,Rain
2025-03-26,15:30,Ratnapark,50,51.9,Medium,Cloudy
2025-01-25,9:15,Maharajgunj,97,32.2,High,Fog
2025-01-06,8:45,Chabahil,54,34.1,High,Cloudy
2025-04-14,10:00,Baneshwor,95,39.4,Low,Rain
2025-04-26,8:45,Koteshwor,101,35.4,Low,Rain
2025-01-03,10:45,Lalitpur,51,39.6,Medium,Rain
2025-01-08,8:00,Baneshwor,48,32.1,High,Cloudy
2025-01-03,12:30,Ratnapark,103,36.5,Low,Clear
2025-02-19,9:30,Bhaktapur,96,0.9,High,Cloudy
2025-03-12,10:00,Ratnapark,95,35.0,Medium,Rain
2025-01-13,14:45,Chabahil,47,36.3,Medium,Cloudy
2025-04-24,9:30,Koteshwor,560,36.7,Low,Cloudy
2025-02-25,13:00,Lalitpur,53,33.4,Low,Fog
2025-01-29,9:30,Baneshwor,46,37.1,Medium,Rain
2025-02-23,9:00,Bhaktapur,50,33.9,Medium,Fog
2025-01-03,14:30,Lalitpur,448,41.7,High,Clear
2025-03-15,11:30,Chabahil,99,34.1,High,Fog
2025-04-07,10:30,Maharajgunj,53,24.7,Medium,Cloudy
2025-01-15,10:15,Maharajgunj,47,38.1,Medium,Rain
2025-01-07,15:30,Lalitpur,95,47.1,Low,Rain
2025-01-11,10:45,Ratnapark,99,37.2,Low,Fog
2025-03-19,11:00,Koteshwor,45,2.1,Medium,Clear
2025-01-22,15:30,Kalanki,252,33.1,Low,Clear
2025-01-14,15:15,Bhaktapur,51,55.4,High,Rain
2025-02-11,12:30,Baneshwor,105,36.0,Medium,Rain
2025-01-15,13:00,Bhaktapur,922,32.9,Low,Rain
2025-04-04,8:15,Kalanki,229,30.9,Low,Rain
2025-03-01,12:30,Maharajgunj,913,33.0,High,Cloudy
2025-03-19,12:00,Chabahil,49,20.2,High,Rain
2025-02-06,15:00,Lalitpur,101,51.6,Medium,Clear
2025-03-26,11:15,Baneshwor,98,34.9,Low,Rain
2025-02-23,10:00,Maharajgunj,45,7.5,Medium,Clear
2025-03-24,8:30,Ratnapark,172,31.8,High,Rain
2025-04-27,11:00,Chabahil,95,25.5,High,Fog
2025-02-08,11:45,Lalitpur,47,15.5,Low,Rain
2025-01-08,12:00,Lalitpur,998,39.5,Low,Fog
2025-03-04,10:00,Ratnapark,833,57.9,Medium,Cloudy
2025-03-19,11:45,Koteshwor,881,37.6,Medium,Fog
2025-04-03,8:30,Bhaktapur,96,32.1,High,Fog
2025-01-07,11:15,Bhaktapur,103,36.8,High,Rain
2025-04-29,12:00,Koteshwor,98,33.8,High,Cloudy
2025-01-31,8:15,Bhaktapur,48,34.7,Low,Cloudy
2025-01-16,15:45,Kalanki,398,36.5,High,Clear
2025-03-05,8:30,Ratnapark,214,21.7,High,Cloudy
2025-03-06,11:45,Chabahil,128,35.4,Low,Rain
2025-03-19,13:15,Maharajgunj,101,43.1,Low,Rain
2025-04-14,15:45,Baneshwor,55,21.1,Medium,Rain
2025-02-05,13:15,Lalitpur,54,34.7,High,Rain
2025-05-04,13:30,Maharajgunj,930,35.5,Low,Clear
2025-01-23,14:15,Lalitpur,133,32.7,High,Clear
2025-02-02,11:45,Bhaktapur,105,7.4,Medium,Cloudy
2025-01-23,10:00,Ratnapark,103,1.0,High,Clear
2025-02-22,13:30,Maharajgunj,100,24.4,Medium,Fog
2025-01-02,9:00,Chabahil,967,36.9,Medium,Clear
2025-01-16,11:45,Bhaktapur,196,35.4,High,Clear
2025-01-11,15:15,Koteshwor,53,35.5,High,Fog
2025-03-28,14:15,Lalitpur,49,33.9,Medium,Fog
2025-03-06,14:30,Lalitpur,102,14.0,Low,Clear
2025-01-11,10:15,Ratnapark,51,36.7,High,Cloudy
2025-01-08,10:30,Ratnapark,716,35.1,Low,Rain
2025-03-04,13:30,Koteshwor,102,58.0,Low,Cloudy
2025-04-22,15:00,Lalitpur,103,31.9,Low,Cloudy
2025-04-01,15:30,Maharajgunj,96,35.3,High,Fog
2025-02-22,10:45,Lalitpur,54,32.7,Medium,Rain
2025-02-20,12:15,Lalitpur,49,50.8,Low,Fog
2025-01-30,8:45,Bhaktapur,52,35.8,Medium,Rain
2025-04-03,13:45,Lalitpur,47,32.3,Medium,Fog
2025-02-14,12:00,Chabahil,105,33.7,High,Clear
2025-02-03,11:45,Bhaktapur,105,9.5,Medium,Cloudy
2025-02-04,9:45,Koteshwor,100,33.8,High,Clear
2025-01-28,13:30,Kalanki,100,33.8,Low,Fog
2025-01-05,10:30,Ratnapark,51,34.6,High,Clear
2025-03-18,8:45,Ratnapark,886,3.5,Medium,Rain
2025-02-03,15:00,Ratnapark,97,38.0,Medium,Cloudy
2025-04-13,11:15,Chabahil,52,36.4,Low,Fog
2025-02-04,8:00,Bhaktapur,52,34.4,High,Rain
2025-01-13,13:00,Bhaktapur,929,39.2,Low,Rain
2025-03-27,14:15,Chabahil,52,16.0,Low,Fog
2025-02-02,11:45,Ratnapark,97,33.1,Medium,Rain
2025-03-25,14:15,Chabahil,50,15.5,Low,Fog
2025-02-26,12:00,Koteshwor,103,36.1,Medium,Fog
2025-02-04,8:30,Lalitpur,45,33.6,Medium,Clear
2025-05-04,9:00,Baneshwor,97,32.9,Low,Cloudy
2025-01-08,8:00,Chabahil,439,30.2,Low,Fog
2025-04-25,9:30,Lalitpur,52,34.3,Low,Clear
2025-03-08,11:45,Koteshwor,50,59.0,High,Rain
2025-04-26,11:30,Chabahil,104,44.5,Medium,Fog
2025-01-29,13:00,Chabahil,105,33.7,High,Cloudy
2025-02-08,9:00,Baneshwor,105,32.9,High,Cloudy
2025-04-08,9:15,Baneshwor,462,37.5,Medium,Clear
2025-01-20,12:45,Ratnapark,46,32.2,Low,Cloudy
2025-04-21,13:45,Lalitpur,605,33.0,Low,Rain
2025-02-28,15:00,Chabahil,100,35.0,High,Clear
2025-01-23,8:45,Bhaktapur,101,35.1,High,Fog
2025-03-28,13:15,Kalanki,859,34.9,High,Fog
2025-01-12,14:00,Chabahil,689,36.4,Low,Rain
2025-04-02,9:30,Bhaktapur,253,34.3,High,Clear
2025-04-21,14:00,Bhaktapur,105,35.8,Medium,Rain
2025-02-16,9:30,Ratnapark,678,37.3,High,Clear
2025-01-17,12:45,Bhaktapur,96,34.0,Low,Clear
2025-01-28,9:00,Baneshwor,649,39.9,Medium,Rain
2025-05-01,14:45,Ratnapark,304,38.9,High,Clear
2025-03-02,13:30,Koteshwor,772,54.7,Low,Rain
2025-04-13,14:00,Lalitpur,50,38.2,Low,Rain
2025-03-22,10:00,Baneshwor,96,39.0,High,Rain
2025-03-26,9:00,Lalitpur,47,10.4,Low,Cloudy
2025-01-25,10:30,Koteshwor,102,52.3,Low,Cloudy
2025-04-20,9:30,Bhaktapur,95,20.9,High,Cloudy
2025-03-04,10:00,Ratnapark,831,58.0,Medium,Cloudy
2025-03-10,14:15,Bhaktapur,97,35.2,Medium,Clear
2025-01-24,14:00,Lalitpur,275,35.6,Low,Fog
2025-02-18,8:45,Kalanki,97,35.4,Low,Cloudy
2025-04-23,14:00,Maharajgunj,55,35.0,Low,Clear
2025-02-27,13:30,Chabahil,236,35.3,Low,Fog
2025-02-03,12:15,Koteshwor,52,38.5,Medium,Clear
2025-04-15,11:45,Ratnapark,49,33.2,Medium,Clear
2025-01-31,11:00,Ratnapark,622,36.8,High,Fog
2025-01-10,11:45,Maharajgunj,103,47.4,High,Fog
2025-02-09,9:30,Ratnapark,49,31.8,Medium,Rain
2025-01-03,14:45,Baneshwor,48,31.4,Medium,Cloudy
2025-03-09,8:45,Bhaktapur,820,28.2,High,Rain
2025-02-02,11:00,Koteshwor,811,49.9,High,Cloudy
2025-03-18,14:15,Ratnapark,52,30.8,Medium,Cloudy
2025-04-13,15:45,Baneshwor,48,22.5,Medium,Rain
2025-02-04,8:00,Bhaktapur,45,36.1,High,Rain
2025-03-19,13:30,Kalanki,813,36.4,Medium,Clear
2025-03-28,10:30,Chabahil,48,48.5,High,Fog
2025-02-23,8:00,Kalanki,104,38.0,Medium,Cloudy
2025-04-16,12:45,Lalitpur,537,28.4,Medium,Cloudy
2025-03-08,14:30,Lalitpur,105,14.9,Low,Clear
2025-03-18,9:30,Lalitpur,54,34.2,High,Cloudy
2025-04-15,11:30,Lalitpur,97,2.7,Medium,Cloudy
2025-01-13,9:15,Kalanki,381,32.8,Medium,Cloudy
2025-02-15,10:00,Kalanki,53,12.6,Medium,Rain
2025-04-27,9:15,Ratnapark,824,19.9,Low,Fog
2025-03-13,10:15,Maharajgunj,103,10.1,High,Rain
2025-02-16,11:45,Baneshwor,101,48.9,High,Fog
2025-04-19,8:15,Lalitpur,420,34.4,Medium,Cloudy
2025-02-20,12:30,Chabahil,45,35.6,High,Clear
2025-02-27,8:45,Kalanki,590,15.7,High,Fog
2025-04-08,14:00,Ratnapark,454,38.0,Low,Clear
2025-01-14,8:30,Baneshwor,48,33.6,Medium,Rain
2025-04-20,8:00,Kalanki,54,35.4,High,Clear
2025-03-21,15:45,Kalanki,918,39.6,High,Rain
2025-02-25,10:00,Maharajgunj,46,7.2,Medium,Clear
2025-02-26,9:45,Koteshwor,771,36.7,Medium,Rain
2025-03-28,13:15,Kalanki,858,35.2,High,Fog
2025-01-22,13:00,Chabahil,105,35.6,Medium,Cloudy
2025-01-04,13:45,Kalanki,104,35.7,Low,Fog
2025-02-20,13:15,Baneshwor,103,32.1,High,Cloudy
2025-01-30,8:00,Chabahil,46,34.7,Low,Rain
2025-03-07,15:45,Bhaktapur,49,44.5,Low,Fog
2025-01-11,11:15,Koteshwor,282,4.9,High,Rain
2025-02-04,11:00,Koteshwor,805,49.2,High,Cloudy
2025-03-06,14:30,Kalanki,46,32.5,Medium,Clear
2025-03-18,11:00,Koteshwor,54,0.0,Medium,Clear
2025-01-29,13:45,Kalanki,48,38.9,Low,Rain
2025-03-19,10:45,Koteshwor,621,33.4,High,Rain
2025-03-12,14:45,Baneshwor,105,37.3,Low,Clear
2025-05-02,15:30,Baneshwor,99,38.2,Low,Cloudy
2025-04-18,8:30,Bhaktapur,53,35.1,Low,Fog
2025-05-03,14:45,Lalitpur,98,33.6,Medium,Fog
2025-02-01,9:45,Kalanki,97,12.0,Low,Fog
2025-04-20,10:45,Chabahil,442,16.4,Medium,Clear
2025-04-06,10:15,Maharajgunj,52,33.3,Medium,Clear
2025-02-01,10:45,Koteshwor,45,19.7,Low,Fog
2025-02-21,12:15,Lalitpur,53,49.9,Low,Fog
2025-03-12,12:15,Ratnapark,186,36.9,Low,Cloudy
2025-03-25,11:00,Baneshwor,105,34.4,Medium,Rain
2025-01-04,11:00,Kalanki,496,34.9,Low,Cloudy
2025-03-30,14:15,Lalitpur,52,36.3,Medium,Fog
2025-04-26,11:15,Baneshwor,670,34.7,Medium,Clear
2025-02-04,12:30,Koteshwor,806,39.4,High,Clear
2025-01-08,11:45,Maharajgunj,103,45.5,High,Fog
2025-04-17,12:00,Lalitpur,907,0.0,Low,Fog
2025-04-18,13:45,Lalitpur,598,40.3,Low,Rain
2025-03-13,10:30,Lalitpur,746,34.6,Medium,Fog
2025-01-08,11:15,Koteshwor,280,6.7,High,Rain
2025-04-27,8:30,Ratnapark,105,38.4,Low,Fog
2025-04-28,15:15,Maharajgunj,47,34.6,Medium,Clear
2025-01-16,10:30,Ratnapark,51,35.7,High,Clear
2025-03-19,15:15,Baneshwor,50,35.2,Low,Cloudy
2025-04-20,11:15,Maharajgunj,95,31.8,Medium,Rain
2025-02-26,10:15,Maharajgunj,976,31.9,High,Clear
2025-05-05,9:00,Baneshwor,102,35.1,Low,Cloudy
2025-03-27,14:45,Baneshwor,143,34.2,Medium,Fog
2025-03-30,8:00,Ratnapark,98,38.8,High,Rain
2025-01-16,9:00,Maharajgunj,100,6.5,Low,Cloudy
2025-01-09,13:45,Ratnapark,50,16.9,Low,Cloudy
2025-01-01,13:00,Koteshwor,51,34.0,Low,Fog
2025-03-22,15:30,Ratnapark,55,55.8,Medium,Cloudy
2025-02-10,13:45,Bhaktapur,49,36.0,Medium,Cloudy
2025-02-14,9:30,Baneshwor,99,36.1,Medium,Fog
2025-03-11,13:00,Ratnapark,98,34.0,Low,Clear
2025-03-18,15:00,Maharajgunj,187,36.2,High,Rain
2025-04-21,9:00,Bhaktapur,101,38.4,Low,Cloudy
2025-03-07,8:15,Bhaktapur,203,42.7,Medium,Fog
2025-01-12,8:30,Maharajgunj,54,34.3,Low,Fog
2025-03-18,15:15,Baneshwor,45,34.5,Low,Cloudy
2025-01-01,9:45,Bhaktapur,53,27.2,Low,Rain
2025-01-29,11:15,Ratnapark,52,16.7,Low,Rain
2025-03-30,13:30,Koteshwor,188,37.9,High,Clear
2025-04-16,12:00,Kalanki,53,35.6,High,Clear
2025-02-21,9:45,Bhaktapur,47,8.1,Medium,Rain
2025-01-17,11:15,Maharajgunj,819,35.8,Low,Rain
2025-03-12,8:30,Lalitpur,98,21.1,Medium,Fog
2025-02-17,13:30,Ratnapark,556,48.5,Low,Fog
2025-01-30,9:45,Koteshwor,50,37.7,High,Fog
2025-03-16,10:30,Bhaktapur,96,35.7,Low,Clear
2025-01-29,14:45,Bhaktapur,96,11.2,Low,Cloudy
2025-04-09,8:15,Koteshwor,398,36.8,High,Rain
2025-04-26,11:00,Chabahil,101,24.5,High,Fog
2025-01-16,9:30,Ratnapark,53,41.7,High,Fog
2025-03-25,15:00,Lalitpur,105,36.8,Low,Cloudy
2025-04-08,11:30,Kalanki,279,35.7,Medium,Fog
2025-03-05,11:15,Lalitpur,101,36.1,Medium,Rain
2025-01-18,13:15,Baneshwor,105,37.2,High,Rain
2025-03-08,13:30,Koteshwor,102,52.0,Low,Cloudy
2025-04-14,8:00,Lalitpur,656,36.6,High,Rain
2025-01-08,15:30,Lalitpur,97,49.3,Low,Rain
2025-04-18,15:30,Baneshwor,95,38.5,Low,Cloudy
2025-02-14,13:00,Baneshwor,51,32.8,Medium,Clear
2025-01-29,13:45,Kalanki,52,35.8,Low,Rain
2025-03-06,8:30,Ratnapark,215,20.1,High,Cloudy
2025-04-17,13:45,Chabahil,662,33.0,High,Fog
2025-04-30,13:45,Lalitpur,98,30.7,Medium,Clear
2025-04-22,13:45,Bhaktapur,104,28.2,Low,Cloudy
2025-03-02,15:30,Bhaktapur,788,48.3,Medium,Cloudy
2025-03-10,8:30,Lalitpur,103,18.3,Medium,Fog
2025-03-09,14:30,Kalanki,47,34.7,Medium,Clear
2025-03-03,15:00,Ratnapark,52,35.4,Medium,Fog
2025-03-13,8:00,Chabahil,105,33.3,Low,Rain
2025-03-12,8:30,Lalitpur,96,17.6,Medium,Fog
2025-03-13,9:45,Baneshwor,304,24.2,Medium,Clear
2025-03-04,14:00,Chabahil,897,33.9,High,Fog
2025-01-04,15:00,Chabahil,49,23.4,High,Clear
2025-03-15,11:15,Lalitpur,677,41.2,High,Rain
2025-01-29,10:30,Koteshwor,45,31.9,Medium,Fog
2025-05-05,10:30,Maharajgunj,355,36.1,Medium,Rain
2025-01-28,10:45,Bhaktapur,103,36.0,Low,Rain
2025-05-02,12:15,Baneshwor,50,35.8,Medium,Cloudy
2025-02-03,8:00,Bhaktapur,50,34.7,High,Rain
2025-04-11,14:00,Ratnapark,105,33.1,Low,Rain
2025-04-13,10:45,Bhaktapur,46,37.7,Medium,Clear
2025-04-04,8:15,Kalanki,225,29.8,Low,Rain
2025-04-20,15:30,Baneshwor,103,33.2,High,Cloudy
2025-04-03,15:15,Baneshwor,100,17.9,Medium,Clear
2025-01-14,10:45,Chabahil,55,33.5,High,Rain
2025-03-17,12:30,Kalanki,102,53.1,Low,Rain
2025-02-09,14:30,Ratnapark,99,34.2,Low,Clear
2025-04-18,12:45,Ratnapark,96,17.7,High,Cloudy
2025-03-07,9:00,Chabahil,48,33.2,High,Fog
2025-02-22,12:15,Chabahil,96,36.6,High,Fog
2025-02-23,8:00,Kalanki,95,34.8,Medium,Cloudy
2025-01-11,14:30,Maharajgunj,351,38.5,Low,Rain
2025-03-05,8:30,Bhaktapur,96,33.3,Medium,Fog
2025-01-14,11:15,Maharajgunj,815,31.5,Low,Rain
2025-02-08,8:30,Ratnapark,45,35.3,Medium,Cloudy
2025-01-22,12:45,Lalitpur,55,38.7,Medium,Fog
2025-01-28,12:30,Lalitpur,54,36.1,High,Cloudy
2025-02-11,12:30,Bhaktapur,97,41.4,Medium,Clear
2025-01-06,8:45,Chabahil,53,35.7,High,Cloudy
2025-02-05,8:30,Lalitpur,46,35.5,Medium,Clear
2025-04-04,11:45,Lalitpur,416,30.7,Low,Rain
2025-01-01,14:15,Baneshwor,394,35.9,Low,Fog
2025-01-08,10:30,Ratnapark,711,35.3,Low,Rain
2025-03-12,9:15,Baneshwor,51,52.2,Medium,Fog
2025-01-21,11:30,Chabahil,99,34.7,High,Cloudy
2025-04-23,8:45,Koteshwor,55,9.9,High,Clear
2025-01-23,15:30,Lalitpur,822,3.6,High,Fog
2025-03-21,8:00,Bhaktapur,50,39.2,High,Cloudy
2025-01-02,9:45,Bhaktapur,52,23.3,Low,Rain
2025-04-29,9:00,Maharajgunj,98,35.3,Low,Fog
2025-02-28,11:45,Koteshwor,727,34.2,Medium,Fog
2025-04-30,10:00,Bhaktapur,101,55.6,Low,Rain
2025-03-25,8:30,Baneshwor,100,35.4,Medium,Cloudy
2025-02-06,13:45,Ratnapark,48,34.4,High,Fog
2025-03-09,8:45,Bhaktapur,816,20.1,High,Rain
2025-03-23,9:00,Lalitpur,54,11.5,Low,Cloudy
2025-03-30,14:15,Lalitpur,48,34.4,Medium,Fog
2025-04-17,8:45,Koteshwor,95,34.9,Medium,Rain
2025-01-05,13:15,Ratnapark,49,32.6,Low,Clear
2025-02-12,8:00,Chabahil,102,53.9,High,Clear
2025-01-03,8:15,Maharajgunj,51,44.7,High,Unknown
2025-01-24,14:15,Lalitpur,134,33.9,High,Clear
2025-01-10,9:00,Maharajgunj,97,10.3,High,Clear
2025-03-16,8:00,Chabahil,105,36.2,Low,Rain
2025-01-14,8:30,Koteshwor,964,13.7,Medium,Rain
2025-04-13,14:45,Ratnapark,51,38.7,High,Rain
2025-02-09,11:30,Maharajgunj,105,33.1,Medium,Cloudy
2025-01-04,13:45,Lalitpur,97,34.5,High,Clear
2025-02-25,9:30,Chabahil,315,61.4,Medium,Fog
2025-04-04,13:45,Lalitpur,99,1.5,Medium,Clear
2025-03-19,9:30,Lalitpur,52,36.1,High,Cloudy
2025-04-17,9:00,Bhaktapur,101,34.2,Low,Cloudy
2025-03-21,13:00,Kalanki,103,7.8,High,Fog
2025-03-17,10:30,Bhaktapur,105,40.1,Low,Clear
2025-02-14,11:15,Chabahil,463,34.9,Medium,Clear
2025-03-25,13:45,Chabahil,55,34.7,Low,Fog
2025-02-09,12:30,Koteshwor,54,33.6,Medium,Cloudy
2025-03-13,13:00,Kalanki,95,34.5,Low,Clear
2025-04-07,11:30,Lalitpur,857,35.4,Medium,Clear
2025-03-23,13:15,Lalitpur,54,2.0,Medium,Rain
2025-01-13,14:15,Kalanki,847,18.8,High,Rain
2025-02-19,9:30,Bhaktapur,96,9.5,High,Cloudy
2025-02-15,13:30,Ratnapark,46,0.8,Medium,Rain
2025-01-25,10:00,Chabahil,858,54.1,Low,Clear
2025-02-15,14:15,Lalitpur,163,33.7,High,Fog
2025-03-29,14:15,Lalitpur,52,35.6,Medium,Fog
2025-01-07,12:45,Bhaktapur,646,32.9,Low,Fog
2025-02-06,13:45,Kalanki,96,1.9,High,Clear
2025-04-03,10:45,Lalitpur,97,32.1,High,Rain
2025-01-26,10:00,Chabahil,861,54.2,Low,Clear
2025-03-01,15:45,Baneshwor,49,35.9,High,Clear
2025-02-28,11:15,Koteshwor,53,19.7,High,Clear
2025-03-03,12:15,Baneshwor,102,7.9,Low,Fog
2025-04-02,9:15,Baneshwor,97,34.1,Low,Clear
2025-04-28,11:45,Ratnapark,103,9.3,High,Fog
2025-03-13,13:00,Kalanki,104,31.6,Low,Clear
2025-01-10,10:45,Ratnapark,97,32.4,Low,Fog
2025-01-04,14:30,Lalitpur,455,45.8,High,Clear
2025-03-20,13:45,Maharajgunj,102,35.6,High,Rain
2025-02-19,13:30,Bhaktapur,95,33.8,High,Rain
2025-04-18,10:00,Baneshwor,98,33.1,Low,Rain
2025-03-21,8:30,Ratnapark,168,33.3,High,Rain
2025-03-13,11:15,Chabahil,50,33.8,Low,Rain
2025-01-08,8:45,Chabahil,46,37.6,High,Cloudy
2025-02-08,14:45,Ratnapark,452,34.9,Medium,Clear
2025-04-17,13:45,Maharajgunj,49,36.1,Low,Clear
2025-03-18,10:45,Koteshwor,623,39.6,High,Rain
2025-03-18,12:45,Bhaktapur,100,42.7,Medium,Rain
2025-04-16,9:15,Ratnapark,55,33.8,Medium,Fog
2025-02-14,14:30,Koteshwor,444,37.6,Medium,Clear
2025-01-23,14:15,Lalitpur,140,31.8,High,Clear
2025-03-28,11:15,Baneshwor,100,34.1,Low,Rain
2025-01-30,10:30,Koteshwor,54,32.5,Medium,Fog
2025-01-12,11:15,Koteshwor,284,2.1,High,Rain
2025-03-05,12:15,Kalanki,104,34.2,Medium,Rain
2025-03-15,9:15,Koteshwor,48,3.0,Low,Rain
2025-01-12,12:30,Maharajgunj,802,42.4,High,Rain
2025-03-10,9:45,Maharajgunj,102,17.7,Low,Cloudy
2025-04-09,9:30,Chabahil,53,13.9,High,Rain
2025-01-21,15:30,Lalitpur,822,1.9,High,Fog
2025-01-29,15:45,Lalitpur,45,35.6,Medium,Fog
2025-04-28,8:00,Chabahil,47,37.6,Medium,Rain
2025-01-06,14:45,Baneshwor,144,34.7,Low,Cloudy
2025-04-26,11:15,Baneshwor,101,34.6,Medium,Clear
2025-01-14,15:30,Ratnapark,95,35.2,Low,Cloudy
2025-05-05,13:15,Maharajgunj,105,37.2,High,Rain
2025-04-24,13:45,Maharajgunj,48,31.2,High,Cloudy
2025-05-05,13:15,Maharajgunj,95,37.9,High,Rain
2025-03-04,13:30,Koteshwor,96,53.8,Low,Cloudy
2025-05-04,15:30,Baneshwor,105,35.1,Low,Cloudy
2025-03-09,9:45,Maharajgunj,95,20.4,Low,Cloudy
2025-04-08,15:15,Chabahil,99,33.6,Low,Rain
2025-02-09,8:30,Ratnapark,51,36.0,Medium,Cloudy
2025-01-30,15:30,Ratnapark,97,35.9,Low,Cloudy
2025-01-15,13:00,Bhaktapur,928,33.1,Low,Rain
2025-02-02,12:45,Ratnapark,172,57.9,High,Fog
2025-03-18,14:45,Lalitpur,49,52.6,High,Fog
2025-03-27,14:15,Chabahil,49,14.6,Low,Fog
2025-02-18,8:00,Lalitpur,102,36.7,Low,Rain
2025-01-22,8:15,Bhaktapur,524,33.9,Low,Cloudy
2025-03-13,14:45,Baneshwor,96,35.5,Low,Clear
2025-02-20,14:00,Chabahil,102,34.7,Low,Fog
2025-02-05,15:45,Chabahil,941,6.8,Medium,Rain
2025-04-08,12:00,Lalitpur,55,36.0,High,Rain
2025-01-01,11:00,Baneshwor,54,34.6,Medium,Clear
2025-04-24,14:30,Bhaktapur,104,32.1,High,Rain
2025-02-21,12:15,Lalitpur,46,45.4,Low,Fog
2025-02-14,13:30,Maharajgunj,98,36.6,Medium,Clear
2025-03-09,8:15,Bhaktapur,201,40.6,Medium,Fog
2025-01-14,9:45,Ratnapark,96,8.6,High,Clear
2025-01-04,8:15,Koteshwor,98,35.1,Medium,Cloudy
2025-01-09,13:15,Maharajgunj,491,34.3,Medium,Rain
2025-01-24,11:00,Lalitpur,45,38.9,High,Cloudy
2025-04-23,9:00,Kalanki,867,35.4,High,Clear
2025-01-11,14:30,Ratnapark,101,36.5,High,Fog
2025-04-17,13:45,Chabahil,654,35.6,High,Fog
2025-02-14,15:30,Ratnapark,45,34.5,High,Rain
2025-03-28,13:45,Ratnapark,241,35.0,Low,Rain
2025-02-27,10:45,Lalitpur,325,31.9,Low,Cloudy
2025-05-01,11:15,Bhaktapur,101,37.2,Low,Clear
2025-01-15,8:15,Ratnapark,98,38.9,High,Rain
2025-03-29,11:15,Baneshwor,99,35.4,Low,Rain
2025-01-01,8:15,Chabahil,98,33.2,High,Cloudy
2025-03-15,13:00,Lalitpur,929,34.1,Low,Rain
2025-04-01,11:45,Bhaktapur,410,32.6,Medium,Clear
2025-01-05,12:30,Ratnapark,100,36.5,Low,Clear
2025-04-29,15:45,Baneshwor,97,1.8,Low,Fog
2025-01-13,11:45,Bhaktapur,193,28.9,High,Clear
2025-02-28,10:15,Lalitpur,51,39.9,Medium,Cloudy
2025-05-02,12:30,Chabahil,51,7.9,Medium,Rain
2025-01-18,9:30,Baneshwor,764,5.8,Low,Cloudy
2025-02-19,13:00,Chabahil,298,38.3,Low,Cloudy
2025-03-24,13:00,Chabahil,45,0.0,Medium,Cloudy
2025-04-02,8:30,Lalitpur,50,35.3,High,Clear
2025-01-23,12:00,Lalitpur,106,20.8,Low,Rain
2025-02-12,15:00,Koteshwor,49,32.4,Medium,Clear
2025-04-24,15:15,Lalitpur,797,38.4,Low,Fog
2025-02-03,14:15,Ratnapark,48,36.8,Medium,Clear
2025-01-10,8:30,Maharajgunj,52,36.8,Low,Fog
2025-04-12,8:00,Baneshwor,106,35.7,Low,Rain
2025-03-01,12:45,Ratnapark,550,36.2,Low,Fog
2025-05-05,12:00,Koteshwor,103,32.5,High,Clear
2025-01-23,9:15,Koteshwor,195,35.2,High,Clear
2025-01-30,13:45,Lalitpur,97,38.1,Low,Clear
2025-04-07,11:00,Ratnapark,51,32.2,Low,Cloudy
2025-01-12,14:30,Maharajgunj,354,36.8,Low,Rain
2025-02-02,15:45,Chabahil,943,10.3,Medium,Rain
2025-04-28,13:15,Koteshwor,105,34.2,Low,Clear
2025-03-23,14:15,Maharajgunj,456,34.6,High,Rain
2025-01-08,13:00,Lalitpur,54,32.7,High,Clear
2025-04-27,12:30,Chabahil,104,35.0,High,Fog
2025-02-10,14:15,Ratnapark,481,36.5,Medium,Cloudy
2025-01-18,10:15,Maharajgunj,45,36.6,Medium,Rain
2025-02-26,13:15,Lalitpur,500,36.1,Low,Fog
2025-04-26,12:30,Chabahil,95,33.8,High,Fog
2025-04-07,13:00,Baneshwor,96,33.7,High,Cloudy
2025-05-05,13:15,Maharajgunj,103,36.6,High,Rain
2025-02-01,9:45,Koteshwor,99,36.6,High,Clear
2025-03-11,12:00,Kalanki,475,34.7,Low,Rain
2025-03-14,9:15,Koteshwor,103,33.1,Low,Rain
2025-01-16,8:30,Koteshwor,972,18.3,Medium,Rain
2025-02-11,14:45,Chabahil,723,34.3,Medium,Cloudy
2025-03-01,8:45,Ratnapark,97,6.5,Medium,Clear
2025-04-03,9:30,Maharajgunj,780,49.7,Medium,Rain
2025-04-27,10:30,Maharajgunj,49,32.9,Low,Fog
2025-03-03,10:15,Lalitpur,47,38.2,Medium,Cloudy
2025-04-22,11:15,Baneshwor,104,35.2,Medium,Clear
2025-01-15,9:00,Koteshwor,934,33.6,High,Rain
2025-01-07,13:45,Chabahil,347,35.2,Low,Rain
2025-04-18,12:00,Kalanki,50,32.4,High,Clear
2025-03-11,8:45,Maharajgunj,527,29.3,Low,Fog
2025-04-16,10:00,Baneshwor,96,38.9,Low,Rain
2025-01-16,14:30,Chabahil,100,33.8,Medium,Cloudy
2025-01-30,13:30,Kalanki,100,37.9,Low,Fog
2025-04-29,15:15,Maharajgunj,507,13.7,Low,Fog
2025-02-18,11:45,Ratnapark,581,32.6,High,Clear
2025-03-19,13:15,Maharajgunj,101,41.1,Low,Rain
2025-05-04,9:45,Maharajgunj,296,40.4,Medium,Rain
2025-03-12,11:30,Bhaktapur,817,33.3,Low,Clear
2025-03-26,13:45,Ratnapark,240,33.2,Low,Rain
2025-01-29,13:00,Chabahil,103,31.2,Medium,Clear
2025-01-04,8:15,Koteshwor,97,38.0,Medium,Cloudy
2025-02-07,12:30,Chabahil,46,35.4,High,Fog
2025-03-23,12:00,Ratnapark,54,8.6,Low,Cloudy
2025-03-19,11:00,Ratnapark,393,35.4,Low,Rain
2025-03-11,15:15,Chabahil,102,3.3,Low,Clear
2025-01-17,11:45,Bhaktapur,189,29.7,High,Clear
2025-01-29,11:15,Ratnapark,48,20.9,Low,Rain
2025-01-06,12:30,Ratnapark,96,35.4,Low,Clear
2025-03-25,11:45,Baneshwor,103,33.8,Medium,Cloudy
2025-03-01,14:00,Maharajgunj,54,31.1,High,Rain
2025-04-01,11:45,Bhaktapur,403,32.0,Medium,Clear
2025-01-29,13:15,Bhaktapur,104,24.3,High,Fog
2025-04-14,14:45,Ratnapark,46,38.0,High,Rain
2025-05-01,12:45,Ratnapark,674,36.5,Low,Cloudy
2025-04-29,13:45,Lalitpur,99,27.8,Medium,Clear
2025-02-20,9:30,Bhaktapur,51,10.0,High,Rain
2025-01-06,13:00,Lalitpur,45,35.9,High,Clear
2025-03-09,10:15,Koteshwor,747,36.3,Medium,Fog
2025-02-23,14:30,Bhaktapur,776,35.9,Low,Fog
2025-03-15,12:30,Kalanki,105,52.0,Low,Rain
2025-03-12,10:30,Lalitpur,743,32.6,Medium,Fog
2025-04-01,9:15,Ratnapark,46,34.0,High,Rain
2025-01-20,11:15,Ratnapark,48,36.3,Low,Rain
2025-04-09,10:15,Koteshwor,54,32.2,Medium,Clear
2025-02-07,8:15,Ratnapark,50,34.6,Medium,Fog
2025-03-31,12:45,Kalanki,126,47.6,Medium,Fog
2025-02-11,9:00,Baneshwor,104,33.6,High,Cloudy
2025-03-05,9:15,Maharajgunj,49,36.3,Low,Fog
2025-02-21,15:00,Kalanki,102,33.0,High,Cloudy
2025-03-26,8:00,Baneshwor,50,37.9,Medium,Clear
2025-02-28,11:30,Baneshwor,987,46.7,Low,Fog
2025-04-10,11:45,Chabahil,48,21.2,Low,Clear
2025-04-16,9:00,Baneshwor,806,33.9,High,Fog
2025-01-21,9:15,Koteshwor,191,35.3,High,Clear
2025-03-18,9:45,Chabahil,662,35.5,Low,Clear
2025-01-05,14:45,Baneshwor,45,35.4,Medium,Cloudy
2025-01-05,8:00,Chabahil,443,31.3,Low,Fog
2025-01-17,13:15,Chabahil,95,35.8,High,Fog
2025-02-15,12:00,Baneshwor,49,36.6,Medium,Clear
2025-04-19,13:45,Bhaktapur,101,28.9,Low,Cloudy
2025-03-21,8:45,Ratnapark,45,32.5,Medium,Cloudy
2025-03-17,13:15,Maharajgunj,95,42.5,Low,Rain
2025-01-06,11:45,Maharajgunj,100,45.9,High,Fog
2025-01-16,9:45,Ratnapark,101,5.8,High,Clear
2025-04-15,10:00,Baneshwor,100,34.4,Low,Rain
2025-02-12,12:45,Ratnapark,798,41.4,Low,Cloudy
2025-04-10,13:45,Kalanki,186,35.5,Low,Fog
2025-04-18,14:30,Baneshwor,47,37.1,Low,Cloudy
2025-03-29,15:30,Ratnapark,103,19.6,Medium,Clear
2025-02-20,14:45,Baneshwor,892,60.7,Medium,Clear
2025-01-22,8:15,Chabahil,654,50.0,Low,Cloudy
2025-02-04,15:15,Chabahil,104,35.2,Low,Clear
2025-01-11,15:00,Lalitpur,104,36.5,Medium,Rain
2025-04-09,12:45,Bhaktapur,51,36.0,Low,Clear
2025-03-01,10:00,Bhaktapur,47,19.9,Low,Fog
2025-04-25,9:15,Ratnapark,814,24.3,Low,Fog
2025-03-12,10:00,Ratnapark,47,19.9,Medium,Fog
2025-04-22,14:45,Chabahil,53,37.9,Low,Fog
2025-02-23,12:15,Chabahil,100,32.3,High,Fog
2025-03-10,10:15,Koteshwor,752,36.6,Medium,Fog
2025-01-06,10:30,Ratnapark,47,37.9,High,Clear
2025-02-10,14:45,Chabahil,725,31.2,Medium,Cloudy
2025-01-18,15:45,Kalanki,397,35.3,High,Clear
2025-02-21,13:30,Ratnapark,47,36.4,Low,Clear
2025-03-14,13:00,Ratnapark,101,35.5,Low,Clear
2025-01-28,11:15,Ratnapark,98,56.8,Low,Cloudy
2025-04-18,11:30,Kalanki,659,56.3,Medium,Rain
2025-01-27,14:15,Lalitpur,134,28.8,High,Clear
2025-04-04,9:30,Bhaktapur,253,39.7,High,Clear
2025-04-17,8:30,Bhaktapur,46,34.0,Low,Fog
2025-04-16,8:15,Kalanki,105,13.9,Medium,Clear
2025-04-05,11:45,Lalitpur,414,33.7,Low,Rain
2025-03-06,14:00,Chabahil,906,30.4,High,Fog
2025-02-27,8:15,Lalitpur,48,33.2,Medium,Clear
2025-03-11,10:00,Ratnapark,95,32.1,Medium,Rain
2025-04-23,13:45,Maharajgunj,47,35.2,High,Cloudy
2025-02-13,13:15,Lalitpur,281,33.8,Medium,Rain
2025-03-29,11:15,Baneshwor,104,34.0,Low,Rain
2025-03-20,12:45,Bhaktapur,101,42.9,Medium,Rain
2025-01-17,8:15,Ratnapark,100,35.2,High,Rain
2025-03-19,15:15,Ratnapark,45,33.6,Medium,Rain
2025-05-05,9:00,Baneshwor,103,37.0,Low,Cloudy
2025-03-13,14:00,Lalitpur,297,36.6,Low,Rain
2025-03-14,10:45,Kalanki,800,33.9,Low,Clear
2025-02-06,15:45,Chabahil,100,10.7,Medium,Clear
2025-03-30,14:30,Maharajgunj,226,35.0,High,Rain
2025-04-01,10:45,Bhaktapur,46,35.0,High,Clear
2025-03-23,14:15,Maharajgunj,462,32.1,High,Rain
2025-03-02,13:00,Ratnapark,52,4.9,High,Clear
2025-02-03,9:45,Koteshwor,102,35.6,High,Clear
2025-02-20,11:30,Ratnapark,50,37.7,Low,Cloudy
2025-04-25,14:30,Chabahil,53,33.5,Low,Cloudy
2025-03-11,15:15,Chabahil,97,9.6,Low,Clear
2025-01-31,11:00,Ratnapark,620,36.1,High,Fog
2025-03-19,11:45,Ratnapark,46,32.0,High,Cloudy
2025-04-18,8:30,Kalanki,50,47.3,Low,Fog
2025-04-24,11:00,Koteshwor,101,37.8,Medium,Cloudy
2025-02-13,10:00,Bhaktapur,967,37.5,High,Cloudy
2025-01-13,10:45,Chabahil,55,35.0,High,Rain
2025-02-03,13:45,Ratnapark,47,35.3,High,Fog
2025-03-03,11:30,Kalanki,786,31.7,Low,Cloudy
2025-02-07,11:45,Lalitpur,52,18.6,Low,Rain
2025-02-06,10:15,Koteshwor,50,41.0,High,Clear
2025-04-12,11:30,Baneshwor,681,36.7,High,Rain
2025-04-21,13:00,Maharajgunj,101,37.7,Medium,Fog
2025-04-06,10:15,Bhaktapur,102,35.1,Low,Clear
2025-04-30,10:15,Bhaktapur,869,24.9,High,Clear
2025-02-13,14:45,Lalitpur,972,32.7,High,Cloudy
2025-01-28,15:30,Ratnapark,96,35.5,Low,Cloudy
2025-04-05,10:15,Maharajgunj,48,34.6,Medium,Clear
2025-04-28,15:15,Maharajgunj,51,34.9,Medium,Clear
2025-03-17,13:00,Kalanki,96,33.5,Low,Cloudy
2025-01-02,10:30,Ratnapark,50,33.5,High,Clear
2025-01-02,11:15,Lalitpur,46,35.9,Low,Clear
2025-04-03,14:15,Bhaktapur,51,34.7,Low,Fog
2025-01-12,15:15,Koteshwor,96,35.7,Low,Cloudy
2025-04-26,10:15,Bhaktapur,868,20.0,High,Clear
2025-05-05,13:00,Koteshwor,53,34.8,Low,Clear
2025-03-30,8:30,Lalitpur,48,35.1,High,Clear
2025-02-22,11:00,Maharajgunj,99,32.8,Low,Clear
2025-01-24,12:30,Kalanki,103,35.0,Medium,Rain
2025-04-01,12:30,Bhaktapur,101,31.3,High,Cloudy
2025-01-20,15:45,Koteshwor,102,32.4,Medium,Cloudy
2025-04-15,11:45,Bhaktapur,55,38.6,Low,Clear
2025-02-02,12:45,Ratnapark,170,56.4,High,Fog
2025-03-19,10:00,Baneshwor,105,38.6,High,Rain
2025-02-18,15:00,Ratnapark,55,35.9,Low,Rain
2025-03-12,14:00,Baneshwor,98,36.1,High,Rain
2025-04-12,14:30,Kalanki,51,32.8,High,Cloudy
2025-03-24,11:00,Baneshwor,98,34.2,Medium,Rain
2025-03-09,9:15,Baneshwor,46,51.5,Medium,Fog
2025-04-26,10:30,Chabahil,104,48.9,Medium,Clear
2025-03-08,12:30,Koteshwor,736,54.3,High,Clear
2025-01-11,10:30,Koteshwor,572,36.7,Medium,Clear
2025-03-26,9:15,Kalanki,336,41.8,Medium,Rain
2025-01-14,9:45,Ratnapark,95,6.3,High,Clear
2025-04-09,8:00,Koteshwor,52,7.7,Medium,Fog
2025-04-29,8:30,Ratnapark,95,31.2,Low,Fog
2025-03-29,15:30,Maharajgunj,95,37.6,High,Fog
2025-02-08,10:30,Koteshwor,193,32.4,High,Rain
2025-01-17,9:45,Baneshwor,49,40.8,Low,Cloudy
2025-03-13,13:00,Kalanki,103,34.2,Low,Clear
2025-02-04,14:15,Maharajgunj,105,35.4,Medium,Clear
2025-02-22,10:00,Maharajgunj,54,4.9,Medium,Clear
2025-03-29,8:00,Ratnapark,46,28.8,Low,Cloudy
2025-03-21,13:15,Lalitpur,45,4.3,Medium,Rain
2025-04-14,14:30,Kalanki,45,31.6,High,Cloudy
2025-04-23,11:15,Baneshwor,102,32.0,Medium,Clear
2025-04-07,9:15,Baneshwor,464,34.8,Medium,Clear
2025-01-05,10:45,Maharajgunj,54,50.5,Medium,Clear
2025-04-08,8:00,Baneshwor,110,37.4,Low,Rain
2025-01-12,9:30,Ratnapark,46,37.6,High,Fog
2025-04-13,14:45,Ratnapark,53,38.1,High,Rain
2025-04-14,9:15,Ratnapark,103,37.1,High,Clear
2025-01-21,10:00,Baneshwor,96,45.5,Low,Cloudy
2025-04-06,14:45,Baneshwor,47,23.8,High,Rain
2025-03-14,11:30,Chabahil,96,35.2,High,Fog
2025-04-30,11:15,Bhaktapur,100,33.0,Low,Clear
2025-03-28,10:30,Chabahil,51,44.8,High,Fog
2025-03-31,10:30,Chabahil,50,33.9,High,Clear
2025-04-07,14:45,Baneshwor,97,33.6,Low,Rain
2025-02-25,13:15,Chabahil,259,35.3,Medium,Cloudy
2025-04-30,12:00,Koteshwor,96,34.4,High,Cloudy
2025-02-16,14:00,Ratnapark,46,33.5,Low,Fog
2025-03-27,10:00,Kalanki,355,34.5,Medium,Fog
2025-03-13,14:00,Lalitpur,293,37.1,Low,Rain
2025-01-05,12:45,Maharajgunj,913,36.9,Low,Rain
2025-03-29,13:15,Kalanki,862,31.8,High,Fog
2025-01-17,9:45,Ratnapark,102,7.4,High,Clear
2025-01-31,13:45,Kalanki,50,34.7,Low,Rain
2025-03-28,11:15,Baneshwor,103,32.6,Low,Rain
2025-04-29,15:15,Maharajgunj,55,34.8,Medium,Clear
2025-02-27,8:45,Kalanki,592,13.3,High,Fog
2025-01-09,10:30,Koteshwor,573,36.0,Medium,Clear
2025-04-19,11:15,Maharajgunj,98,35.2,Medium,Rain
2025-04-13,9:15,Ratnapark,53,33.2,Medium,Fog
2025-04-11,12:00,Lalitpur,54,39.0,High,Rain
2025-03-01,8:30,Baneshwor,786,36.7,Low,Fog
2025-05-03,15:00,Maharajgunj,99,36.1,High,Rain
2025-01-22,15:45,Koteshwor,569,37.0,Low,Rain
2025-01-08,8:15,Chabahil,99,23.5,High,Rain
2025-01-19,15:00,Koteshwor,99,37.6,Medium,Fog
2025-02-02,9:45,Chabahil,49,35.1,Low,Fog
2025-04-12,13:00,Baneshwor,799,11.0,High,Rain
2025-03-10,9:15,Baneshwor,50,54.3,Medium,Fog
2025-05-05,10:00,Bhaktapur,99,38.2,Medium,Fog
2025-03-25,8:30,Maharajgunj,46,38.0,Low,Rain
2025-01-15,15:30,Ratnapark,104,36.2,Low,Cloudy
2025-04-28,8:00,Chabahil,52,36.0,Medium,Rain
2025-02-05,15:45,Chabahil,100,10.4,Medium,Clear
2025-03-13,8:45,Maharajgunj,105,37.0,High,Clear
2025-03-28,8:45,Maharajgunj,104,37.6,High,Fog
2025-05-05,11:45,Lalitpur,105,34.5,High,Rain
2025-02-27,11:45,Koteshwor,725,37.6,Medium,Fog
2025-01-17,12:15,Kalanki,103,35.7,Low,Rain
2025-05-03,13:00,Koteshwor,55,36.3,Low,Clear
2025-03-19,9:15,Bhaktapur,55,37.8,Low,Rain
2025-03-25,9:30,Bhaktapur,98,36.5,High,Rain
2025-04-07,8:00,Kalanki,97,36.8,Low,Cloudy
2025-01-29,12:15,Kalanki,51,34.2,Low,Fog
2025-02-22,8:00,Kalanki,102,38.0,Medium,Cloudy
2025-03-05,11:45,Ratnapark,51,36.4,High,Clear
2025-03-30,13:45,Baneshwor,95,29.3,Low,Clear
2025-01-31,14:15,Chabahil,95,37.2,High,Cloudy
2025-03-12,9:00,Lalitpur,49,40.2,Low,Fog
2025-01-10,12:45,Chabahil,192,32.7,Medium,Fog
2025-01-09,13:45,Chabahil,355,36.4,Low,Rain
2025-04-30,12:00,Koteshwor,105,40.4,High,Cloudy
2025-04-30,12:30,Chabahil,47,9.9,Medium,Rain
2025-04-13,9:30,Kalanki,559,35.4,High,Clear
2025-02-01,9:45,Ratnapark,217,34.8,Low,Cloudy
2025-01-07,11:15,Bhaktapur,98,37.4,High,Rain
2025-01-22,15:45,Koteshwor,578,40.2,Low,Rain
2025-01-03,11:30,Koteshwor,51,33.7,Medium,Cloudy
2025-04-17,10:00,Ratnapark,801,34.8,High,Cloudy
2025-04-09,12:45,Koteshwor,802,34.3,High,Clear
2025-01-20,8:45,Kalanki,52,36.5,Medium,Rain
2025-03-25,13:00,Chabahil,48,3.4,Medium,Cloudy
2025-02-24,8:30,Chabahil,996,38.2,Low,Fog
2025-04-22,15:00,Lalitpur,98,36.5,Low,Cloudy
2025-04-11,12:00,Lalitpur,48,40.0,High,Rain
2025-02-27,9:45,Koteshwor,768,33.9,Medium,Rain
2025-04-01,15:15,Chabahil,45,19.3,Low,Clear
2025-03-05,9:30,Koteshwor,51,37.9,High,Cloudy
2025-02-24,8:15,Ratnapark,53,35.2,Medium,Cloudy
2025-02-10,15:00,Koteshwor,103,32.2,High,Clear
2025-01-31,8:15,Bhaktapur,45,34.4,Low,Cloudy
2025-03-20,8:30,Ratnapark,170,35.5,High,Rain
2025-02-15,10:00,Bhaktapur,964,33.7,High,Cloudy
2025-02-16,9:30,Bhaktapur,98,4.0,High,Cloudy
2025-02-28,9:15,Bhaktapur,102,34.6,Medium,Rain
2025-01-20,9:45,Baneshwor,48,40.9,Low,Cloudy
2025-04-20,14:45,Chabahil,52,36.3,Low,Fog
2025-03-26,15:45,Maharajgunj,98,31.1,Low,Cloudy
2025-01-15,13:15,Bhaktapur,961,32.2,Low,Clear
2025-03-20,13:30,Kalanki,817,36.0,Medium,Clear
2025-03-02,10:30,Ratnapark,45,34.8,Low,Rain
2025-01-19,10:30,Ratnapark,54,37.2,High,Clear
2025-01-14,15:00,Kalanki,46,32.3,High,Rain
2025-03-18,12:30,Lalitpur,51,33.6,High,Cloudy
2025-03-16,8:15,Lalitpur,54,0.3,Low,Clear
2025-01-03,12:30,Ratnapark,101,36.4,Low,Clear
2025-04-05,13:00,Baneshwor,97,35.4,High,Cloudy
2025-03-12,12:30,Koteshwor,731,57.3,High,Clear
2025-02-12,8:00,Chabahil,102,49.4,High,Clear
2025-02-06,8:30,Ratnapark,54,32.2,Medium,Cloudy
2025-01-18,13:15,Chabahil,105,38.6,High,Fog
2025-02-08,14:00,Ratnapark,55,32.1,High,Clear
2025-01-25,13:15,Kalanki,104,57.4,Medium,Clear
2025-04-05,11:00,Ratnapark,51,33.0,Low,Cloudy
2025-05-02,11:45,Lalitpur,104,30.9,High,Rain
2025-01-04,8:00,Kalanki,705,34.3,Low,Clear
2025-01-15,15:30,Ratnapark,95,36.8,Low,Cloudy
2025-02-24,11:00,Kalanki,362,33.6,High,Clear
2025-02-17,14:15,Lalitpur,156,36.2,High,Fog
2025-01-19,9:30,Lalitpur,95,36.5,High,Cloudy
2025-03-07,13:00,Chabahil,49,31.5,Low,Rain
2025-04-17,9:00,Bhaktapur,97,34.5,Low,Cloudy
2025-01-19,12:45,Bhaktapur,104,38.2,Low,Clear
2025-01-04,12:30,Ratnapark,102,36.3,Low,Clear
2025-05-01,15:15,Bhaktapur,411,36.5,Low,Rain
2025-03-05,14:45,Koteshwor,104,35.8,High,Cloudy
2025-03-28,15:30,Chabahil,53,33.6,Medium,Fog
2025-04-20,11:30,Baneshwor,934,37.2,Low,Rain
2025-02-17,11:30,Bhaktapur,105,37.2,Medium,Clear
2025-03-13,12:15,Ratnapark,188,35.2,Low,Cloudy
2025-02-07,14:30,Ratnapark,96,35.5,Low,Clear
2025-04-04,11:00,Ratnapark,53,33.0,Low,Cloudy
2025-04-22,11:15,Maharajgunj,96,32.3,Medium,Rain
2025-05-05,12:00,Koteshwor,97,34.2,High,Clear
2025-01-23,13:00,Chabahil,100,19.8,High,Cloudy
2025-03-27,10:15,Ratnapark,576,37.1,High,Rain
2025-01-10,8:00,Baneshwor,49,36.8,High,Cloudy
2025-04-07,15:15,Chabahil,96,36.4,Low,Rain
2025-04-12,15:15,Chabahil,48,37.4,High,Rain
2025-03-28,12:15,Lalitpur,55,33.1,High,Fog
2025-02-01,12:30,Lalitpur,55,37.2,High,Cloudy
2025-04-18,13:45,Lalitpur,597,33.4,Low,Rain
2025-01-23,8:00,Bhaktapur,49,37.5,Medium,Rain
2025-03-13,8:45,Chabahil,50,35.0,Low,Clear
2025-04-28,14:30,Bhaktapur,51,30.0,Low,Cloudy
2025-01-29,8:30,Kalanki,504,15.5,Low,Fog
2025-04-15,9:15,Ratnapark,102,36.6,High,Clear
2025-03-14,14:45,Baneshwor,103,34.1,Low,Clear
2025-01-25,8:30,Ratnapark,98,34.3,Low,Fog
2025-03-10,8:15,Bhaktapur,197,42.7,Medium,Fog
2025-02-15,9:00,Kalanki,101,37.1,Low,Clear
2025-04-09,13:45,Kalanki,190,30.3,Low,Fog
2025-04-15,8:45,Koteshwor,54,37.6,Medium,Cloudy
2025-02-09,11:00,Bhaktapur,105,33.4,Low,Clear
2025-04-19,10:15,Chabahil,53,38.7,Medium,Rain
2025-02-28,14:45,Chabahil,105,37.7,High,Clear
2025-02-12,15:00,Koteshwor,96,38.1,High,Clear
2025-03-06,14:30,Lalitpur,105,11.7,Low,Clear
2025-04-22,10:30,Baneshwor,100,31.8,High,Clear
2025-04-30,11:45,Ratnapark,104,9.8,High,Fog
2025-02-20,15:00,Kalanki,104,34.1,High,Cloudy
2025-04-16,13:15,Baneshwor,102,47.3,High,Clear
2025-03-19,15:15,Baneshwor,49,34.0,Low,Cloudy
2025-01-19,12:45,Ratnapark,49,34.6,Low,Cloudy
2025-04-12,14:00,Ratnapark,102,32.4,Low,Rain
2025-04-20,10:15,Chabahil,45,32.9,Medium,Rain
2025-02-20,10:15,Chabahil,820,34.6,High,Fog
2025-02-05,12:30,Koteshwor,813,40.7,High,Clear
2025-02-17,15:30,Ratnapark,53,33.2,High,Rain
2025-02-20,8:00,Ratnapark,50,35.6,Low,Clear
2025-01-28,11:15,Ratnapark,101,56.3,Low,Cloudy
2025-03-13,10:45,Kalanki,803,35.1,Low,Clear
2025-02-15,14:15,Lalitpur,164,33.7,High,Fog
2025-03-12,9:45,Baneshwor,302,19.3,Medium,Clear
2025-02-23,13:15,Lalitpur,500,38.4,Low,Fog
2025-01-01,8:15,Kalanki,50,7.3,Medium,Fog
2025-03-25,14:00,Ratnapark,544,37.0,Low,Fog
2025-02-20,8:00,Ratnapark,48,34.8,Low,Clear
2025-03-28,9:45,Koteshwor,104,8.7,Low,Rain
2025-03-09,8:15,Bhaktapur,199,44.0,Medium,Fog
2025-04-09,9:30,Chabahil,50,10.3,High,Rain
2025-04-26,13:15,Koteshwor,103,32.8,Low,Clear
2025-01-11,15:15,Koteshwor,48,33.4,High,Fog
2025-01-30,13:45,Lalitpur,99,39.1,Low,Clear
2025-04-03,11:45,Lalitpur,413,33.2,Low,Rain
2025-02-01,12:15,Koteshwor,47,35.7,Medium,Clear
2025-02-08,9:30,Ratnapark,46,35.2,Medium,Rain
2025-04-06,9:15,Maharajgunj,102,57.8,High,Cloudy
2025-01-31,12:30,Lalitpur,54,39.9,High,Cloudy
2025-01-21,14:30,Chabahil,103,32.5,Medium,Clear
2025-01-11,14:30,Ratnapark,104,35.3,High,Fog
2025-02-22,15:00,Kalanki,105,35.3,High,Cloudy
2025-01-10,10:15,Ratnapark,53,35.0,High,Cloudy
2025-02-02,12:00,Chabahil,100,32.8,Low,Cloudy
2025-01-07,14:30,Ratnapark,105,33.2,High,Fog
2025-03-21,12:00,Chabahil,53,17.5,High,Rain
2025-02-14,9:15,Chabahil,326,33.1,High,Cloudy
2025-04-04,11:30,Lalitpur,858,35.3,Medium,Clear
2025-04-30,9:45,Maharajgunj,294,42.5,Medium,Rain
2025-03-30,8:00,Ratnapark,45,31.3,Low,Cloudy
2025-02-23,14:00,Lalitpur,99,33.1,Low,Rain
2025-03-20,13:30,Kalanki,812,35.3,Medium,Clear
2025-01-17,12:45,Bhaktapur,105,33.2,Low,Clear
2025-04-01,10:15,Baneshwor,45,35.3,Medium,Fog
2025-01-15,10:45,Chabahil,55,37.7,High,Rain
2025-02-01,9:45,Kalanki,105,11.5,Low,Fog
2025-05-03,15:15,Koteshwor,101,35.6,High,Fog
2025-01-04,14:45,Baneshwor,46,36.6,Medium,Cloudy
2025-03-12,10:00,Ratnapark,102,32.2,Medium,Rain
2025-02-13,13:00,Koteshwor,222,38.4,High,Rain
2025-02-18,14:00,Koteshwor,98,46.9,Low,Clear
2025-01-19,13:15,Chabahil,103,36.8,High,Fog
2025-03-22,10:00,Kalanki,898,36.5,Medium,Cloudy
2025-03-10,9:30,Baneshwor,102,33.2,Low,Cloudy
2025-04-07,8:45,Baneshwor,104,15.0,Medium,Clear
2025-01-01,9:45,Bhaktapur,47,25.0,Low,Rain
2025-04-24,13:45,Maharajgunj,47,36.8,High,Cloudy
2025-01-12,12:30,Maharajgunj,796,42.4,High,Rain
2025-03-09,14:15,Bhaktapur,103,34.8,Medium,Clear
2025-01-06,11:45,Maharajgunj,103,46.0,High,Fog
2025-02-20,12:15,Lalitpur,49,45.5,Low,Fog
2025-04-02,10:45,Lalitpur,103,34.4,High,Rain
2025-05-04,8:45,Maharajgunj,50,38.4,High,Fog
2025-02-12,10:15,Maharajgunj,52,35.5,High,Fog
2025-04-22,15:15,Lalitpur,805,32.2,Low,Fog
2025-01-03,13:00,Baneshwor,102,43.5,Medium,Cloudy
2025-02-03,9:45,Koteshwor,104,36.2,High,Clear
2025-02-10,9:30,Ratnapark,51,36.4,Medium,Clear
2025-01-05,15:45,Chabahil,98,31.3,High,Fog
2025-03-31,13:15,Maharajgunj,48,36.4,Low,Clear
2025-03-11,10:30,Lalitpur,743,34.5,Medium,Fog
2025-02-19,9:30,Bhaktapur,53,6.6,High,Rain
2025-03-24,9:15,Maharajgunj,51,30.3,High,Cloudy
2025-04-30,10:00,Bhaktapur,99,57.0,Low,Rain
2025-01-04,10:30,Ratnapark,49,35.4,High,Clear
2025-03-01,10:00,Bhaktapur,52,16.9,Low,Fog
2025-03-31,9:15,Baneshwor,100,35.8,Low,Clear
2025-02-11,15:00,Koteshwor,95,35.7,High,Clear
2025-04-05,14:30,Baneshwor,45,37.4,Low,Cloudy
2025-03-11,8:15,Chabahil,332,38.4,High,Cloudy
2025-04-20,10:15,Bhaktapur,102,35.0,High,Rain
2025-04-10,11:30,Baneshwor,685,33.7,High,Rain
2025-01-01,12:15,Lalitpur,315,36.2,Low,Clear
2025-04-28,14:45,Ratnapark,540,4.4,High,Clear
2025-04-29,15:45,Ratnapark,1002,0.0,High,Cloudy
2025-03-12,12:30,Koteshwor,97,34.9,High,Fog
2025-05-02,12:30,Chabahil,54,6.5,Medium,Rain
2025-04-18,8:30,Kalanki,47,52.2,Low,Fog
2025-02-20,8:45,Kalanki,96,38.9,Low,Cloudy
2025-02-08,15:00,Lalitpur,96,49.1,Medium,Clear
2025-02-10,11:45,Maharajgunj,823,32.2,Low,Rain
2025-03-20,13:30,Kalanki,818,35.7,Medium,Clear
2025-02-03,15:00,Ratnapark,98,34.0,Medium,Cloudy
2025-04-12,13:15,Lalitpur,461,32.3,High,Clear
2025-04-26,13:45,Maharajgunj,50,31.4,High,Cloudy
2025-01-27,12:30,Maharajgunj,101,36.1,Low,Cloudy
2025-04-01,11:45,Bhaktapur,405,35.2,Medium,Clear
2025-04-02,12:00,Lalitpur,50,33.6,Medium,Clear
2025-05-05,10:30,Maharajgunj,354,35.5,Medium,Rain
2025-02-18,10:45,Lalitpur,48,36.8,Medium,Rain
2025-04-27,14:30,Chabahil,54,35.2,Low,Cloudy
2025-04-19,12:00,Baneshwor,48,11.2,Low,Clear
2025-03-04,8:30,Koteshwor,104,33.3,High,Clear
2025-02-21,13:30,Maharajgunj,99,25.3,Medium,Fog
2025-01-10,14:30,Ratnapark,97,37.1,High,Fog
2025-03-03,12:15,Baneshwor,505,34.2,Medium,Rain
2025-01-17,12:15,Kalanki,96,34.8,Low,Rain
2025-04-11,11:45,Chabahil,53,21.8,Low,Clear
2025-01-22,11:30,Chabahil,95,32.7,High,Cloudy
2025-01-28,14:00,Lalitpur,274,36.2,Low,Fog
2025-01-28,13:45,Kalanki,49,33.9,Low,Rain
2025-05-05,13:00,Koteshwor,52,38.6,Low,Clear
2025-02-01,9:45,Koteshwor,50,35.1,High,Fog
2025-03-09,10:45,Chabahil,50,30.5,High,Clear
2025-01-01,15:00,Chabahil,50,19.5,High,Clear
2025-03-09,8:45,Bhaktapur,816,21.5,High,Rain
2025-04-26,15:00,Ratnapark,95,16.5,Low,Rain
2025-02-08,11:45,Maharajgunj,820,35.5,Low,Rain
2025-04-04,14:45,Baneshwor,54,19.0,High,Rain
2025-04-24,15:00,Bhaktapur,976,3.5,Low,Cloudy
2025-03-14,11:30,Chabahil,100,34.6,High,Fog
2025-03-18,9:15,Bhaktapur,49,30.8,Low,Rain
2025-05-03,9:00,Ratnapark,894,26.1,High,Fog
2025-02-01,10:15,Koteshwor,95,33.2,Medium,Rain
2025-04-11,11:15,Chabahil,49,34.3,Low,Fog
2025-04-05,11:30,Lalitpur,858,38.1,Medium,Clear
2025-04-27,10:00,Koteshwor,45,60.5,High,Cloudy
2025-04-18,15:45,Baneshwor,98,29.8,Low,Fog
2025-01-24,9:15,Koteshwor,191,36.2,High,Clear
2025-03-25,13:45,Ratnapark,246,33.9,Low,Rain
2025-03-06,8:45,Bhaktapur,821,23.4,High,Rain
2025-03-02,9:15,Maharajgunj,49,33.8,Low,Fog
2025-02-20,13:30,Bhaktapur,102,31.6,High,Rain
2025-04-01,12:30,Ratnapark,102,35.2,Medium,Rain
2025-03-19,15:00,Maharajgunj,55,35.6,High,Fog
2025-04-02,12:30,Bhaktapur,103,33.7,High,Cloudy
2025-03-07,9:15,Bhaktapur,97,15.2,Medium,Clear
2025-03-12,13:30,Koteshwor,97,56.1,High,Clear
2025-04-18,11:30,Lalitpur,103,1.7,Medium,Cloudy
2025-04-20,8:30,Bhaktapur,883,36.1,Medium,Rain
2025-02-13,11:15,Chabahil,464,31.9,Medium,Clear
2025-01-28,11:45,Ratnapark,45,36.8,High,Clear
2025-01-30,13:00,Chabahil,101,34.2,High,Cloudy
2025-01-23,15:45,Koteshwor,104,37.0,Medium,Cloudy
2025-02-14,12:45,Ratnapark,799,43.6,Low,Cloudy
2025-02-05,9:00,Lalitpur,97,36.3,Low,Rain
2025-02-08,13:30,Maharajgunj,49,33.4,Medium,Clear
2025-01-21,13:00,Kalanki,47,0.0,Low,Clear
2025-04-13,12:30,Chabahil,102,32.1,Low,Rain
2025-03-09,11:00,Baneshwor,99,53.2,Low,Fog
2025-01-10,14:00,Chabahil,690,36.7,Low,Rain
2025-02-28,15:30,Chabahil,104,33.8,Low,Fog
2025-01-09,12:15,Baneshwor,50,34.7,Low,Rain
2025-02-08,9:00,Baneshwor,96,34.2,High,Cloudy
2025-03-10,14:00,Baneshwor,102,36.6,High,Rain
2025-01-29,11:15,Maharajgunj,103,35.9,Low,Cloudy
2025-03-05,14:00,Maharajgunj,47,36.3,High,Rain
2025-03-10,14:45,Baneshwor,100,35.4,Low,Clear
2025-03-27,8:45,Maharajgunj,100,35.6,High,Fog
2025-04-11,10:00,Baneshwor,96,35.4,Low,Fog
2025-04-14,12:30,Ratnapark,673,56.0,High,Clear
2025-01-10,12:45,Chabahil,192,36.5,Medium,Fog
2025-02-24,10:45,Lalitpur,326,29.7,Low,Cloudy
2025-04-17,11:45,Bhaktapur,55,35.2,Low,Clear
2025-01-20,10:30,Maharajgunj,656,36.1,Medium,Cloudy
2025-04-12,12:45,Kalanki,189,0.5,Medium,Clear
2025-02-17,10:45,Baneshwor,127,36.2,Medium,Fog
2025-02-08,8:30,Chabahil,47,34.8,Low,Rain
2025-01-08,15:15,Maharajgunj,329,36.6,High,Cloudy
2025-01-23,15:45,Koteshwor,575,34.9,Low,Rain
2025-02-22,13:00,Koteshwor,351,36.4,Medium,Rain
2025-03-20,14:15,Ratnapark,50,31.1,Medium,Cloudy
2025-04-12,11:45,Ratnapark,46,31.2,Medium,Clear
2025-01-23,14:30,Chabahil,102,36.2,Medium,Clear
2025-04-14,15:15,Bhaktapur,49,34.3,Medium,Rain
2025-04-01,14:30,Maharajgunj,225,39.4,High,Rain
2025-02-18,11:15,Ratnapark,95,36.1,High,Clear
2025-02-28,11:45,Kalanki,54,35.0,Low,Fog
2025-03-18,15:00,Maharajgunj,46,36.6,High,Fog
2025-02-28,15:45,Baneshwor,55,34.0,High,Clear
2025-03-28,8:45,Maharajgunj,98,36.8,High,Fog
2025-02-27,8:30,Baneshwor,786,36.8,Low,Fog
2025-04-10,13:45,Baneshwor,103,37.5,High,Cloudy
2025-04-15,11:45,Bhaktapur,50,36.1,Low,Clear
2025-04-10,10:15,Koteshwor,52,32.6,Medium,Clear
2025-03-07,11:30,Kalanki,783,32.8,Low,Cloudy
2025-03-12,10:45,Bhaktapur,104,29.4,Medium,Fog
2025-01-08,11:15,Koteshwor,281,7.3,High,Rain
2025-05-04,11:15,Bhaktapur,95,39.4,Low,Clear
2025-05-02,10:00,Bhaktapur,98,54.7,Low,Rain
2025-04-01,13:45,Lalitpur,54,35.0,Medium,Fog
2025-05-05,10:30,Maharajgunj,346,34.3,Medium,Rain
2025-01-01,8:15,Kalanki,55,7.6,Medium,Fog
2025-03-10,11:45,Bhaktapur,55,24.4,Low,Clear
2025-04-07,15:00,Kalanki,103,38.6,Medium,Clear
2025-02-12,9:30,Baneshwor,96,37.3,Medium,Fog
2025-03-24,13:00,Chabahil,51,3.2,Medium,Cloudy
2025-03-23,14:15,Lalitpur,691,36.7,High,Rain
2025-03-16,15:45,Ratnapark,503,34.9,Low,Rain
2025-03-18,11:45,Koteshwor,877,39.5,Medium,Fog
2025-05-02,12:30,Chabahil,51,9.0,Medium,Rain
2025-04-05,9:30,Maharajgunj,784,50.8,Medium,Rain
2025-04-21,11:15,Maharajgunj,103,32.1,Medium,Rain
2025-01-26,8:00,Baneshwor,907,34.7,Low,Rain
2025-02-16,14:00,Chabahil,998,33.3,High,Rain
2025-04-24,14:00,Maharajgunj,50,37.0,Low,Clear
2025-03-08,10:00,Ratnapark,104,33.9,Medium,Rain
2025-04-22,12:00,Baneshwor,101,35.7,High,Cloudy
2025-02-20,14:45,Baneshwor,51,33.6,Medium,Rain
2025-02-01,8:45,Bhaktapur,54,42.2,Medium,Rain
2025-03-02,11:30,Baneshwor,987,45.6,Low,Fog
2025-04-10,10:15,Chabahil,679,37.0,High,Rain
2025-02-01,12:30,Bhaktapur,51,32.4,High,Fog
2025-02-21,14:45,Baneshwor,894,59.0,Medium,Clear
2025-04-26,9:00,Kalanki,97,35.4,Medium,Cloudy
2025-03-17,9:30,Lalitpur,45,35.5,High,Cloudy
2025-01-02,14:15,Baneshwor,393,35.5,Low,Fog
2025-02-03,9:30,Maharajgunj,114,18.3,Medium,Clear
2025-04-08,8:45,Baneshwor,99,11.7,Medium,Clear
2025-01-01,15:00,Chabahil,54,20.7,High,Clear
2025-02-26,15:45,Lalitpur,929,35.1,Medium,Clear
2025-03-09,12:30,Koteshwor,739,53.4,High,Clear
2025-04-14,10:00,Ratnapark,800,34.9,High,Cloudy
2025-04-08,14:45,Baneshwor,97,36.5,Low,Rain
2025-01-02,14:30,Lalitpur,449,42.2,High,Clear
2025-04-02,12:30,Ratnapark,104,35.4,Medium,Rain
2025-05-04,14:45,Lalitpur,95,34.2,Medium,Fog
2025-02-01,10:00,Maharajgunj,105,49.9,High,Fog
2025-04-15,9:15,Ratnapark,48,35.3,Medium,Fog
2025-02-08,9:15,Chabahil,98,37.4,High,Cloudy
2025-04-18,9:00,Baneshwor,809,35.9,High,Fog
2025-01-19,11:45,Baneshwor,681,46.4,High,Cloudy
2025-02-06,12:30,Koteshwor,805,41.6,High,Clear
2025-02-23,9:45,Bhaktapur,51,7.3,Medium,Rain
2025-03-29,14:45,Baneshwor,148,36.4,Medium,Fog
2025-01-07,10:45,Ratnapark,101,34.3,Low,Fog
2025-03-27,13:45,Ratnapark,250,35.7,Low,Rain
2025-03-20,12:30,Lalitpur,48,34.0,High,Cloudy
2025-02-26,14:45,Chabahil,99,34.0,High,Clear
2025-04-18,12:45,Maharajgunj,750,31.9,Low,Rain
2025-05-04,9:45,Bhaktapur,103,36.0,High,Fog
2025-02-05,8:30,Lalitpur,46,35.7,Medium,Clear
2025-01-15,11:15,Maharajgunj,820,35.9,Low,Rain
2025-03-13,10:00,Ratnapark,53,21.6,Medium,Fog
2025-04-10,14:45,Bhaktapur,54,33.5,Low,Rain
2025-01-12,12:30,Maharajgunj,793,43.9,High,Rain
2025-01-24,11:15,Ratnapark,98,58.0,Low,Cloudy
2025-04-19,13:45,Chabahil,658,33.4,High,Fog
2025-01-31,9:45,Ratnapark,223,36.1,Low,Cloudy
2025-05-05,10:45,Ratnapark,50,36.7,Medium,Rain
2025-02-28,11:00,Maharajgunj,98,10.1,Low,Cloudy
2025-01-30,14:00,Koteshwor,96,42.4,Medium,Fog
2025-01-05,10:30,Ratnapark,49,36.1,High,Clear
2025-01-16,13:15,Bhaktapur,960,29.0,Low,Clear
2025-04-30,8:00,Chabahil,52,32.8,Medium,Rain
2025-03-09,8:15,Bhaktapur,199,41.0,Medium,Fog
2025-01-24,13:15,Maharajgunj,105,0.4,Medium,Rain
2025-04-01,13:15,Bhaktapur,95,37.2,Low,Fog
2025-04-15,12:00,Lalitpur,912,0.0,Low,Fog
2025-04-09,12:45,Bhaktapur,48,35.7,Low,Clear
2025-03-22,11:00,Maharajgunj,659,12.6,Medium,Clear
2025-03-13,8:45,Chabahil,45,34.4,Low,Clear
2025-02-10,12:30,Bhaktapur,101,33.7,Medium,Clear
2025-04-14,12:45,Lalitpur,537,30.5,Medium,Cloudy
2025-03-21,12:45,Chabahil,357,35.0,High,Rain
2025-04-07,12:00,Baneshwor,536,37.0,Medium,Fog
2025-02-03,11:30,Koteshwor,287,29.7,High,Clear
2025-04-29,8:00,Chabahil,45,33.2,Medium,Rain
2025-01-30,8:30,Kalanki,496,15.1,Low,Fog
2025-02-24,11:00,Maharajgunj,45,51.1,Low,Fog
2025-04-12,13:45,Kalanki,186,36.5,Low,Fog
2025-02-25,13:00,Lalitpur,47,35.5,Low,Fog
2025-03-06,14:45,Koteshwor,95,34.7,High,Cloudy
2025-01-03,8:00,Kalanki,705,34.4,Low,Clear
2025-01-13,14:15,Kalanki,850,22.7,High,Rain
2025-04-03,8:30,Bhaktapur,104,38.1,High,Fog
2025-03-07,14:30,Lalitpur,101,14.0,Low,Clear
2025-04-21,12:00,Baneshwor,104,35.2,High,Cloudy
2025-01-06,9:45,Maharajgunj,254,4.1,Medium,Clear
2025-01-27,8:30,Lalitpur,774,36.7,Low,Rain
2025-02-05,9:15,Chabahil,100,35.8,High,Cloudy
2025-03-22,15:00,Lalitpur,101,33.5,Low,Cloudy
2025-02-15,12:30,Baneshwor,95,38.6,Medium,Rain
2025-04-24,8:00,Koteshwor,95,35.5,Low,Cloudy
2025-05-01,11:45,Ratnapark,96,16.0,High,Fog
2025-01-04,14:30,Lalitpur,216,35.4,High,Fog
2025-04-13,9:15,Ratnapark,96,34.5,High,Clear
2025-01-19,15:30,Maharajgunj,369,37.8,Medium,Cloudy
2025-03-08,10:45,Chabahil,45,28.6,High,Clear
2025-02-02,11:15,Maharajgunj,105,35.3,Low,Cloudy
2025-02-13,14:15,Ratnapark,480,32.6,Medium,Cloudy
2025-04-23,10:45,Chabahil,438,17.3,Medium,Clear
2025-04-29,9:00,Koteshwor,47,34.0,High,Rain
2025-01-24,13:15,Maharajgunj,98,3.1,Medium,Rain
2025-04-23,12:30,Chabahil,95,34.0,High,Fog
2025-01-09,10:00,Baneshwor,49,35.9,High,Cloudy
2025-03-02,14:30,Lalitpur,470,31.9,Medium,Clear
2025-05-03,8:30,Maharajgunj,213,34.6,Low,Cloudy
2025-01-07,10:45,Maharajgunj,97,16.0,Low,Rain
2025-04-25,14:45,Koteshwor,109,26.5,Low,Fog
2025-04-24,14:30,Bhaktapur,95,35.3,High,Rain
2025-01-29,11:30,Koteshwor,364,48.7,Low,Clear
2025-04-13,10:45,Bhaktapur,49,34.2,Medium,Clear
2025-04-14,15:00,Lalitpur,502,38.3,High,Rain
2025-02-26,10:45,Lalitpur,332,25.7,Low,Cloudy
2025-03-06,14:45,Koteshwor,99,36.5,High,Cloudy
2025-01-17,8:15,Ratnapark,103,34.0,High,Rain
2025-03-21,15:15,Baneshwor,49,33.9,Low,Cloudy
2025-02-24,8:15,Ratnapark,46,32.8,Medium,Cloudy
2025-02-22,11:15,Maharajgunj,46,16.5,Low,Clear
2025-03-11,13:30,Koteshwor,104,56.6,High,Clear
2025-02-21,13:30,Maharajgunj,103,22.4,Medium,Fog
2025-05-01,14:45,Lalitpur,99,35.2,Medium,Fog
2025-03-20,14:15,Lalitpur,699,34.7,High,Rain
2025-03-28,10:15,Baneshwor,52,31.0,Medium,Fog
2025-02-28,11:00,Maharajgunj,104,10.0,Low,Cloudy
2025-03-12,14:45,Baneshwor,98,36.8,Low,Clear
2025-03-23,14:15,Maharajgunj,454,32.0,High,Rain
2025-03-23,13:15,Lalitpur,48,0.0,Medium,Rain
2025-05-03,13:45,Lalitpur,105,29.1,Medium,Clear
2025-02-16,9:15,Maharajgunj,711,33.5,Medium,Rain
2025-01-15,13:15,Chabahil,105,34.9,High,Fog
2025-01-12,9:15,Kalanki,381,32.8,Medium,Cloudy
2025-02-07,8:00,Bhaktapur,54,34.2,High,Rain
2025-01-31,8:45,Ratnapark,772,17.9,High,Clear
2025-02-22,8:00,Lalitpur,100,36.3,Low,Rain
2025-01-30,11:45,Ratnapark,54,37.5,High,Clear
2025-04-19,9:00,Bhaktapur,50,52.5,Low,Fog
2025-01-21,8:00,Bhaktapur,49,38.8,Medium,Rain
2025-04-12,14:30,Kalanki,50,34.6,High,Cloudy
2025-01-06,14:45,Baneshwor,144,36.7,Low,Cloudy
2025-03-18,10:45,Koteshwor,618,38.9,High,Rain
2025-04-26,14:30,Bhaktapur,50,34.3,Low,Cloudy
2025-04-21,13:00,Maharajgunj,102,32.3,Medium,Fog
2025-05-03,14:30,Kalanki,696,35.2,Medium,Rain
2025-03-08,10:00,Koteshwor,99,1.8,High,Rain
2025-04-03,15:15,Chabahil,98,43.5,High,Cloudy
2025-01-15,13:00,Bhaktapur,927,39.0,Low,Rain
2025-03-28,12:00,Lalitpur,104,32.6,Low,Rain
2025-02-24,11:00,Maharajgunj,100,35.6,Low,Clear
2025-01-20,9:30,Lalitpur,98,33.2,High,Cloudy
2025-01-31,12:45,Ratnapark,173,56.4,High,Fog
2025-02-04,12:45,Ratnapark,48,36.5,High,Clear
2025-02-27,9:30,Chabahil,319,60.6,Medium,Fog
2025-03-14,13:45,Koteshwor,55,34.5,Low,Fog
2025-04-30,8:00,Chabahil,47,33.7,Medium,Rain
2025-01-14,10:15,Chabahil,102,35.6,High,Fog
2025-04-06,8:30,Baneshwor,340,52.4,Low,Fog
2025-04-27,12:45,Ratnapark,675,33.2,Low,Cloudy
2025-03-05,9:00,Chabahil,52,38.8,High,Fog
2025-02-20,9:15,Maharajgunj,95,37.4,Low,Rain
2025-03-31,8:30,Bhaktapur,100,37.7,High,Fog
2025-04-23,14:15,Bhaktapur,53,16.6,Low,Clear
2025-03-04,9:15,Bhaktapur,104,37.3,Medium,Rain
2025-04-21,14:45,Chabahil,54,33.0,Low,Fog
2025-03-29,14:30,Maharajgunj,221,33.7,High,Rain
2025-05-05,10:00,Bhaktapur,105,36.5,Medium,Fog
2025-01-13,9:30,Chabahil,95,55.6,Medium,Clear
2025-05-05,11:30,Chabahil,680,27.7,Medium,Clear
2025-02-23,10:00,Maharajgunj,49,0.0,Medium,Clear
2025-01-11,14:30,Maharajgunj,351,35.1,Low,Rain
2025-02-08,12:45,Koteshwor,847,32.7,High,Cloudy
2025-04-14,8:45,Koteshwor,51,36.0,Medium,Cloudy
2025-01-04,14:30,Lalitpur,456,41.6,High,Clear
2025-04-29,13:15,Ratnapark,48,33.7,Low,Clear
2025-01-24,11:00,Lalitpur,53,40.3,High,Cloudy
2025-01-01,14:15,Ratnapark,556,49.1,Medium,Fog
2025-01-29,15:30,Ratnapark,103,37.1,Low,Cloudy
2025-03-15,12:30,Koteshwor,95,39.4,High,Fog
2025-01-10,10:00,Baneshwor,48,36.6,High,Cloudy
2025-01-22,12:45,Ratnapark,46,33.5,Low,Cloudy
2025-04-03,12:30,Bhaktapur,100,33.2,High,Cloudy
2025-02-17,9:30,Bhaktapur,98,7.9,High,Cloudy
2025-03-05,15:00,Ratnapark,53,30.9,Medium,Clear
2025-04-17,9:00,Bhaktapur,47,52.8,Low,Fog
2025-01-18,13:00,Chabahil,45,30.7,High,Rain
2025-01-19,11:15,Ratnapark,55,35.2,Low,Rain
2025-01-09,14:30,Ratnapark,105,36.7,High,Fog
2025-02-03,14:15,Ratnapark,45,35.6,Medium,Clear
2025-04-21,14:00,Baneshwor,327,27.9,Low,Cloudy
2025-03-10,9:00,Lalitpur,53,38.9,Low,Fog
2025-03-23,9:15,Maharajgunj,49,34.7,High,Cloudy
2025-02-16,8:45,Kalanki,96,40.6,Low,Cloudy
2025-02-22,10:30,Maharajgunj,103,35.4,Medium,Clear
2025-01-12,12:30,Maharajgunj,800,43.9,High,Rain
2025-03-30,14:45,Koteshwor,314,33.8,High,Fog
2025-05-05,13:15,Maharajgunj,104,38.2,High,Rain
2025-03-28,11:15,Baneshwor,104,37.1,Low,Rain
2025-04-24,11:15,Baneshwor,100,37.9,Medium,Clear
2025-01-29,10:30,Koteshwor,51,35.1,Medium,Fog
2025-04-09,14:45,Baneshwor,100,32.5,Low,Rain
2025-03-06,15:30,Koteshwor,49,6.9,High,Cloudy
2025-04-24,9:00,Kalanki,869,31.6,High,Clear
2025-03-13,13:30,Kalanki,101,40.3,Low,Cloudy
2025-01-13,11:30,Ratnapark,48,30.4,High,Rain
2025-02-01,9:45,Ratnapark,224,39.8,Low,Cloudy
2025-03-08,12:15,Lalitpur,423,35.6,High,Clear
2025-01-30,11:45,Ratnapark,54,35.3,High,Clear
2025-04-03,9:15,Koteshwor,53,34.9,High,Cloudy
2025-01-07,13:45,Ratnapark,49,10.3,Low,Cloudy
2025-02-22,11:15,Maharajgunj,52,15.2,Low,Clear
2025-03-19,13:45,Maharajgunj,100,35.2,High,Rain
2025-01-03,11:00,Baneshwor,48,33.1,Medium,Clear
2025-01-30,14:00,Koteshwor,97,40.6,Medium,Fog
2025-04-19,13:45,Lalitpur,605,34.0,Low,Rain
2025-04-09,15:15,Chabahil,50,35.1,High,Rain
2025-02-21,10:30,Baneshwor,45,34.1,High,Cloudy
2025-02-24,12:30,Chabahil,46,32.9,High,Clear
2025-05-01,15:00,Maharajgunj,101,35.6,High,Rain
2025-04-23,9:00,Kalanki,869,36.1,High,Clear
2025-03-04,15:00,Ratnapark,49,35.2,Medium,Clear
2025-03-25,11:00,Baneshwor,105,33.9,Medium,Rain
2025-02-02,12:30,Bhaktapur,54,36.2,High,Fog
2025-01-22,9:45,Chabahil,45,34.6,Low,Rain
2025-03-27,10:45,Lalitpur,96,32.6,Medium,Fog
2025-02-23,9:00,Baneshwor,386,37.1,High,Cloudy
2025-01-19,14:30,Chabahil,102,35.7,Medium,Clear
2025-02-25,14:45,Lalitpur,104,34.8,Low,Rain
2025-02-14,9:30,Baneshwor,98,31.9,Medium,Fog
2025-02-19,8:45,Kalanki,97,33.5,Low,Cloudy
2025-02-12,14:00,Chabahil,994,39.0,High,Rain
2025-02-03,8:45,Maharajgunj,49,32.0,Medium,Fog
2025-02-05,12:30,Koteshwor,806,39.5,High,Clear
2025-04-21,10:30,Bhaktapur,102,35.0,Medium,Clear
2025-04-22,9:15,Maharajgunj,106,35.6,Low,Rain
2025-02-02,12:45,Ratnapark,174,54.0,High,Fog
2025-04-27,11:30,Chabahil,105,43.3,Medium,Fog
2025-02-05,9:00,Lalitpur,102,31.6,Low,Rain
2025-04-26,9:30,Koteshwor,558,35.2,Low,Cloudy
2025-02-06,11:00,Lalitpur,102,33.7,Low,Clear
2025-03-29,9:45,Koteshwor,97,7.3,Low,Rain
2025-01-07,8:00,Chabahil,444,31.7,Low,Fog
2025-04-04,8:00,Koteshwor,568,49.5,Medium,Clear
2025-01-31,11:45,Ratnapark,51,35.9,High,Clear
2025-04-11,11:45,Chabahil,46,20.0,Low,Clear
2025-01-02,8:00,Kalanki,705,37.5,Low,Clear
2025-02-13,12:45,Lalitpur,100,37.6,Medium,Clear
2025-02-04,12:45,Ratnapark,54,36.8,High,Clear
2025-03-13,10:45,Kalanki,802,35.0,Low,Clear
2025-04-22,12:30,Ratnapark,98,34.2,Low,Cloudy
2025-02-09,14:45,Chabahil,728,32.7,Medium,Cloudy
2025-02-18,8:30,Ratnapark,47,36.2,High,Rain
2025-03-26,9:15,Maharajgunj,457,33.2,High,Clear
2025-02-18,10:00,Koteshwor,732,52.0,Low,Cloudy
2025-04-01,13:15,Bhaktapur,97,38.9,Low,Fog
2025-04-29,11:30,Koteshwor,105,40.0,Medium,Clear
2025-03-31,11:30,Kalanki,54,37.8,Low,Cloudy
2025-04-30,14:45,Ratnapark,309,33.6,High,Clear
2025-03-01,11:45,Bhaktapur,348,33.5,Low,Fog
2025-04-10,8:30,Kalanki,913,32.7,Medium,Clear
2025-04-01,12:45,Kalanki,125,47.5,Medium,Fog
2025-01-15,11:00,Chabahil,117,38.5,High,Rain
2025-03-22,14:15,Ratnapark,48,30.8,Medium,Cloudy
2025-01-05,11:00,Kalanki,491,37.2,Low,Cloudy
2025-04-17,13:00,Maharajgunj,54,51.0,High,Cloudy
2025-02-21,8:00,Ratnapark,54,37.1,Low,Clear
2025-04-07,13:00,Baneshwor,105,32.5,High,Cloudy
2025-01-28,15:45,Ratnapark,131,36.1,Low,Cloudy
2025-02-28,15:45,Baneshwor,48,34.7,High,Clear
2025-04-08,8:00,Koteshwor,55,9.2,Medium,Fog
2025-02-07,9:00,Lalitpur,98,31.7,Low,Rain
2025-03-26,12:00,Lalitpur,105,35.7,Low,Rain
2025-03-21,12:45,Chabahil,360,35.5,High,Rain
2025-01-12,10:15,Chabahil,99,31.0,High,Fog
2025-01-26,14:00,Koteshwor,102,41.2,Medium,Fog
2025-02-07,15:00,Maharajgunj,51,0.3,Medium,Cloudy
2025-02-27,13:30,Koteshwor,772,50.5,Low,Rain
2025-04-28,14:00,Maharajgunj,53,36.1,Low,Fog
2025-03-05,8:15,Lalitpur,357,35.4,High,Cloudy
2025-01-15,8:15,Ratnapark,103,35.3,High,Rain
2025-02-02,15:00,Ratnapark,95,32.9,Medium,Cloudy
2025-02-08,13:30,Maharajgunj,54,37.2,Medium,Clear
2025-02-15,13:15,Lalitpur,275,35.0,Medium,Rain
2025-02-06,15:15,Chabahil,99,35.1,Low,Clear
2025-02-14,14:45,Lalitpur,980,30.9,High,Cloudy
2025-01-16,11:15,Maharajgunj,817,33.0,Low,Rain
2025-01-06,14:30,Baneshwor,54,35.5,High,Clear
2025-04-01,12:00,Lalitpur,51,35.8,Medium,Clear
2025-02-05,10:30,Koteshwor,192,33.9,High,Rain
2025-02-27,12:45,Ratnapark,556,36.3,Low,Fog
2025-02-08,14:00,Ratnapark,50,36.0,High,Clear
2025-04-05,15:30,Maharajgunj,839,34.8,Low,Cloudy
2025-01-01,14:15,Baneshwor,393,34.7,Low,Fog
2025-03-25,14:00,Ratnapark,546,36.0,Low,Fog
2025-05-04,11:30,Bhaktapur,444,36.6,Medium,Fog
2025-01-11,9:00,Koteshwor,932,35.1,High,Rain
2025-05-03,10:00,Bhaktapur,98,37.2,Medium,Fog
2025-01-26,11:15,Ratnapark,335,20.3,High,Cloudy
2025-04-22,13:45,Maharajgunj,46,29.4,High,Cloudy
2025-03-04,9:15,Ratnapark,45,29.2,Low,Cloudy
2025-03-08,14:30,Kalanki,46,37.4,Medium,Clear
2025-03-01,10:15,Lalitpur,51,34.5,Medium,Cloudy
2025-01-10,10:45,Maharajgunj,95,14.3,Low,Rain
2025-04-08,8:00,Baneshwor,106,37.3,Low,Rain
2025-03-06,10:00,Ratnapark,829,60.0,Medium,Cloudy
2025-03-25,8:30,Baneshwor,96,35.1,Medium,Cloudy
2025-03-06,9:45,Koteshwor,47,24.3,High,Clear
2025-02-18,9:15,Maharajgunj,714,35.7,Medium,Rain
2025-01-14,8:30,Koteshwor,969,17.2,Medium,Rain
2025-02-21,15:00,Lalitpur,50,33.8,High,Fog
2025-01-03,14:15,Baneshwor,396,33.2,Low,Fog
2025-04-07,12:45,Koteshwor,806,40.3,High,Clear
2025-03-26,9:15,Maharajgunj,462,34.8,High,Clear
2025-01-28,12:15,Maharajgunj,95,38.6,High,Fog
2025-04-22,14:45,Chabahil,54,36.4,Low,Fog
2025-04-25,14:15,Bhaktapur,51,15.9,Low,Clear
2025-04-07,10:30,Maharajgunj,52,24.8,Medium,Cloudy
2025-02-15,15:00,Ratnapark,49,36.0,Low,Rain
2025-02-03,13:00,Chabahil,55,57.3,High,Cloudy
2025-04-29,9:00,Koteshwor,48,38.2,High,Rain
2025-03-21,13:00,Kalanki,101,10.0,High,Fog
2025-01-27,14:45,Lalitpur,105,34.4,Low,Cloudy
2025-02-17,10:00,Koteshwor,732,51.2,Low,Cloudy
2025-04-29,14:45,Ratnapark,309,36.8,High,Clear
2025-04-23,10:30,Bhaktapur,308,35.4,High,Clear
2025-04-18,14:45,Chabahil,55,39.2,Low,Fog
2025-03-02,9:15,Maharajgunj,54,37.3,Low,Fog
2025-04-10,12:30,Chabahil,98,36.0,Low,Rain
2025-05-01,11:30,Koteshwor,99,36.1,Medium,Clear
2025-03-31,13:45,Lalitpur,53,34.7,Medium,Fog
2025-03-02,11:45,Koteshwor,730,36.0,Medium,Fog
2025-02-16,11:15,Bhaktapur,793,33.4,Medium,Rain
2025-02-05,11:00,Lalitpur,100,37.6,Low,Clear
2025-04-26,12:30,Chabahil,104,33.1,High,Fog
2025-02-22,8:15,Ratnapark,45,33.7,Medium,Cloudy
2025-01-09,11:45,Maharajgunj,97,45.9,High,Fog
2025-03-09,9:00,Lalitpur,54,36.5,Low,Fog
2025-02-09,11:00,Bhaktapur,101,33.4,Low,Clear
2025-01-13,10:45,Chabahil,51,31.4,High,Rain
2025-01-28,8:15,Bhaktapur,46,37.2,Low,Cloudy
2025-01-07,10:45,Baneshwor,47,34.1,Medium,Cloudy
2025-04-15,14:45,Baneshwor,856,32.9,Low,Fog
2025-01-23,13:15,Kalanki,100,54.5,Medium,Clear
2025-01-31,13:00,Chabahil,101,38.4,Medium,Clear
2025-04-13,8:45,Koteshwor,54,33.7,Medium,Cloudy
2025-04-27,15:00,Ratnapark,103,16.8,Low,Rain
2025-03-16,15:00,Kalanki,532,21.1,Low,Rain
2025-03-24,11:30,Lalitpur,50,32.5,High,Rain
2025-04-13,8:45,Koteshwor,48,33.5,Medium,Cloudy
2025-02-21,8:15,Ratnapark,54,32.4,Medium,Cloudy
2025-01-04,8:45,Chabahil,53,36.9,High,Cloudy
2025-01-16,8:30,Maharajgunj,101,21.2,Low,Fog
2025-02-12,15:00,Koteshwor,49,40.0,Medium,Clear
2025-02-14,14:30,Koteshwor,440,33.6,Medium,Clear
2025-03-11,9:30,Baneshwor,103,33.3,Low,Cloudy
2025-03-20,15:15,Ratnapark,51,38.1,Medium,Rain
2025-01-12,13:15,Maharajgunj,490,37.1,Medium,Rain
2025-01-25,12:30,Maharajgunj,55,35.8,Medium,Fog
2025-02-12,8:45,Bhaktapur,103,32.8,Low,Clear
2025-01-19,15:45,Bhaktapur,711,38.5,High,Fog
2025-04-10,12:45,Bhaktapur,49,34.9,Low,Clear
2025-02-06,13:00,Ratnapark,105,31.1,High,Rain
2025-01-31,10:15,Koteshwor,99,37.3,High,Cloudy
2025-03-23,10:00,Lalitpur,97,51.0,Medium,Rain
2025-04-03,9:15,Koteshwor,54,32.7,High,Cloudy
2025-05-04,11:15,Bhaktapur,102,35.1,Low,Clear
2025-04-08,13:45,Ratnapark,102,33.4,High,Rain
2025-02-19,8:00,Kalanki,103,29.0,Medium,Cloudy
2025-02-15,8:30,Maharajgunj,476,33.2,Low,Rain
2025-04-17,14:45,Ratnapark,50,33.9,High,Rain
2025-01-02,15:45,Bhaktapur,46,7.7,High,Clear
2025-04-10,8:00,Lalitpur,649,36.2,High,Rain
2025-04-25,8:45,Koteshwor,55,8.4,High,Clear
2025-01-17,13:15,Baneshwor,104,36.0,High,Rain
2025-03-03,15:45,Baneshwor,55,32.5,High,Clear
2025-02-28,14:45,Maharajgunj,318,36.8,High,Rain
2025-02-27,9:45,Koteshwor,764,32.4,Medium,Rain
2025-04-10,15:15,Chabahil,46,30.3,High,Rain
2025-04-05,11:45,Lalitpur,416,37.5,Low,Rain
2025-04-16,13:45,Maharajgunj,55,37.3,Low,Clear
2025-04-11,13:00,Baneshwor,805,14.5,High,Rain
2025-03-23,13:15,Lalitpur,50,3.1,Medium,Rain
2025-04-09,8:15,Koteshwor,391,36.6,High,Rain
2025-05-01,11:30,Bhaktapur,442,37.1,Medium,Fog
2025-01-29,10:45,Koteshwor,50,21.2,Low,Fog
2025-02-18,8:00,Ratnapark,45,35.2,Low,Clear
2025-01-30,12:30,Bhaktapur,54,37.6,High,Fog
2025-02-04,13:15,Lalitpur,50,35.2,High,Rain
2025-04-03,15:30,Maharajgunj,103,33.5,Medium,Fog
2025-02-17,15:00,Ratnapark,51,36.2,Low,Rain
2025-04-13,15:15,Chabahil,53,30.8,High,Rain
2025-02-15,10:00,Lalitpur,96,37.6,Medium,Clear
2025-02-01,8:00,Chabahil,55,37.7,Low,Rain
2025-04-05,8:30,Baneshwor,343,51.4,Low,Fog
2025-04-06,15:30,Maharajgunj,844,37.3,Low,Cloudy
2025-01-28,13:30,Kalanki,101,34.8,Low,Fog
2025-01-26,12:45,Ratnapark,53,34.8,High,Rain
2025-04-04,14:15,Ratnapark,372,35.5,Low,Fog
2025-04-23,8:45,Koteshwor,50,13.5,High,Clear
2025-04-08,11:45,Chabahil,51,18.0,Low,Clear
2025-03-02,8:15,Baneshwor,565,35.7,High,Fog
2025-04-23,11:15,Baneshwor,99,35.5,Medium,Clear
2025-03-21,10:00,Ratnapark,100,32.3,High,Cloudy
2025-01-01,13:00,Koteshwor,45,31.5,Low,Fog
2025-01-28,13:30,Kalanki,95,35.0,Low,Fog
2025-01-17,10:30,Baneshwor,606,34.1,High,Clear
2025-01-16,12:15,Kalanki,105,34.8,Low,Rain
2025-04-07,11:30,Kalanki,274,37.1,Medium,Fog
2025-04-28,14:45,Ratnapark,549,6.4,High,Clear
2025-03-02,15:00,Ratnapark,53,36.5,Medium,Clear
2025-01-20,8:45,Bhaktapur,101,35.9,High,Fog
2025-02-05,11:45,Ratnapark,100,34.4,Medium,Rain
2025-01-28,11:30,Koteshwor,355,48.0,Low,Clear
2025-03-07,15:30,Kalanki,49,35.5,High,Clear
2025-02-08,12:30,Chabahil,55,35.2,High,Fog
2025-03-08,12:45,Baneshwor,557,46.8,Medium,Rain
2025-03-17,13:00,Kalanki,99,34.7,Low,Cloudy
2025-04-15,8:45,Koteshwor,105,34.4,Medium,Rain
2025-04-01,12:45,Maharajgunj,53,34.5,Medium,Cloudy
2025-04-16,9:15,Ratnapark,47,33.2,Medium,Fog
2025-04-30,8:45,Koteshwor,98,37.9,Low,Rain
2025-04-12,14:00,Lalitpur,52,39.3,Low,Rain
2025-03-15,8:45,Koteshwor,97,56.6,Low,Fog
2025-02-10,10:30,Ratnapark,97,36.6,High,Clear
2025-03-22,11:45,Ratnapark,53,31.3,High,Cloudy
2025-01-19,15:30,Maharajgunj,369,37.0,Medium,Cloudy
2025-02-20,12:45,Baneshwor,104,33.6,High,Rain
2025-01-10,11:15,Kalanki,45,35.7,High,Cloudy
2025-02-23,10:30,Maharajgunj,101,31.1,Medium,Clear
2025-04-08,8:00,Baneshwor,107,32.6,Low,Rain
2025-01-28,10:30,Koteshwor,100,54.9,Low,Cloudy
2025-02-28,11:00,Maharajgunj,100,9.6,Low,Cloudy
2025-02-28,14:45,Chabahil,97,33.3,High,Clear
2025-02-10,11:30,Maharajgunj,97,37.8,Medium,Cloudy
2025-03-17,11:45,Koteshwor,883,45.4,Medium,Fog
2025-04-08,8:00,Baneshwor,111,36.9,Low,Rain
2025-02-04,11:45,Lalitpur,53,13.8,Low,Rain
2025-02-12,15:00,Koteshwor,95,38.5,High,Clear
2025-04-09,9:00,Chabahil,51,31.9,High,Fog
2025-04-01,14:15,Bhaktapur,55,34.4,Low,Fog
2025-05-05,8:00,Lalitpur,104,35.1,Medium,Rain
2025-05-03,9:00,Ratnapark,891,28.8,High,Fog
2025-01-19,14:45,Maharajgunj,102,59.8,Medium,Rain
2025-02-10,9:30,Ratnapark,50,34.1,Medium,Rain
2025-02-03,15:45,Chabahil,102,7.1,Medium,Clear
2025-03-28,15:45,Maharajgunj,95,37.0,Low,Cloudy
2025-04-02,10:30,Chabahil,45,33.9,High,Clear
2025-01-03,15:45,Kalanki,296,35.4,Medium,Rain
2025-04-14,14:00,Kalanki,98,4.3,Low,Clear
2025-01-30,11:30,Koteshwor,357,51.1,Low,Clear
2025-04-01,12:45,Kalanki,125,49.0,Medium,Fog
2025-03-14,9:15,Koteshwor,54,0.5,Low,Rain
2025-02-09,9:30,Ratnapark,53,37.1,Medium,Rain
2025-01-07,15:45,Chabahil,104,36.1,High,Fog
2025-01-17,14:45,Ratnapark,105,36.5,Medium,Cloudy
2025-04-16,13:45,Maharajgunj,48,38.2,Low,Clear
2025-02-23,12:00,Koteshwor,103,35.4,Medium,Fog
2025-01-29,14:30,Bhaktapur,99,35.1,Low,Fog
2025-02-11,11:00,Maharajgunj,51,26.7,High,Clear
2025-04-14,15:45,Maharajgunj,97,35.3,High,Clear
2025-03-15,15:45,Ratnapark,504,37.5,Low,Rain
2025-04-25,10:30,Chabahil,97,53.1,Medium,Clear
2025-01-12,12:45,Chabahil,192,32.6,Medium,Fog
2025-04-11,10:45,Baneshwor,100,37.0,High,Clear
2025-04-30,9:00,Maharajgunj,103,37.4,Low,Fog
2025-02-07,11:30,Koteshwor,286,34.7,High,Clear
2025-01-23,11:30,Chabahil,102,36.0,High,Cloudy
2025-03-29,12:00,Lalitpur,45,36.0,Medium,Clear
2025-04-28,8:00,Koteshwor,100,33.3,Low,Cloudy
2025-02-07,14:15,Chabahil,698,34.2,Medium,Clear
2025-02-19,11:45,Ratnapark,580,36.5,High,Clear
2025-04-04,14:00,Chabahil,47,34.0,Low,Fog
2025-01-04,8:15,Chabahil,103,37.0,High,Cloudy
2025-04-13,11:45,Bhaktapur,46,39.6,Low,Clear
2025-03-01,8:15,Baneshwor,556,37.3,High,Fog
2025-01-17,12:30,Chabahil,233,39.0,Medium,Rain
2025-01-29,12:30,Maharajgunj,97,34.8,Low,Cloudy
2025-02-23,10:15,Chabahil,818,35.4,High,Fog
2025-04-01,9:30,Bhaktapur,252,35.6,High,Clear
2025-04-22,14:00,Maharajgunj,50,34.9,Low,Clear
2025-01-27,12:15,Maharajgunj,95,41.1,High,Fog
2025-04-11,8:00,Maharajgunj,95,49.6,Medium,Clear
2025-04-11,13:00,Baneshwor,799,11.4,High,Rain
2025-04-11,13:00,Koteshwor,811,20.2,Medium,Rain
2025-01-15,10:45,Chabahil,51,33.1,High,Rain
2025-01-16,13:15,Bhaktapur,958,33.5,Low,Clear
2025-03-27,9:30,Bhaktapur,105,34.6,High,Rain
2025-01-09,9:30,Maharajgunj,242,42.4,Low,Fog
2025-02-06,13:45,Ratnapark,51,34.6,High,Fog
2025-04-21,8:30,Kalanki,49,51.2,Low,Fog
2025-01-30,8:45,Kalanki,280,34.5,Medium,Clear
2025-02-09,9:30,Ratnapark,54,31.1,Medium,Rain
2025-02-21,11:30,Baneshwor,289,52.5,Low,Cloudy
2025-03-11,14:30,Ratnapark,45,30.7,Low,Rain
2025-02-19,14:00,Ratnapark,55,32.1,Low,Fog
2025-01-26,12:15,Kalanki,53,33.2,Low,Fog
2025-01-26,8:30,Ratnapark,100,33.0,Low,Fog
2025-04-28,14:45,Ratnapark,307,33.9,High,Clear
2025-01-02,11:00,Baneshwor,49,32.9,Medium,Clear
2025-04-30,13:15,Ratnapark,45,32.2,Low,Clear
2025-05-03,12:30,Chabahil,51,12.1,Medium,Rain
2025-04-02,15:30,Maharajgunj,102,33.6,High,Fog
2025-01-22,8:15,Lalitpur,945,30.5,High,Fog
2025-01-31,9:00,Baneshwor,646,34.3,Medium,Rain
2025-01-04,10:45,Chabahil,96,32.8,Medium,Cloudy
2025-02-26,8:30,Baneshwor,783,33.2,Low,Fog
2025-03-24,10:00,Bhaktapur,54,36.4,Low,Clear
2025-01-23,15:30,Kalanki,251,34.1,Low,Clear
2025-03-16,11:30,Chabahil,104,32.7,High,Fog
2025-01-07,10:45,Maharajgunj,103,14.9,Low,Rain
2025-01-30,8:45,Bhaktapur,48,41.3,Medium,Rain
2025-04-03,9:15,Koteshwor,55,36.1,High,Cloudy
2025-04-19,14:30,Baneshwor,53,30.1,Low,Cloudy
2025-02-15,8:45,Ratnapark,48,20.8,High,Fog
2025-02-19,15:00,Maharajgunj,47,50.1,High,Rain
2025-01-09,9:00,Maharajgunj,105,7.5,High,Clear
2025-01-14,10:15,Chabahil,97,34.3,High,Fog
2025-04-26,14:00,Maharajgunj,54,33.0,Low,Fog
2025-01-25,13:15,Bhaktapur,96,18.2,High,Fog
2025-04-17,14:45,Ratnapark,54,39.0,High,Rain
2025-04-13,11:45,Bhaktapur,47,35.1,High,Clear
2025-04-16,10:00,Ratnapark,806,36.3,High,Cloudy
2025-04-19,13:45,Bhaktapur,105,28.0,Low,Cloudy
2025-01-24,11:15,Baneshwor,102,35.1,High,Clear
2025-02-24,13:30,Maharajgunj,96,22.9,Medium,Fog
2025-04-27,9:30,Koteshwor,564,32.8,Low,Cloudy
2025-01-30,11:30,Koteshwor,356,47.0,Low,Clear
2025-04-24,8:45,Ratnapark,332,22.8,Low,Cloudy
2025-04-02,9:30,Maharajgunj,787,50.4,Medium,Rain
2025-04-18,11:00,Baneshwor,51,36.9,Medium,Fog
2025-01-10,13:45,Bhaktapur,100,20.5,Medium,Fog
2025-03-25,11:00,Baneshwor,105,33.4,Medium,Rain
2025-01-03,15:45,Bhaktapur,45,12.3,High,Clear
2025-03-02,10:00,Chabahil,46,44.5,Low,Clear
2025-04-19,13:00,Maharajgunj,95,36.4,Medium,Fog
2025-02-25,11:45,Kalanki,55,39.5,Low,Fog
2025-04-08,14:30,Baneshwor,51,39.1,Low,Cloudy
2025-03-14,9:15,Koteshwor,100,35.4,Low,Rain
2025-01-12,8:30,Baneshwor,46,36.1,Medium,Rain
2025-01-24,13:00,Chabahil,96,22.2,High,Cloudy
2025-01-15,11:15,Maharajgunj,811,33.8,Low,Rain
2025-02-19,11:15,Maharajgunj,52,13.9,Low,Clear
2025-01-01,14:15,Baneshwor,395,36.3,Low,Fog
2025-03-27,13:45,Chabahil,45,33.3,Low,Fog
2025-03-13,10:00,Ratnapark,48,22.2,Medium,Fog
2025-01-31,13:45,Lalitpur,105,40.3,Low,Clear
2025-04-23,12:30,Chabahil,98,33.3,High,Fog
2025-03-15,13:00,Lalitpur,932,35.1,Low,Rain
2025-01-25,14:45,Lalitpur,96,37.6,Low,Cloudy
2025-01-12,14:00,Chabahil,684,37.2,Low,Rain
2025-01-27,8:30,Kalanki,495,14.2,Low,Fog
2025-03-01,12:15,Ratnapark,105,35.7,Medium,Fog
2025-01-27,12:15,Kalanki,55,35.9,Low,Fog
2025-02-17,13:15,Lalitpur,276,34.3,Medium,Rain
2025-02-12,8:00,Chabahil,105,51.7,High,Clear
2025-02-27,9:30,Chabahil,312,57.9,Medium,Fog
2025-02-19,15:30,Chabahil,664,33.4,High,Clear
2025-02-08,13:45,Kalanki,96,1.7,High,Clear
2025-02-16,8:30,Chabahil,104,35.9,High,Cloudy
2025-03-26,12:15,Lalitpur,47,35.3,High,Fog
2025-02-23,9:00,Baneshwor,390,34.7,High,Cloudy
2025-03-29,13:45,Baneshwor,749,36.4,Low,Rain
2025-01-19,13:15,Chabahil,100,35.8,High,Fog
2025-01-19,11:15,Ratnapark,50,34.4,Low,Rain
2025-02-23,13:30,Maharajgunj,103,20.9,Medium,Fog
2025-01-12,8:30,Baneshwor,52,33.4,Medium,Rain
2025-03-24,14:15,Maharajgunj,454,32.1,High,Rain
2025-02-06,13:00,Ratnapark,104,32.3,High,Rain
2025-05-05,15:15,Koteshwor,95,33.3,High,Fog
2025-04-29,15:15,Maharajgunj,53,34.0,Medium,Clear
2025-03-25,15:30,Chabahil,48,34.7,Medium,Fog
2025-01-28,15:00,Maharajgunj,48,37.1,High,Clear
2025-04-10,14:00,Ratnapark,455,42.9,Low,Clear
2025-03-02,11:00,Maharajgunj,97,10.9,Low,Cloudy
2025-03-15,14:15,Chabahil,99,48.5,High,Rain
2025-02-03,13:45,Ratnapark,45,31.0,High,Fog
2025-03-29,8:30,Lalitpur,50,36.8,High,Clear
2025-01-19,8:15,Bhaktapur,525,36.4,Low,Cloudy
2025-02-18,13:30,Ratnapark,45,2.2,Medium,Rain
2025-04-01,15:30,Maharajgunj,104,33.2,Medium,Fog
2025-01-02,11:15,Kalanki,298,34.1,High,Clear
2025-04-07,12:00,Baneshwor,542,36.2,Medium,Fog
2025-04-24,10:00,Koteshwor,46,58.3,High,Cloudy
2025-02-06,15:45,Chabahil,940,9.3,Medium,Rain
2025-04-22,12:00,Baneshwor,105,33.5,High,Cloudy
2025-03-28,14:45,Baneshwor,144,33.1,Medium,Fog
2025-02-12,8:00,Chabahil,98,51.4,High,Clear
2025-01-13,10:15,Ratnapark,47,36.5,High,Cloudy
2025-03-24,14:30,Koteshwor,103,35.0,High,Rain
2025-01-06,14:45,Baneshwor,46,38.0,Medium,Cloudy
2025-04-06,11:15,Chabahil,464,35.1,Medium,Cloudy
2025-01-26,14:45,Lalitpur,101,35.0,Low,Cloudy
2025-04-27,12:30,Baneshwor,434,36.3,Low,Cloudy
2025-02-15,8:30,Ratnapark,50,37.4,High,Rain
2025-04-20,13:45,Maharajgunj,47,36.3,Low,Clear
2025-02-19,12:15,Lalitpur,45,46.8,Low,Fog
2025-03-27,9:30,Bhaktapur,105,34.4,High,Rain
2025-03-30,9:15,Maharajgunj,462,41.3,High,Clear
2025-02-08,14:30,Ratnapark,98,34.5,Low,Clear
2025-04-22,11:15,Maharajgunj,46,5.8,Medium,Clear
2025-02-18,8:45,Kalanki,101,36.2,Low,Cloudy
2025-01-13,15:30,Ratnapark,104,37.0,Low,Cloudy
2025-01-05,8:00,Chabahil,442,30.3,Low,Fog
2025-04-20,8:15,Lalitpur,422,37.3,Medium,Cloudy
2025-02-26,13:15,Chabahil,262,32.6,Medium,Cloudy
2025-03-04,15:00,Ratnapark,53,33.5,Medium,Clear
2025-03-18,11:00,Ratnapark,389,37.3,Low,Rain
2025-01-09,13:00,Lalitpur,50,35.0,High,Clear
2025-01-16,14:15,Kalanki,855,15.5,High,Rain
2025-03-27,9:00,Kalanki,809,0.0,High,Rain
2025-03-13,10:15,Maharajgunj,105,10.4,High,Rain
2025-01-12,8:30,Maharajgunj,100,21.0,Low,Fog
2025-03-18,14:30,Baneshwor,101,35.9,Medium,Rain
2025-02-17,12:00,Ratnapark,336,55.3,High,Cloudy
2025-02-18,11:30,Baneshwor,285,52.8,Low,Cloudy
2025-01-05,13:45,Chabahil,349,37.1,Low,Rain
2025-03-21,11:00,Koteshwor,54,2.4,Medium,Clear
2025-02-07,12:30,Chabahil,46,40.1,High,Fog
2025-02-11,13:30,Maharajgunj,96,34.2,Medium,Clear
2025-04-17,8:15,Kalanki,96,14.0,Medium,Clear
2025-01-25,11:15,Ratnapark,51,15.8,Low,Rain
2025-04-27,10:00,Koteshwor,55,57.3,High,Cloudy
2025-01-28,15:45,Lalitpur,55,36.3,Medium,Fog
2025-02-19,12:00,Ratnapark,339,57.0,High,Cloudy
2025-03-29,15:00,Baneshwor,50,1.1,Low,Clear
2025-04-08,13:45,Ratnapark,101,37.6,High,Rain
2025-01-20,14:45,Ratnapark,103,35.4,Medium,Cloudy
2025-02-24,12:30,Chabahil,55,34.2,High,Clear
2025-03-06,10:45,Chabahil,46,32.9,High,Clear
2025-02-17,15:30,Ratnapark,54,34.8,High,Rain
2025-02-21,11:30,Ratnapark,53,35.5,Low,Cloudy
2025-04-26,9:00,Kalanki,105,35.4,Medium,Cloudy
2025-03-17,9:45,Chabahil,661,34.7,Low,Clear
2025-03-25,10:00,Lalitpur,100,51.9,Medium,Rain
2025-01-30,15:00,Koteshwor,100,33.3,High,Clear
2025-03-06,10:00,Chabahil,55,44.2,Low,Clear
2025-01-17,11:45,Bhaktapur,190,31.5,High,Clear
2025-01-05,13:00,Baneshwor,105,41.4,Medium,Cloudy
2025-03-10,14:00,Baneshwor,105,38.7,High,Rain
2025-01-19,11:00,Baneshwor,461,32.5,Low,Clear
2025-01-27,13:00,Chabahil,101,31.1,High,Cloudy
2025-03-10,11:45,Bhaktapur,51,17.5,Low,Clear
2025-02-20,12:45,Baneshwor,102,38.5,High,Rain
2025-03-05,10:00,Koteshwor,99,0.0,High,Rain
2025-04-29,11:00,Chabahil,986,33.1,Low,Cloudy
2025-01-22,8:00,Bhaktapur,47,32.1,Medium,Rain
2025-03-16,12:45,Chabahil,53,34.5,Medium,Fog
2025-01-23,10:00,Chabahil,857,53.1,Low,Clear
2025-04-21,15:15,Lalitpur,802,34.0,Low,Fog
2025-03-21,10:00,Kalanki,896,38.7,Medium,Cloudy
2025-03-21,13:45,Maharajgunj,99,32.6,High,Rain
2025-03-19,10:45,Koteshwor,614,34.8,High,Rain
2025-05-02,9:45,Maharajgunj,297,43.7,Medium,Rain
2025-04-16,10:00,Baneshwor,101,33.0,Low,Rain
2025-02-26,8:15,Baneshwor,564,36.0,High,Fog
2025-02-09,11:45,Maharajgunj,819,34.2,Low,Rain
2025-03-09,13:00,Chabahil,46,34.7,Low,Rain
2025-04-29,13:45,Koteshwor,104,36.8,Medium,Fog
2025-01-12,12:45,Chabahil,185,30.9,Medium,Fog
2025-03-17,10:00,Ratnapark,425,37.6,Medium,Cloudy
2025-05-04,10:00,Bhaktapur,96,39.1,Medium,Fog
2025-05-03,13:45,Ratnapark,47,35.6,Medium,Cloudy
2025-04-01,10:30,Chabahil,46,33.2,High,Clear
2025-02-23,11:15,Maharajgunj,55,18.0,Low,Clear
2025-03-22,9:15,Baneshwor,405,62.8,Medium,Rain
2025-04-25,11:15,Maharajgunj,55,5.7,Medium,Clear
2025-01-18,11:15,Maharajgunj,812,34.6,Low,Rain
2025-02-22,15:45,Ratnapark,53,34.8,Low,Fog
2025-02-02,14:30,Baneshwor,104,31.7,Medium,Rain
2025-03-11,12:15,Lalitpur,415,34.4,High,Clear
2025-03-24,11:00,Maharajgunj,664,14.4,Medium,Clear
2025-01-26,13:30,Kalanki,105,34.7,Low,Fog
2025-02-25,12:15,Ratnapark,494,32.9,High,Clear
2025-01-12,11:00,Chabahil,116,36.0,High,Rain
2025-01-20,13:15,Chabahil,102,5.7,Low,Clear
2025-02-01,9:45,Ratnapark,218,34.9,Low,Cloudy
2025-02-03,11:45,Bhaktapur,98,6.5,Medium,Cloudy
2025-01-24,13:15,Maharajgunj,103,1.9,Medium,Rain
2025-02-04,11:00,Koteshwor,814,52.5,High,Cloudy
2025-02-11,10:45,Kalanki,303,39.2,Low,Clear
2025-01-30,8:15,Bhaktapur,51,33.4,Low,Cloudy
2025-03-26,14:15,Chabahil,45,15.2,Low,Fog
2025-02-21,11:30,Baneshwor,287,50.8,Low,Cloudy
2025-04-23,11:15,Maharajgunj,54,4.4,Medium,Clear
2025-01-14,12:45,Bhaktapur,647,60.3,High,Cloudy
2025-04-30,8:45,Koteshwor,96,36.6,Low,Rain
2025-04-22,10:30,Baneshwor,100,35.0,High,Clear
2025-04-09,9:30,Chabahil,53,14.3,High,Rain
2025-01-09,10:00,Baneshwor,50,35.0,High,Cloudy
2025-02-24,13:30,Maharajgunj,97,24.0,Medium,Fog
2025-02-20,8:00,Kalanki,95,33.4,Medium,Cloudy
2025-04-03,14:45,Baneshwor,48,60.7,Low,Clear
2025-03-23,9:15,Maharajgunj,48,35.7,High,Cloudy
2025-04-20,12:30,Ratnapark,102,34.5,Low,Cloudy
2025-03-09,11:45,Ratnapark,54,34.0,High,Clear
2025-03-21,12:30,Lalitpur,54,36.7,High,Cloudy
2025-03-19,14:30,Maharajgunj,101,34.7,Medium,Rain
2025-05-03,9:00,Koteshwor,54,33.6,High,Rain
2025-01-20,9:45,Baneshwor,51,42.2,Low,Cloudy
2025-04-14,14:30,Kalanki,51,36.5,High,Cloudy
2025-03-25,13:45,Ratnapark,241,31.8,Low,Rain
2025-02-12,13:45,Bhaktapur,53,34.3,Medium,Cloudy
2025-03-31,10:45,Bhaktapur,50,37.1,High,Clear
2025-01-31,10:45,Koteshwor,46,20.7,Low,Fog
2025-02-28,15:00,Chabahil,95,35.5,High,Clear
2025-01-08,15:30,Lalitpur,105,49.2,Low,Rain
2025-04-13,13:15,Lalitpur,461,31.8,High,Clear
2025-01-25,13:00,Chabahil,95,19.1,High,Cloudy
2025-03-12,8:45,Maharajgunj,525,29.7,Low,Fog
2025-02-21,8:00,Ratnapark,48,36.8,Low,Clear
2025-04-15,11:45,Ratnapark,53,33.9,Medium,Clear
2025-03-30,9:15,Ratnapark,45,34.8,High,Rain
2025-02-11,9:00,Kalanki,97,40.9,Low,Clear
2025-01-05,8:45,Chabahil,47,35.5,High,Cloudy
2025-02-07,14:00,Ratnapark,52,37.7,High,Clear
2025-04-03,12:30,Ratnapark,96,37.1,Medium,Rain
2025-01-22,8:15,Chabahil,658,50.4,Low,Cloudy
2025-02-11,13:00,Baneshwor,55,32.8,Medium,Clear
2025-04-28,9:15,Ratnapark,817,19.5,Low,Fog
2025-01-15,12:15,Kalanki,104,34.6,Low,Rain
2025-01-20,11:30,Chabahil,100,37.8,High,Cloudy
2025-04-16,15:00,Lalitpur,506,34.5,High,Rain
2025-03-27,10:00,Lalitpur,103,53.5,Medium,Rain
2025-01-06,15:15,Bhaktapur,53,16.9,Low,Clear
2025-05-03,15:00,Maharajgunj,745,34.0,High,Fog
2025-01-05,11:30,Koteshwor,47,36.0,Medium,Cloudy
2025-01-27,12:00,Koteshwor,45,48.1,High,Cloudy
2025-04-25,12:30,Baneshwor,436,34.6,Low,Cloudy
2025-01-13,12:30,Chabahil,226,29.9,Medium,Rain
2025-02-09,10:45,Kalanki,301,35.9,Low,Clear
2025-01-05,11:15,Kalanki,298,35.6,High,Clear
2025-03-14,14:00,Lalitpur,293,33.1,Low,Rain
2025-04-16,14:30,Baneshwor,52,33.3,Low,Cloudy
2025-03-25,11:00,Baneshwor,96,35.0,Medium,Rain
2025-01-16,10:15,Chabahil,102,30.1,High,Fog
2025-04-03,13:45,Lalitpur,49,34.2,Medium,Fog
2025-03-27,11:45,Baneshwor,102,32.7,Medium,Cloudy
2025-05-03,9:45,Bhaktapur,104,32.0,High,Fog
2025-02-01,9:45,Koteshwor,48,33.4,High,Fog
2025-02-26,8:15,Kalanki,366,32.9,Medium,Clear
2025-01-15,12:30,Chabahil,233,35.9,Medium,Rain
2025-01-06,14:00,Koteshwor,524,10.4,High,Fog
2025-01-17,12:30,Baneshwor,351,59.3,High,Rain
2025-04-27,14:15,Bhaktapur,50,14.8,Low,Clear
2025-01-21,14:30,Chabahil,98,34.2,Medium,Clear
2025-04-12,9:15,Ratnapark,53,32.8,Medium,Fog
2025-04-18,10:00,Kalanki,122,32.4,Low,Cloudy
2025-02-20,8:00,Kalanki,97,31.7,Medium,Cloudy
2025-04-24,14:30,Bhaktapur,101,32.3,High,Rain
2025-04-23,13:45,Maharajgunj,696,38.3,High,Clear
2025-03-10,15:30,Koteshwor,53,4.6,High,Cloudy
2025-04-29,11:45,Ratnapark,96,6.1,High,Fog
2025-01-04,13:00,Ratnapark,97,3.8,Low,Rain
2025-01-17,15:15,Chabahil,54,31.8,Low,Rain
2025-01-31,14:30,Bhaktapur,99,35.1,Low,Fog
2025-02-24,8:30,Chabahil,992,34.9,Low,Fog
2025-04-21,14:00,Bhaktapur,104,35.1,Medium,Rain
2025-02-12,12:30,Bhaktapur,101,34.9,Medium,Clear
2025-01-24,8:15,Lalitpur,942,34.3,High,Fog
2025-01-30,10:00,Maharajgunj,102,49.1,High,Fog
2025-03-31,8:30,Bhaktapur,95,34.9,High,Fog
2025-03-27,10:15,Ratnapark,575,37.0,High,Rain
2025-04-29,13:15,Ratnapark,47,38.6,Low,Clear
2025-02-03,12:00,Chabahil,96,34.5,Low,Cloudy
2025-04-27,9:30,Koteshwor,554,34.7,Low,Cloudy
2025-04-20,15:00,Lalitpur,104,36.0,Low,Cloudy
2025-02-19,8:00,Ratnapark,52,38.0,Low,Clear
2025-03-05,15:45,Ratnapark,633,34.0,Low,Rain
2025-03-31,14:15,Bhaktapur,53,36.4,Low,Fog
2025-03-31,12:00,Lalitpur,46,33.4,Medium,Clear
2025-02-06,11:00,Lalitpur,103,35.7,Low,Clear
2025-02-17,13:30,Ratnapark,51,3.9,Medium,Rain
2025-03-27,13:45,Baneshwor,747,32.4,Low,Rain
2025-04-07,14:00,Ratnapark,449,39.9,Low,Clear
2025-04-23,10:30,Bhaktapur,306,36.9,High,Clear
2025-05-05,10:30,Maharajgunj,346,36.2,Medium,Rain
2025-01-29,11:15,Ratnapark,55,17.1,Low,Rain
2025-02-01,10:15,Koteshwor,104,36.7,High,Cloudy
2025-03-13,13:00,Kalanki,100,34.3,Low,Cloudy
2025-04-11,15:15,Bhaktapur,51,39.4,Medium,Rain
2025-02-13,15:00,Koteshwor,103,35.3,High,Clear
2025-03-16,14:45,Lalitpur,50,45.9,High,Fog
2025-01-26,10:00,Chabahil,856,53.4,Low,Clear
2025-03-05,12:30,Lalitpur,742,17.1,Low,Rain
2025-02-13,14:15,Ratnapark,480,36.6,Medium,Cloudy
2025-01-10,15:15,Koteshwor,102,34.1,Low,Cloudy
2025-02-06,10:30,Ratnapark,45,37.2,Low,Rain
2025-02-06,8:45,Maharajgunj,52,36.1,Medium,Fog
2025-04-11,14:15,Ratnapark,55,44.0,Low,Fog
2025-01-28,14:00,Lalitpur,279,34.7,Low,Fog
2025-01-29,14:45,Lalitpur,105,33.4,Low,Cloudy
2025-05-01,11:45,Ratnapark,101,12.4,High,Fog
2025-03-30,10:45,Lalitpur,101,33.4,High,Rain
2025-05-03,11:45,Lalitpur,99,35.1,High,Rain
2025-03-29,15:30,Ratnapark,97,16.5,Medium,Clear
2025-02-08,12:45,Koteshwor,853,34.7,High,Cloudy
2025-03-06,15:30,Koteshwor,51,10.1,High,Cloudy
2025-04-02,15:30,Maharajgunj,101,34.3,High,Fog
2025-04-28,9:00,Kalanki,105,31.1,Medium,Cloudy
2025-02-20,11:15,Maharajgunj,46,17.0,Low,Clear
2025-04-07,11:30,Kalanki,273,37.0,Medium,Fog
2025-01-19,8:15,Ratnapark,357,31.0,High,Cloudy
2025-04-20,8:15,Lalitpur,420,33.6,Medium,Cloudy
2025-04-24,8:00,Koteshwor,103,35.9,Low,Cloudy
2025-04-16,15:30,Baneshwor,104,36.0,Low,Cloudy
2025-01-16,10:30,Ratnapark,45,35.0,High,Clear
2025-01-08,10:30,Ratnapark,712,35.0,Low,Rain
2025-03-29,14:15,Lalitpur,51,33.1,Medium,Fog
2025-04-12,12:45,Kalanki,192,0.0,Medium,Clear
2025-02-06,14:00,Ratnapark,48,39.1,High,Clear
2025-03-23,15:00,Lalitpur,105,33.1,Low,Cloudy
2025-03-10,8:30,Lalitpur,95,19.4,Medium,Fog
2025-02-12,9:00,Baneshwor,97,31.7,High,Cloudy
2025-03-10,10:30,Lalitpur,742,36.8,Medium,Fog
2025-04-27,8:30,Maharajgunj,96,35.2,Low,Rain
2025-03-24,14:00,Ratnapark,548,35.3,Low,Fog
2025-01-30,13:00,Chabahil,104,29.7,Medium,Clear
2025-01-30,14:45,Bhaktapur,104,14.3,Low,Cloudy
2025-03-18,14:15,Ratnapark,51,33.5,Medium,Cloudy
2025-01-13,10:00,Baneshwor,772,61.3,Medium,Rain
2025-02-11,15:00,Lalitpur,99,33.1,Medium,Fog
2025-02-02,8:00,Chabahil,54,31.8,Low,Rain
2025-04-29,12:30,Baneshwor,436,35.3,Low,Cloudy
2025-04-16,15:00,Kalanki,185,29.2,High,Cloudy
2025-01-03,10:45,Chabahil,98,32.7,Medium,Cloudy
2025-02-15,10:00,Bhaktapur,965,38.5,High,Cloudy
2025-01-01,11:00,Baneshwor,55,37.9,Medium,Clear
2025-01-04,9:45,Kalanki,52,36.0,Low,Clear
2025-02-28,12:30,Maharajgunj,906,35.6,High,Cloudy
2025-03-03,10:30,Ratnapark,45,31.1,Low,Rain
2025-04-06,9:00,Koteshwor,196,48.5,Low,Fog
2025-01-30,9:45,Kalanki,100,10.4,Low,Fog
2025-02-25,12:45,Ratnapark,550,33.6,Low,Fog
2025-03-25,9:30,Bhaktapur,102,34.3,High,Rain
2025-03-10,15:45,Lalitpur,55,37.6,Low,Fog
2025-03-21,13:00,Kalanki,96,7.9,High,Fog
2025-02-03,12:45,Ratnapark,169,56.3,High,Fog
2025-05-01,10:00,Bhaktapur,103,36.5,Medium,Fog
2025-02-15,14:00,Chabahil,992,32.2,High,Rain
2025-01-13,13:45,Bhaktapur,100,17.3,Medium,Fog
2025-02-13,15:15,Baneshwor,656,33.5,Low,Clear
2025-02-21,11:15,Maharajgunj,49,15.1,Low,Clear
2025-02-07,11:00,Lalitpur,102,34.3,Low,Clear
2025-03-02,11:45,Koteshwor,729,34.4,Medium,Fog
2025-04-17,13:00,Maharajgunj,98,33.7,Medium,Fog
2025-03-28,11:15,Baneshwor,102,32.9,Low,Rain
2025-01-19,12:30,Baneshwor,351,61.2,High,Rain
2025-03-31,14:15,Bhaktapur,55,34.3,Low,Fog
2025-04-30,10:15,Chabahil,104,36.2,High,Cloudy
2025-03-14,8:45,Chabahil,55,32.8,Low,Clear
2025-04-30,12:00,Koteshwor,96,33.7,High,Cloudy
2025-02-16,11:15,Ratnapark,101,34.6,High,Clear
2025-03-10,13:30,Koteshwor,99,56.7,High,Clear
2025-02-11,14:45,Chabahil,732,36.5,Medium,Cloudy
2025-01-09,14:30,Maharajgunj,351,35.1,Low,Rain
2025-03-15,15:45,Ratnapark,504,36.5,Low,Rain
2025-04-25,13:45,Maharajgunj,55,33.7,High,Cloudy
2025-01-24,9:30,Chabahil,104,4.8,Low,Rain
2025-04-21,13:00,Maharajgunj,101,33.1,Medium,Fog
2025-01-02,12:30,Ratnapark,101,36.5,Low,Clear
2025-04-03,15:15,Chabahil,96,42.1,High,Cloudy
2025-01-01,15:00,Chabahil,45,21.0,High,Clear
2025-02-24,14:00,Lalitpur,104,34.9,Low,Rain
2025-03-18,15:00,Maharajgunj,46,34.6,High,Fog
2025-04-16,12:00,Kalanki,52,34.2,High,Clear
2025-03-19,10:15,Baneshwor,55,33.4,Medium,Fog
2025-02-24,10:15,Chabahil,824,31.8,High,Fog
2025-05-03,15:00,Maharajgunj,747,37.8,High,Fog
2025-03-22,14:30,Baneshwor,105,34.0,Low,Cloudy
2025-03-09,11:45,Bhaktapur,48,19.7,Low,Clear
2025-03-20,15:45,Kalanki,916,38.7,High,Rain
2025-05-01,11:00,Chabahil,987,37.2,Low,Cloudy
2025-01-10,8:45,Bhaktapur,555,38.9,Medium,Fog
2025-02-01,12:45,Ratnapark,169,57.3,High,Fog
2025-02-09,8:30,Ratnapark,47,34.7,Medium,Cloudy
2025-03-06,12:45,Baneshwor,554,42.8,Medium,Rain
2025-04-06,8:00,Koteshwor,569,47.1,Medium,Clear
2025-03-15,12:00,Baneshwor,112,19.5,Medium,Rain
2025-03-10,9:15,Baneshwor,50,51.4,Medium,Fog
2025-03-16,9:15,Ratnapark,645,30.8,High,Rain
2025-03-21,8:30,Ratnapark,166,37.2,High,Rain
2025-02-13,9:30,Baneshwor,102,35.8,Medium,Fog
2025-02-16,8:30,Ratnapark,53,34.5,High,Rain
2025-03-29,12:30,Kalanki,104,28.2,Medium,Cloudy
2025-04-25,13:15,Bhaktapur,105,32.9,Medium,Clear
2025-02-18,11:15,Ratnapark,96,33.4,High,Clear
2025-03-31,15:15,Chabahil,99,40.1,High,Cloudy
2025-04-12,15:15,Bhaktapur,46,36.5,Medium,Rain
2025-02-10,8:45,Bhaktapur,105,33.4,Low,Clear
2025-04-01,9:30,Bhaktapur,253,35.0,High,Clear
2025-02-12,9:30,Baneshwor,101,37.0,Medium,Fog
2025-03-24,12:15,Ratnapark,104,37.7,High,Fog
2025-04-17,8:30,Kalanki,48,48.9,Low,Fog
2025-01-22,9:30,Baneshwor,96,35.8,Low,Clear
2025-03-16,12:00,Baneshwor,115,21.2,Medium,Rain
2025-03-22,12:30,Lalitpur,54,38.4,High,Cloudy
2025-04-15,14:45,Ratnapark,53,34.7,High,Rain
2025-03-03,11:45,Koteshwor,723,35.2,Medium,Fog
2025-01-21,10:30,Maharajgunj,648,34.2,Medium,Cloudy
2025-04-08,14:30,Baneshwor,51,37.4,Low,Cloudy
2025-01-17,10:30,Baneshwor,613,35.4,High,Clear
2025-01-27,10:45,Chabahil,673,36.5,High,Clear
2025-03-22,13:00,Ratnapark,101,48.7,High,Rain
2025-04-12,13:00,Baneshwor,807,10.6,High,Rain
2025-03-11,10:45,Bhaktapur,101,31.9,Medium,Fog
2025-01-01,9:00,Chabahil,970,35.7,Medium,Clear
2025-01-15,9:00,Koteshwor,933,33.1,High,Rain
2025-01-20,9:30,Lalitpur,96,33.0,High,Cloudy
2025-03-03,15:30,Koteshwor,52,8.3,High,Clear
2025-02-27,15:30,Bhaktapur,778,47.8,Medium,Cloudy
2025-02-11,8:00,Chabahil,96,54.3,High,Clear
2025-04-24,8:45,Koteshwor,47,6.4,High,Clear
2025-02-16,9:15,Maharajgunj,124,35.1,High,Clear
2025-01-09,13:45,Chabahil,351,39.0,Low,Rain
2025-04-05,10:15,Baneshwor,51,35.6,Medium,Fog
2025-03-03,15:45,Baneshwor,55,37.0,High,Clear
2025-04-06,9:15,Koteshwor,49,36.3,High,Cloudy
2025-04-15,15:00,Lalitpur,505,33.0,High,Rain
2025-03-03,8:15,Lalitpur,356,33.0,High,Cloudy
2025-02-18,10:45,Baneshwor,122,35.6,Medium,Fog
2025-02-26,9:30,Chabahil,321,62.0,Medium,Fog
2025-04-26,8:00,Koteshwor,101,35.3,Low,Cloudy
2025-03-20,14:15,Ratnapark,46,28.8,Medium,Cloudy
2025-05-04,14:30,Baneshwor,102,13.9,Medium,Cloudy
2025-04-30,13:45,Lalitpur,100,31.4,Medium,Clear
2025-04-18,12:00,Baneshwor,47,10.3,Low,Clear
2025-03-25,13:45,Baneshwor,741,35.2,Low,Rain
2025-03-20,14:30,Baneshwor,99,37.1,Medium,Rain
2025-03-07,11:45,Chabahil,121,32.6,Low,Rain
2025-01-23,10:30,Maharajgunj,651,34.2,Medium,Cloudy
2025-03-09,9:45,Maharajgunj,96,17.0,Low,Cloudy
2025-03-07,13:00,Chabahil,52,34.7,Low,Rain
2025-04-22,11:00,Lalitpur,833,36.5,Low,Cloudy
2025-04-29,15:15,Maharajgunj,512,11.0,Low,Fog
2025-04-11,10:00,Baneshwor,103,35.0,Low,Rain
2025-03-30,14:15,Lalitpur,51,36.7,Medium,Fog
2025-01-02,13:00,Koteshwor,47,31.3,Low,Fog
2025-03-04,15:30,Kalanki,55,34.9,High,Clear
2025-03-28,14:45,Koteshwor,313,32.6,High,Fog
2025-04-06,14:45,Baneshwor,48,18.7,High,Rain
2025-01-13,10:15,Chabahil,104,30.0,High,Fog
2025-03-05,12:15,Chabahil,434,37.8,High,Fog
2025-03-22,9:15,Bhaktapur,53,34.3,Low,Rain
2025-03-27,10:30,Chabahil,49,43.4,High,Fog
2025-05-05,8:00,Lalitpur,96,35.7,Medium,Rain
2025-03-28,9:00,Kalanki,815,0.0,High,Rain
2025-03-01,8:30,Koteshwor,100,32.7,High,Clear
2025-01-20,11:30,Chabahil,101,38.0,High,Cloudy
2025-02-02,15:45,Chabahil,934,11.6,Medium,Rain
2025-01-07,9:00,Maharajgunj,95,6.8,High,Clear
2025-02-03,10:00,Maharajgunj,101,54.1,High,Fog
2025-04-20,9:00,Kalanki,866,35.7,High,Clear
2025-01-21,12:45,Ratnapark,47,32.2,Low,Cloudy
2025-01-07,15:30,Lalitpur,98,45.1,Low,Rain
2025-01-18,10:00,Baneshwor,96,46.1,Low,Cloudy
2025-04-06,13:45,Baneshwor,101,32.1,High,Cloudy
2025-04-13,14:15,Ratnapark,49,50.6,Low,Fog
2025-03-25,13:00,Chabahil,45,0.0,Medium,Cloudy
2025-02-15,9:15,Maharajgunj,125,38.2,High,Clear
2025-02-21,11:00,Maharajgunj,104,34.4,Low,Clear
2025-04-07,8:00,Koteshwor,51,8.6,Medium,Fog
2025-03-12,8:45,Maharajgunj,525,32.8,Low,Fog
2025-02-14,14:00,Chabahil,993,37.8,High,Rain
2025-02-20,10:45,Lalitpur,51,33.8,Medium,Rain
2025-03-04,13:45,Ratnapark,55,8.3,High,Rain
2025-02-03,10:15,Koteshwor,46,42.8,High,Clear
2025-02-13,15:15,Baneshwor,659,32.4,Low,Clear
2025-01-07,10:45,Ratnapark,95,35.5,Low,Fog
2025-01-11,12:45,Chabahil,191,33.4,Medium,Fog
2025-03-19,14:30,Baneshwor,101,37.2,Medium,Rain
2025-03-23,14:30,Baneshwor,98,33.9,Low,Cloudy
2025-01-29,8:00,Baneshwor,908,31.5,Low,Rain
2025-03-27,13:30,Koteshwor,191,37.8,High,Clear
2025-03-15,14:00,Lalitpur,293,36.4,Low,Rain
2025-01-14,12:30,Chabahil,225,35.1,Medium,Rain
2025-01-11,15:00,Kalanki,53,37.2,High,Rain
2025-01-19,11:15,Ratnapark,54,36.7,Low,Rain
2025-02-06,12:30,Chabahil,48,33.5,High,Fog
2025-04-28,15:15,Maharajgunj,512,13.1,Low,Fog
2025-04-06,15:15,Baneshwor,103,14.8,Medium,Clear
2025-03-16,15:00,Maharajgunj,47,32.1,High,Fog
2025-02-22,9:00,Bhaktapur,53,36.2,Medium,Fog
2025-02-16,14:00,Koteshwor,95,49.8,Low,Clear
2025-02-19,13:30,Bhaktapur,101,36.5,High,Rain
2025-04-22,14:00,Baneshwor,322,28.6,Low,Cloudy
2025-01-18,14:45,Maharajgunj,101,59.5,Medium,Rain
2025-04-21,14:45,Chabahil,54,36.7,Low,Fog
2025-04-08,12:00,Baneshwor,674,30.8,High,Fog
2025-03-25,13:00,Ratnapark,98,47.4,High,Rain
2025-02-12,11:30,Ratnapark,194,36.9,Medium,Cloudy
2025-02-18,14:00,Ratnapark,52,32.7,Low,Fog
2025-03-21,13:30,Kalanki,818,35.2,Medium,Clear
2025-03-16,12:30,Koteshwor,98,36.0,High,Fog
2025-03-31,8:30,Bhaktapur,105,35.9,High,Fog
2025-03-02,10:15,Lalitpur,50,35.7,Medium,Cloudy
2025-01-04,11:00,Baneshwor,50,36.2,Medium,Clear
2025-01-19,9:45,Chabahil,45,35.4,Low,Rain
2025-03-29,15:00,Chabahil,96,32.1,High,Cloudy
2025-03-02,10:00,Chabahil,48,44.0,Low,Clear
2025-05-04,14:45,Lalitpur,100,35.6,Medium,Fog
2025-02-14,10:45,Baneshwor,125,32.1,Medium,Fog
2025-04-14,15:45,Maharajgunj,95,37.8,High,Clear
2025-01-23,8:15,Lalitpur,942,36.1,High,Fog
2025-02-13,10:15,Maharajgunj,46,32.2,High,Fog
2025-01-06,15:15,Maharajgunj,329,33.4,High,Cloudy
2025-04-25,8:45,Ratnapark,334,20.9,Low,Cloudy
2025-04-21,13:45,Maharajgunj,696,33.9,High,Clear
2025-03-01,13:30,Chabahil,230,35.6,Low,Fog
2025-01-29,9:30,Baneshwor,54,33.0,Medium,Rain
2025-03-30,11:45,Bhaktapur,409,37.3,Medium,Clear
2025-03-26,9:15,Maharajgunj,54,37.1,High,Cloudy
2025-04-08,15:30,Maharajgunj,842,36.2,Low,Cloudy
2025-01-29,8:00,Baneshwor,913,35.1,Low,Rain
2025-02-10,12:45,Ratnapark,804,42.9,Low,Cloudy
2025-02-18,8:30,Ratnapark,45,34.4,High,Rain
2025-04-26,14:30,Chabahil,50,33.6,Low,Cloudy
2025-02-27,10:00,Bhaktapur,50,22.4,Low,Fog
2025-02-18,14:15,Lalitpur,156,35.6,High,Fog
2025-01-29,13:45,Kalanki,55,33.6,Low,Rain
2025-03-13,13:30,Kalanki,102,40.2,Low,Cloudy
2025-04-25,10:30,Maharajgunj,50,33.5,Low,Fog
2025-01-04,11:15,Kalanki,303,39.0,High,Clear
2025-01-22,8:45,Bhaktapur,104,35.0,High,Fog
2025-01-26,15:45,Koteshwor,577,35.3,Low,Rain
2025-02-04,11:00,Koteshwor,813,52.4,High,Cloudy
2025-04-10,11:30,Kalanki,275,32.6,Medium,Fog
2025-04-15,12:00,Kalanki,51,37.2,High,Clear
2025-01-20,11:45,Baneshwor,679,46.8,High,Cloudy
2025-02-11,12:45,Lalitpur,105,43.7,Medium,Clear
2025-02-22,13:00,Chabahil,299,34.4,Low,Cloudy
2025-02-25,11:15,Koteshwor,50,18.1,High,Clear
2025-01-01,15:45,Bhaktapur,48,5.0,High,Clear
2025-04-25,11:15,Baneshwor,670,32.6,Medium,Clear
2025-03-22,8:45,Baneshwor,95,24.4,Low,Cloudy
2025-03-26,14:45,Baneshwor,143,30.9,Medium,Fog
2025-01-15,9:00,Maharajgunj,100,8.2,Low,Cloudy
2025-01-12,12:45,Chabahil,193,35.6,Medium,Fog
2025-04-22,10:30,Baneshwor,102,33.0,High,Clear
2025-01-08,11:15,Bhaktapur,96,35.0,High,Rain
2025-04-05,11:30,Lalitpur,865,36.6,Medium,Clear
2025-01-21,15:30,Lalitpur,826,0.0,High,Fog
2025-04-27,9:30,Koteshwor,562,32.5,Low,Cloudy
2025-01-26,13:15,Bhaktapur,98,20.3,High,Fog
2025-02-01,9:45,Chabahil,53,35.0,Low,Fog
2025-04-06,8:45,Baneshwor,96,12.9,Medium,Clear
2025-01-16,9:45,Ratnapark,95,9.8,High,Clear
2025-01-24,10:45,Chabahil,677,36.0,High,Clear
2025-02-08,15:00,Kalanki,680,54.4,Medium,Clear
2025-02-08,9:30,Ratnapark,52,32.2,Medium,Rain
2025-03-13,9:15,Ratnapark,886,13.3,Low,Rain
2025-05-05,13:15,Maharajgunj,102,34.4,High,Rain
2025-04-02,11:45,Lalitpur,409,37.9,Low,Rain
2025-05-05,9:45,Bhaktapur,103,35.3,High,Fog
2025-04-11,10:45,Bhaktapur,54,33.7,Medium,Clear
2025-02-02,13:45,Chabahil,859,36.7,Medium,Clear
2025-01-25,10:15,Bhaktapur,53,36.1,High,Cloudy
2025-03-15,11:30,Chabahil,105,33.4,High,Fog
2025-03-01,11:45,Koteshwor,731,34.3,Medium,Fog
2025-03-26,15:45,Maharajgunj,100,34.3,Low,Cloudy
2025-02-08,13:45,Kalanki,98,5.5,High,Clear
2025-03-17,14:00,Chabahil,875,35.4,Medium,Clear
2025-04-16,15:00,Lalitpur,512,36.5,High,Rain
2025-04-16,11:45,Bhaktapur,48,36.0,Low,Clear
2025-01-21,11:15,Ratnapark,51,35.7,Low,Rain
2025-01-21,13:00,Kalanki,45,3.6,Low,Clear
2025-02-24,8:45,Kalanki,596,12.3,High,Fog
2025-02-09,13:45,Bhaktapur,47,35.2,Medium,Cloudy
2025-01-25,9:00,Kalanki,936,32.3,High,Rain
2025-03-28,12:15,Lalitpur,49,33.5,High,Fog
2025-04-03,15:30,Maharajgunj,97,34.3,Medium,Fog
2025-01-18,12:30,Baneshwor,344,57.9,High,Rain
2025-02-07,8:30,Lalitpur,49,17.6,Low,Cloudy
2025-04-16,15:30,Baneshwor,95,33.3,Low,Cloudy
2025-01-29,13:15,Bhaktapur,103,22.6,High,Fog
2025-04-14,8:00,Maharajgunj,104,53.4,Medium,Clear
2025-04-03,12:30,Bhaktapur,104,35.1,High,Cloudy
2025-02-21,9:30,Bhaktapur,48,10.0,High,Rain
2025-02-03,11:45,Bhaktapur,103,4.5,Medium,Cloudy
2025-02-03,8:00,Bhaktapur,48,34.6,High,Rain
2025-04-11,8:00,Lalitpur,647,32.8,High,Rain
2025-04-19,11:30,Kalanki,662,52.1,Medium,Rain
2025-02-21,13:30,Maharajgunj,103,20.6,Medium,Fog
2025-01-26,11:15,Ratnapark,97,56.0,Low,Cloudy
2025-02-12,15:00,Koteshwor,99,33.5,High,Clear
2025-01-09,9:00,Maharajgunj,97,9.8,High,Clear
2025-04-19,8:30,Bhaktapur,879,34.6,Medium,Rain
2025-01-27,9:30,Baneshwor,45,34.4,Medium,Rain
2025-04-11,13:15,Ratnapark,735,34.4,Low,Rain
2025-03-22,14:30,Koteshwor,96,34.8,High,Rain
2025-03-23,15:00,Lalitpur,103,34.2,Low,Cloudy
2025-03-19,12:30,Lalitpur,51,33.3,High,Cloudy
2025-01-17,8:15,Ratnapark,362,37.0,High,Cloudy
2025-02-23,13:15,Chabahil,258,33.8,Medium,Cloudy
2025-04-15,15:45,Baneshwor,103,30.2,Low,Fog
2025-01-10,15:15,Maharajgunj,327,35.9,High,Cloudy
2025-03-16,13:45,Koteshwor,54,35.6,Low,Fog
2025-01-10,15:00,Lalitpur,96,33.2,Medium,Rain
2025-04-29,10:15,Lalitpur,95,36.5,Low,Cloudy
2025-05-02,11:45,Ratnapark,103,13.1,High,Fog
2025-03-18,14:45,Lalitpur,52,52.4,High,Fog
2025-02-18,9:30,Bhaktapur,105,5.1,High,Cloudy
2025-03-24,10:00,Kalanki,892,34.2,Medium,Cloudy
2025-03-19,8:45,Baneshwor,101,24.6,Low,Cloudy
2025-03-10,9:45,Maharajgunj,97,15.5,Low,Cloudy
2025-04-25,10:30,Bhaktapur,308,34.9,High,Clear
2025-01-13,9:15,Kalanki,376,36.8,Medium,Cloudy
2025-01-06,12:00,Lalitpur,994,36.8,Low,Fog
2025-03-26,10:30,Chabahil,54,44.2,High,Fog
2025-04-23,8:15,Lalitpur,420,37.1,Medium,Cloudy
2025-05-02,9:45,Bhaktapur,104,38.8,High,Fog
2025-03-20,13:30,Kalanki,814,34.4,Medium,Clear
2025-04-19,8:15,Kalanki,102,14.4,Medium,Clear
2025-01-19,9:45,Baneshwor,55,38.5,Low,Cloudy
2025-02-20,9:15,Maharajgunj,96,32.5,Low,Rain
2025-01-08,9:30,Maharajgunj,244,41.2,Low,Fog
2025-02-09,11:00,Lalitpur,103,33.0,Low,Clear
2025-02-20,12:45,Baneshwor,97,39.1,High,Rain
2025-04-13,14:45,Bhaktapur,48,36.2,Low,Rain
2025-02-28,14:30,Lalitpur,476,36.9,Medium,Clear
2025-04-26,12:00,Koteshwor,104,34.9,High,Cloudy
2025-01-29,10:15,Koteshwor,97,33.0,High,Cloudy
2025-01-21,14:30,Koteshwor,97,34.0,Medium,Fog
2025-03-14,12:00,Baneshwor,116,23.5,Medium,Rain
2025-03-02,9:15,Maharajgunj,52,33.7,Low,Fog
2025-01-20,12:45,Ratnapark,50,36.3,Low,Cloudy
2025-01-14,12:00,Kalanki,98,36.4,High,Cloudy
2025-02-10,8:45,Bhaktapur,95,35.0,Low,Clear
2025-04-27,9:00,Maharajgunj,98,31.3,Low,Fog
2025-02-23,11:15,Maharajgunj,52,18.4,Low,Clear
2025-04-13,13:15,Lalitpur,466,29.6,High,Clear
2025-02-22,9:45,Bhaktapur,46,13.4,Medium,Rain
2025-01-11,8:30,Maharajgunj,47,36.3,Low,Fog
2025-03-24,15:00,Koteshwor,51,25.6,High,Fog
2025-02-06,15:15,Chabahil,105,35.9,Low,Clear
2025-02-20,12:00,Ratnapark,346,52.0,High,Cloudy
2025-04-26,11:15,Baneshwor,98,37.1,Medium,Clear
2025-04-14,15:00,Kalanki,188,40.1,High,Cloudy
2025-02-04,15:45,Chabahil,937,3.8,Medium,Rain
2025-02-09,13:45,Kalanki,102,2.4,High,Clear
2025-02-26,15:30,Chabahil,101,34.8,Low,Fog
2025-04-03,8:00,Koteshwor,569,51.8,Medium,Clear
2025-01-06,8:00,Kalanki,702,39.2,Low,Clear
2025-05-05,15:15,Koteshwor,95,35.8,High,Fog
2025-04-23,9:30,Lalitpur,48,39.3,Low,Clear
2025-02-11,9:00,Baneshwor,100,32.3,High,Cloudy
2025-03-01,8:45,Ratnapark,100,5.9,Medium,Clear
2025-01-27,13:00,Chabahil,103,35.7,High,Cloudy
2025-04-13,15:00,Kalanki,194,37.4,High,Cloudy
2025-04-02,14:45,Baneshwor,49,19.2,High,Rain
2025-03-28,12:15,Lalitpur,49,36.6,High,Fog
2025-02-27,15:00,Chabahil,100,32.5,High,Clear
2025-03-10,9:15,Baneshwor,55,52.4,Medium,Fog
2025-04-04,15:15,Chabahil,100,42.7,High,Cloudy
2025-02-15,14:30,Koteshwor,441,35.2,Medium,Clear
2025-02-26,13:15,Chabahil,262,34.4,Medium,Cloudy
2025-04-09,13:45,Baneshwor,102,37.3,High,Cloudy
2025-02-09,12:45,Lalitpur,100,38.2,Medium,Clear
2025-03-07,9:30,Koteshwor,55,31.5,High,Cloudy
2025-03-17,12:15,Kalanki,99,32.3,Low,Fog
2025-05-02,15:30,Baneshwor,97,37.0,Low,Cloudy
2025-01-22,13:15,Chabahil,95,5.1,Low,Clear
2025-04-18,11:30,Kalanki,662,56.8,Medium,Rain
2025-03-12,14:45,Baneshwor,100,34.4,Low,Clear
2025-01-23,9:30,Baneshwor,100,36.6,Low,Clear
2025-04-23,9:00,Kalanki,871,34.5,High,Clear
2025-03-31,9:30,Bhaktapur,251,40.5,High,Clear
2025-03-14,11:45,Koteshwor,296,38.8,Low,Clear
2025-02-10,12:45,Koteshwor,849,34.4,High,Cloudy
2025-01-04,11:00,Kalanki,489,34.1,Low,Cloudy
2025-04-30,14:30,Kalanki,700,41.3,Medium,Rain
2025-02-07,14:45,Ratnapark,452,32.8,Medium,Clear
2025-05-02,14:45,Lalitpur,105,34.9,Medium,Fog
2025-02-21,10:45,Lalitpur,52,35.0,Medium,Rain
2025-01-20,8:15,Ratnapark,360,35.0,High,Cloudy
2025-01-27,8:30,Lalitpur,779,31.5,Low,Rain
2025-05-02,8:00,Chabahil,51,36.0,Medium,Rain
2025-04-05,11:45,Lalitpur,409,33.1,Low,Rain
2025-02-27,15:45,Chabahil,322,41.9,Medium,Fog
2025-03-15,12:15,Ratnapark,187,32.1,Low,Cloudy
2025-04-24,8:15,Kalanki,98,35.1,Low,Fog
2025-02-23,14:45,Lalitpur,104,30.6,Low,Rain
2025-04-17,8:45,Koteshwor,97,30.7,Medium,Rain
2025-02-27,10:15,Maharajgunj,968,33.3,High,Clear
2025-02-23,14:45,Lalitpur,103,33.6,Low,Rain
2025-01-03,10:30,Ratnapark,52,37.9,High,Clear
2025-02-19,8:45,Kalanki,104,34.9,Low,Cloudy
2025-02-20,15:00,Maharajgunj,46,52.6,High,Rain
2025-01-07,9:00,Maharajgunj,100,7.2,High,Clear
2025-01-28,13:15,Bhaktapur,97,22.2,High,Fog
2025-03-26,11:00,Maharajgunj,660,9.5,Medium,Clear
2025-01-16,9:45,Ratnapark,99,6.4,High,Clear
2025-01-15,13:15,Chabahil,101,31.4,High,Fog
2025-04-22,9:00,Kalanki,872,35.7,High,Clear
2025-03-29,8:00,Ratnapark,613,8.5,High,Fog
2025-02-16,12:45,Baneshwor,104,36.6,High,Rain
2025-04-10,10:15,Koteshwor,45,35.4,Medium,Clear
2025-02-11,14:15,Chabahil,705,39.1,Medium,Clear
2025-01-12,15:00,Kalanki,51,35.4,High,Rain
2025-02-21,15:00,Kalanki,101,37.0,High,Cloudy
2025-03-12,13:00,Kalanki,100,33.4,Low,Clear
2025-04-15,9:30,Ratnapark,50,57.2,High,Clear
2025-01-16,9:45,Kalanki,46,53.4,Low,Clear
2025-03-16,9:15,Koteshwor,47,2.8,Low,Rain
2025-03-23,15:00,Koteshwor,47,27.7,High,Fog
2025-03-18,10:00,Ratnapark,423,35.7,Medium,Cloudy
2025-02-14,9:15,Maharajgunj,119,33.4,High,Clear
2025-03-12,13:00,Ratnapark,103,37.1,Low,Clear
2025-02-17,14:15,Lalitpur,160,33.3,High,Fog
2025-04-25,14:30,Chabahil,46,36.3,Low,Cloudy
2025-01-23,10:00,Maharajgunj,838,37.6,Medium,Cloudy
2025-03-14,11:30,Bhaktapur,816,34.2,Low,Clear
2025-03-03,10:30,Ratnapark,50,37.3,Low,Rain
2025-05-01,12:45,Ratnapark,673,35.8,Low,Cloudy
2025-01-17,13:15,Baneshwor,101,36.7,High,Rain
2025-01-18,15:00,Koteshwor,100,33.3,Medium,Fog
2025-01-18,13:00,Kalanki,50,1.4,Low,Clear
2025-04-03,11:45,Lalitpur,411,32.2,Low,Rain
2025-04-26,12:30,Chabahil,105,38.4,High,Fog
2025-02-06,14:30,Ratnapark,102,31.0,Low,Clear
2025-01-21,12:30,Kalanki,103,34.3,Medium,Rain
2025-04-05,15:30,Maharajgunj,100,33.1,Medium,Fog
2025-03-26,10:00,Kalanki,346,36.3,Medium,Fog
2025-04-05,14:45,Chabahil,936,38.8,Low,Clear
2025-01-08,9:15,Kalanki,97,36.3,Low,Fog
2025-03-25,12:00,Ratnapark,47,15.9,Low,Cloudy
2025-01-29,8:45,Kalanki,282,32.2,Medium,Clear
2025-01-01,14:15,Baneshwor,393,32.4,Low,Fog
2025-02-28,12:15,Baneshwor,95,5.2,Low,Fog
2025-02-25,15:30,Chabahil,105,35.2,Low,Fog
2025-04-11,14:15,Ratnapark,48,43.9,Low,Fog
2025-04-26,11:00,Chabahil,101,25.5,High,Fog
2025-02-17,8:45,Kalanki,99,36.2,Low,Cloudy
2025-03-17,10:15,Maharajgunj,104,9.5,High,Rain
2025-03-03,13:15,Ratnapark,835,5.7,Medium,Rain
2025-01-28,15:30,Ratnapark,104,34.2,Low,Cloudy
2025-01-23,9:30,Baneshwor,98,34.4,Low,Clear
2025-01-17,9:00,Maharajgunj,96,9.0,Low,Cloudy
2025-02-13,13:30,Maharajgunj,103,33.2,Medium,Clear
2025-01-24,13:00,Chabahil,96,18.6,High,Cloudy
2025-04-04,15:15,Baneshwor,96,18.2,Medium,Clear
2025-01-28,11:45,Ratnapark,46,36.6,High,Clear
2025-03-16,13:00,Lalitpur,926,37.9,Low,Rain
2025-02-10,14:45,Lalitpur,974,29.9,High,Cloudy
2025-02-17,11:30,Ratnapark,50,35.3,Low,Cloudy
2025-03-28,8:00,Ratnapark,51,32.2,Low,Cloudy
2025-03-15,15:00,Maharajgunj,182,34.5,High,Rain
2025-04-16,14:45,Ratnapark,49,34.5,High,Rain
2025-01-27,8:45,Kalanki,279,31.5,Medium,Clear
2025-03-13,12:00,Kalanki,472,36.8,Low,Rain
2025-04-04,12:30,Bhaktapur,98,35.4,High,Cloudy
2025-01-10,8:30,Maharajgunj,54,36.6,Low,Fog
2025-02-15,8:30,Ratnapark,45,29.4,High,Rain
2025-03-06,15:45,Bhaktapur,45,43.9,Low,Fog
2025-01-26,8:00,Baneshwor,911,33.3,Low,Rain
2025-04-29,10:15,Koteshwor,101,38.0,Low,Rain
2025-03-08,10:00,Koteshwor,97,4.2,High,Rain
2025-03-27,8:30,Baneshwor,101,35.5,Medium,Cloudy
2025-01-07,14:30,Lalitpur,208,34.1,High,Fog
2025-03-27,8:30,Baneshwor,96,35.8,Medium,Cloudy
2025-03-17,15:00,Maharajgunj,54,33.1,High,Fog
2025-03-18,9:15,Bhaktapur,48,34.8,Low,Rain
2025-02-20,15:45,Ratnapark,54,33.8,Low,Fog
2025-04-09,10:15,Chabahil,673,40.5,High,Rain
2025-04-23,9:15,Maharajgunj,108,37.9,Low,Rain
2025-04-03,15:15,Chabahil,95,46.1,High,Cloudy
2025-01-21,15:30,Lalitpur,824,1.0,High,Fog
2025-03-14,14:15,Chabahil,96,47.7,High,Rain
2025-03-17,9:15,Koteshwor,102,34.4,Low,Rain
2025-03-04,14:30,Lalitpur,471,37.4,Medium,Clear
2025-01-28,15:30,Koteshwor,616,35.6,Low,Rain
2025-03-15,9:45,Baneshwor,311,22.0,Medium,Clear
2025-03-15,8:00,Chabahil,101,35.5,Low,Rain
2025-03-24,15:30,Ratnapark,55,48.4,Medium,Cloudy
2025-02-20,8:00,Kalanki,96,33.5,Medium,Cloudy
2025-04-19,10:15,Chabahil,49,35.7,Medium,Rain
2025-01-08,11:00,Kalanki,498,37.3,Low,Cloudy
2025-03-17,12:45,Bhaktapur,102,43.9,Medium,Rain
2025-02-21,15:00,Kalanki,105,34.9,High,Cloudy
2025-04-01,12:30,Bhaktapur,95,31.8,High,Cloudy
2025-03-24,10:00,Ratnapark,95,37.9,High,Cloudy
2025-04-11,13:15,Ratnapark,736,37.2,Low,Rain
2025-03-01,12:45,Ratnapark,548,36.3,Low,Fog
2025-04-21,12:45,Ratnapark,101,19.8,High,Cloudy
2025-03-24,10:00,Kalanki,894,38.1,Medium,Cloudy
2025-03-09,8:15,Bhaktapur,200,41.4,Medium,Fog
2025-04-28,9:15,Bhaktapur,98,33.2,Low,Rain
2025-02-10,14:15,Ratnapark,489,37.1,Medium,Cloudy
2025-03-13,15:45,Bhaktapur,96,37.0,Low,Cloudy
2025-02-01,12:30,Lalitpur,46,32.6,High,Cloudy
2025-01-08,15:00,Lalitpur,104,33.9,Medium,Rain
2025-03-16,15:00,Baneshwor,45,38.4,Low,Fog
2025-04-30,11:30,Koteshwor,103,38.8,Medium,Clear
2025-01-28,13:30,Kalanki,101,36.6,Low,Fog
2025-02-08,11:45,Lalitpur,54,13.7,Low,Rain
2025-03-24,10:00,Kalanki,891,36.3,Medium,Cloudy
2025-04-28,9:30,Maharajgunj,46,32.2,Low,Rain
2025-04-25,10:30,Maharajgunj,47,31.0,Low,Fog
2025-01-23,8:15,Chabahil,659,50.5,Low,Cloudy
2025-01-24,12:30,Maharajgunj,49,37.9,Medium,Fog
2025-01-01,8:15,Chabahil,97,34.5,High,Cloudy
2025-01-10,12:15,Baneshwor,53,33.9,Low,Rain
2025-04-28,15:45,Baneshwor,96,6.4,Low,Fog
2025-04-20,8:30,Bhaktapur,51,34.6,Low,Fog
2025-02-01,8:00,Chabahil,54,34.9,Low,Rain
2025-04-16,10:15,Bhaktapur,100,38.4,High,Rain
2025-04-02,12:30,Bhaktapur,100,34.3,High,Cloudy
2025-03-17,14:30,Maharajgunj,101,33.7,Medium,Rain
2025-04-16,12:00,Kalanki,50,36.6,High,Clear
2025-02-05,8:30,Lalitpur,46,13.6,Low,Cloudy
2025-01-23,15:45,Koteshwor,105,34.7,Medium,Cloudy
2025-01-10,13:00,Lalitpur,49,32.4,High,Clear
2025-02-16,10:00,Lalitpur,97,35.4,Medium,Clear
2025-02-28,13:00,Lalitpur,53,35.1,Low,Fog
2025-01-03,13:45,Kalanki,102,36.9,Low,Fog
2025-01-23,15:30,Kalanki,254,36.7,Low,Clear
2025-02-26,11:00,Maharajgunj,55,52.1,Low,Fog
2025-04-08,10:00,Baneshwor,96,35.8,Low,Fog
2025-04-20,15:30,Baneshwor,95,34.9,High,Cloudy
2025-03-12,8:45,Maharajgunj,525,31.2,Low,Fog
2025-03-30,10:30,Chabahil,48,42.8,High,Fog
2025-03-14,9:15,Ratnapark,889,8.3,Low,Rain
2025-03-16,12:30,Koteshwor,105,37.3,High,Fog
2025-03-20,12:45,Bhaktapur,96,46.3,Medium,Rain
2025-01-06,13:15,Ratnapark,51,34.7,Low,Clear
2025-04-01,9:30,Maharajgunj,780,52.1,Medium,Rain
2025-03-01,8:30,Baneshwor,782,33.5,Low,Fog
2025-01-28,13:00,Chabahil,101,33.6,High,Cloudy
2025-03-04,11:45,Bhaktapur,339,30.3,Low,Fog
2025-04-03,11:45,Lalitpur,414,36.1,Low,Rain
2025-04-20,10:15,Bhaktapur,98,31.8,High,Rain
2025-01-18,12:15,Kalanki,105,33.5,Low,Rain
2025-04-06,12:45,Koteshwor,806,35.6,High,Clear
2025-02-26,10:15,Maharajgunj,974,32.6,High,Clear
2025-01-12,12:30,Maharajgunj,795,40.7,High,Rain
2025-03-10,14:45,Baneshwor,98,30.6,Low,Clear
2025-03-23,14:00,Ratnapark,542,36.2,Low,Fog
2025-04-21,10:30,Bhaktapur,104,33.6,Medium,Clear
2025-03-10,14:30,Ratnapark,46,32.8,Low,Rain
2025-01-16,9:45,Ratnapark,101,5.4,High,Clear
2025-03-27,9:00,Kalanki,816,0.0,High,Rain
2025-04-11,14:45,Bhaktapur,51,31.8,Low,Rain
2025-04-15,14:00,Kalanki,103,10.9,Low,Clear
2025-02-03,14:00,Lalitpur,104,23.2,Medium,Clear
2025-01-10,9:30,Maharajgunj,242,40.1,Low,Fog
2025-04-13,13:15,Ratnapark,742,35.2,Low,Rain
2025-04-29,14:00,Maharajgunj,50,33.4,Low,Fog
2025-01-25,14:15,Lalitpur,137,31.4,High,Clear
2025-02-10,9:30,Ratnapark,53,33.4,Medium,Clear
2025-04-29,9:00,Koteshwor,51,38.1,High,Rain
2025-01-17,8:15,Ratnapark,358,32.8,High,Cloudy
2025-02-13,13:00,Koteshwor,220,30.3,High,Rain
2025-01-18,13:15,Baneshwor,100,32.4,High,Rain
2025-03-14,15:45,Ratnapark,512,35.8,Low,Rain
2025-02-19,10:00,Koteshwor,730,50.8,Low,Cloudy
2025-01-17,9:45,Kalanki,55,53.5,Low,Clear
2025-05-03,11:45,Lalitpur,101,36.0,High,Rain
2025-03-15,14:15,Chabahil,102,44.7,High,Rain
2025-02-16,13:15,Lalitpur,280,34.0,Medium,Rain
2025-04-07,10:15,Koteshwor,52,34.2,Medium,Clear
2025-02-12,9:30,Ratnapark,46,38.8,Medium,Clear
2025-02-03,11:45,Maharajgunj,54,36.4,Low,Clear
2025-04-01,8:00,Ratnapark,96,38.8,High,Rain
2025-04-22,13:45,Maharajgunj,693,36.7,High,Clear
2025-01-11,9:30,Maharajgunj,235,40.9,Low,Fog
2025-02-12,8:00,Chabahil,98,49.0,High,Clear
2025-03-10,8:15,Chabahil,328,39.4,High,Cloudy
2025-01-17,9:45,Baneshwor,48,42.9,Low,Cloudy
2025-03-17,9:30,Lalitpur,49,34.8,High,Cloudy
2025-04-15,13:15,Ratnapark,737,34.6,Low,Rain
2025-04-07,14:45,Baneshwor,101,30.9,Low,Rain
2025-03-15,9:45,Baneshwor,311,24.5,Medium,Clear
2025-04-09,10:30,Maharajgunj,45,26.9,Medium,Cloudy
2025-03-13,15:45,Lalitpur,45,32.2,Low,Fog
2025-03-04,14:45,Koteshwor,96,36.0,High,Cloudy
2025-03-24,14:30,Koteshwor,95,33.3,High,Rain
2025-03-21,13:15,Lalitpur,54,3.1,Medium,Rain
2025-03-26,13:45,Baneshwor,748,36.8,Low,Rain
2025-02-15,14:00,Ratnapark,55,37.0,Low,Fog
2025-04-24,12:15,Baneshwor,47,58.7,Medium,Clear
2025-04-29,10:15,Chabahil,100,34.2,High,Cloudy
2025-04-28,8:00,Chabahil,54,33.7,Medium,Rain
2025-03-28,15:45,Maharajgunj,105,33.6,Low,Cloudy
2025-04-17,13:00,Maharajgunj,50,49.0,High,Cloudy
2025-04-19,8:15,Kalanki,95,12.6,Medium,Clear
2025-01-13,15:30,Ratnapark,100,33.3,Low,Cloudy
2025-02-13,9:30,Ratnapark,49,32.7,Medium,Clear
2025-01-14,13:00,Bhaktapur,927,34.8,Low,Rain
2025-02-13,14:15,Ratnapark,484,34.1,Medium,Cloudy
2025-04-13,15:00,Lalitpur,508,32.7,High,Rain
2025-03-21,10:15,Baneshwor,46,36.7,Medium,Fog
2025-03-05,13:30,Koteshwor,95,56.5,Low,Cloudy
2025-02-27,12:15,Ratnapark,101,36.9,Medium,Fog
2025-03-09,14:30,Ratnapark,53,33.6,Low,Rain
2025-03-08,8:45,Maharajgunj,523,29.9,Low,Fog
2025-05-02,8:00,Chabahil,101,38.1,High,Rain
2025-04-04,14:45,Baneshwor,47,17.7,High,Rain
2025-02-10,12:30,Bhaktapur,100,36.6,Medium,Clear
2025-05-02,13:00,Koteshwor,47,32.1,Low,Clear
2025-04-04,12:45,Maharajgunj,54,38.4,Medium,Cloudy
2025-04-03,11:15,Chabahil,544,34.1,High,Cloudy
2025-03-14,15:15,Chabahil,105,9.5,Low,Clear
2025-03-05,12:15,Kalanki,105,39.5,Medium,Rain
2025-05-01,13:45,Koteshwor,99,36.8,Medium,Fog
2025-01-01,13:00,Baneshwor,96,42.6,Medium,Cloudy
2025-03-12,12:30,Koteshwor,102,35.4,High,Fog
2025-01-15,13:15,Chabahil,102,34.6,High,Fog
2025-02-08,14:00,Ratnapark,51,34.2,High,Clear
2025-04-27,11:00,Chabahil,100,23.7,High,Fog
2025-01-15,14:00,Koteshwor,95,34.0,Low,Clear
2025-02-15,14:15,Lalitpur,162,32.8,High,Fog
2025-01-07,15:15,Bhaktapur,45,19.1,Low,Clear
2025-04-29,12:30,Baneshwor,438,37.0,Low,Cloudy
2025-04-17,8:45,Koteshwor,55,36.5,Medium,Cloudy
2025-02-19,10:45,Lalitpur,46,35.7,Medium,Rain
2025-02-05,10:00,Kalanki,102,33.3,Medium,Clear
2025-02-01,12:30,Lalitpur,54,35.4,High,Cloudy
2025-03-01,9:15,Bhaktapur,98,36.6,Medium,Rain
2025-02-27,15:00,Ratnapark,51,33.8,Medium,Fog
2025-04-15,9:30,Ratnapark,49,59.2,High,Clear
2025-01-06,12:00,Lalitpur,1000,34.7,Low,Fog
2025-03-17,11:00,Ratnapark,100,38.3,High,Fog
2025-04-22,8:15,Kalanki,99,36.7,Low,Fog
2025-02-04,15:45,Chabahil,95,10.2,Medium,Clear
2025-04-18,15:00,Lalitpur,97,31.6,Low,Cloudy
2025-04-08,8:00,Baneshwor,110,35.3,Low,Rain
2025-01-17,13:15,Chabahil,103,34.7,High,Fog
2025-02-14,15:15,Lalitpur,103,34.7,Medium,Rain
2025-04-04,15:15,Chabahil,99,40.9,High,Cloudy
2025-03-10,12:45,Chabahil,430,32.8,Low,Fog
2025-01-14,9:45,Ratnapark,100,7.9,High,Clear
2025-04-28,12:15,Baneshwor,49,37.2,Medium,Cloudy
2025-04-06,11:45,Lalitpur,409,33.8,Low,Rain
2025-01-02,8:15,Maharajgunj,46,42.2,High,Unknown
2025-04-10,10:00,Baneshwor,99,38.6,Low,Fog
2025-03-18,8:45,Ratnapark,884,3.4,Medium,Rain
2025-02-24,9:45,Koteshwor,767,34.7,Medium,Rain
2025-02-12,8:00,Kalanki,301,34.8,Medium,Clear
2025-04-27,10:15,Chabahil,97,32.3,High,Cloudy
2025-03-10,13:30,Koteshwor,95,58.1,High,Clear
2025-01-10,10:45,Maharajgunj,100,12.7,Low,Rain
2025-05-02,15:00,Maharajgunj,754,34.9,High,Fog
2025-03-10,8:45,Maharajgunj,528,30.9,Low,Fog
2025-02-11,12:45,Ratnapark,797,44.9,Low,Cloudy
2025-03-14,14:00,Lalitpur,298,33.4,Low,Rain
2025-02-11,11:15,Chabahil,465,36.7,Medium,Clear
2025-01-17,11:45,Bhaktapur,191,36.7,High,Clear
2025-01-19,15:45,Bhaktapur,704,33.7,High,Fog
2025-01-24,8:00,Bhaktapur,45,36.2,Medium,Rain
2025-02-19,8:00,Ratnapark,50,38.3,Low,Clear
2025-01-20,9:30,Lalitpur,104,33.5,High,Cloudy
2025-03-26,9:00,Lalitpur,49,11.5,Low,Cloudy
2025-02-07,14:30,Ratnapark,105,35.8,Low,Clear
2025-02-04,13:45,Ratnapark,45,36.1,High,Fog
2025-05-03,9:00,Koteshwor,49,36.5,High,Rain
2025-04-12,12:45,Kalanki,187,0.3,Medium,Clear
2025-04-24,10:30,Bhaktapur,104,36.0,Medium,Clear
2025-04-21,8:30,Kalanki,49,47.2,Low,Fog
2025-01-24,12:45,Lalitpur,45,35.3,Medium,Fog
2025-04-22,11:15,Maharajgunj,99,34.0,Medium,Rain
2025-02-17,13:15,Lalitpur,282,32.5,Medium,Rain
2025-01-21,11:00,Maharajgunj,95,34.0,Low,Clear
2025-05-01,8:30,Maharajgunj,216,35.5,Low,Cloudy
2025-01-28,15:30,Koteshwor,616,35.9,Low,Rain
2025-04-24,8:00,Koteshwor,96,32.5,Low,Cloudy
2025-01-14,10:45,Chabahil,45,33.1,High,Rain
2025-03-28,11:15,Baneshwor,98,36.4,Low,Rain
2025-03-15,12:15,Ratnapark,184,36.0,Low,Cloudy
2025-04-10,12:00,Lalitpur,49,36.8,High,Rain
2025-01-08,12:45,Bhaktapur,652,36.7,Low,Fog
2025-02-26,11:30,Baneshwor,983,50.1,Low,Fog
2025-02-27,11:30,Baneshwor,992,48.2,Low,Fog
2025-02-11,9:30,Baneshwor,95,35.2,Medium,Fog
2025-04-23,14:00,Baneshwor,329,29.3,Low,Cloudy
2025-04-02,9:30,Maharajgunj,787,55.5,Medium,Rain
2025-03-22,10:45,Koteshwor,617,35.9,High,Rain
2025-03-25,10:00,Ratnapark,101,36.1,High,Cloudy
2025-04-26,10:00,Koteshwor,46,58.5,High,Cloudy
2025-02-14,11:15,Ratnapark,96,35.0,High,Clear
2025-01-21,11:00,Baneshwor,452,37.3,Low,Clear
2025-02-06,10:15,Koteshwor,49,45.0,High,Clear
2025-03-08,11:45,Chabahil,124,35.7,Low,Rain
2025-01-26,9:15,Maharajgunj,100,34.4,High,Fog
2025-04-11,14:45,Baneshwor,96,32.0,Low,Rain
2025-04-20,15:00,Lalitpur,101,36.5,Low,Cloudy
2025-04-19,8:30,Bhaktapur,882,35.4,Medium,Rain
2025-03-06,10:00,Chabahil,52,41.5,Low,Clear
2025-04-17,13:00,Maharajgunj,100,32.7,Medium,Fog
2025-02-25,12:30,Kalanki,366,36.3,Low,Clear
2025-01-21,10:30,Maharajgunj,655,31.8,Medium,Cloudy
2025-01-17,12:15,Kalanki,96,35.6,Low,Rain
2025-01-10,14:30,Maharajgunj,352,37.7,Low,Rain
2025-01-17,12:30,Baneshwor,345,61.1,High,Rain
2025-04-01,13:15,Bhaktapur,95,34.2,Low,Fog
2025-03-27,10:30,Chabahil,47,42.5,High,Fog
2025-03-13,15:00,Baneshwor,48,36.2,Low,Fog
2025-04-12,13:15,Lalitpur,462,32.4,High,Clear
2025-02-17,8:30,Chabahil,101,33.9,High,Cloudy
2025-03-12,11:45,Bhaktapur,45,21.0,Low,Clear
2025-01-21,13:00,Chabahil,97,38.2,Medium,Cloudy
2025-03-09,9:15,Baneshwor,53,53.7,Medium,Fog
2025-02-23,10:15,Maharajgunj,977,34.2,High,Clear
2025-03-30,9:15,Baneshwor,96,37.1,Low,Clear
2025-01-02,11:15,Kalanki,297,33.5,High,Clear
2025-01-08,8:00,Chabahil,441,27.4,Low,Fog
2025-03-10,11:45,Koteshwor,47,57.6,High,Rain
2025-04-04,13:45,Lalitpur,99,0.0,Medium,Clear
2025-04-22,13:45,Lalitpur,600,34.4,Low,Rain
2025-04-01,15:15,Chabahil,95,42.7,High,Cloudy
2025-01-18,10:00,Baneshwor,96,42.1,Low,Cloudy
2025-03-20,10:00,Ratnapark,421,37.8,Medium,Cloudy
2025-03-26,9:15,Maharajgunj,459,38.3,High,Clear
2025-03-18,15:00,Maharajgunj,52,38.6,High,Fog
2025-02-25,10:30,Maharajgunj,102,37.2,Medium,Clear
2025-04-02,9:15,Baneshwor,98,35.9,Low,Clear
2025-04-14,15:00,Lalitpur,507,32.1,High,Rain
2025-01-13,10:15,Ratnapark,53,34.6,High,Cloudy
2025-02-22,14:45,Lalitpur,101,39.3,Low,Rain
2025-04-03,8:00,Ratnapark,96,34.1,High,Rain
2025-03-07,8:30,Bhaktapur,105,38.0,Medium,Fog
2025-02-27,13:30,Koteshwor,764,52.1,Low,Rain
2025-04-21,10:00,Kalanki,116,29.6,Low,Cloudy
2025-02-06,8:30,Ratnapark,52,36.3,Medium,Cloudy
2025-01-14,8:30,Koteshwor,973,18.5,Medium,Rain
2025-01-30,11:45,Bhaktapur,103,8.9,Medium,Cloudy
2025-01-12,12:45,Bhaktapur,639,60.5,High,Cloudy
2025-05-05,10:30,Maharajgunj,354,31.7,Medium,Rain
2025-03-29,9:45,Koteshwor,104,6.2,Low,Rain
2025-02-19,9:00,Lalitpur,926,49.4,Low,Rain
2025-01-19,9:45,Chabahil,49,36.0,Low,Rain
2025-02-25,12:00,Koteshwor,105,37.7,Medium,Fog
2025-01-15,13:15,Baneshwor,104,36.3,High,Rain
2025-04-05,8:15,Kalanki,221,27.6,Low,Rain
2025-02-10,12:45,Ratnapark,804,41.4,Low,Cloudy
2025-02-26,9:30,Chabahil,318,61.2,Medium,Fog
2025-01-18,14:00,Koteshwor,103,31.3,Low,Clear
2025-04-26,14:30,Bhaktapur,100,34.9,High,Rain
2025-02-17,12:00,Ratnapark,338,55.3,High,Cloudy
2025-01-20,8:15,Ratnapark,359,33.7,High,Cloudy
2025-05-05,10:45,Ratnapark,51,36.0,Medium,Rain
2025-04-19,13:00,Maharajgunj,102,32.7,Medium,Fog
2025-02-06,15:45,Chabahil,936,8.8,Medium,Rain
2025-03-13,12:45,Chabahil,46,36.1,Medium,Fog
2025-02-21,11:15,Maharajgunj,54,17.2,Low,Clear
2025-03-12,11:30,Bhaktapur,808,32.8,Low,Clear
2025-04-30,13:45,Koteshwor,97,34.0,Medium,Fog
2025-03-02,12:15,Baneshwor,102,7.6,Low,Fog
2025-03-30,12:45,Kalanki,120,47.4,Medium,Fog
2025-03-03,8:15,Lalitpur,51,40.8,Medium,Clear
2025-02-12,13:00,Baneshwor,50,35.9,Medium,Clear
2025-01-27,13:15,Bhaktapur,96,21.1,High,Fog
2025-03-30,9:15,Baneshwor,103,34.7,Low,Clear
2025-02-06,14:45,Ratnapark,450,32.6,Medium,Clear
2025-02-07,12:45,Ratnapark,46,36.1,High,Clear
2025-01-04,13:00,Baneshwor,97,43.8,Medium,Cloudy
2025-01-29,8:45,Kalanki,281,34.8,Medium,Clear
2025-02-06,15:45,Chabahil,939,8.2,Medium,Rain
2025-02-26,8:15,Kalanki,372,35.4,Medium,Clear
2025-05-04,12:00,Koteshwor,95,31.5,High,Clear
2025-02-12,11:30,Maharajgunj,104,36.7,Medium,Cloudy
2025-01-04,14:45,Baneshwor,55,33.3,Medium,Cloudy
2025-04-17,9:00,Bhaktapur,105,34.7,Low,Cloudy
2025-01-15,12:15,Kalanki,98,37.6,Low,Rain
2025-03-30,8:30,Lalitpur,50,36.6,High,Clear
2025-01-23,15:45,Koteshwor,576,31.6,Low,Rain
2025-01-15,12:30,Baneshwor,343,60.1,High,Rain
2025-01-29,8:15,Bhaktapur,47,35.5,Low,Cloudy
2025-02-23,12:30,Kalanki,365,32.0,Low,Clear
2025-02-07,11:45,Lalitpur,52,17.6,Low,Rain
2025-01-26,13:15,Bhaktapur,102,21.2,High,Fog
2025-01-02,12:30,Kalanki,897,35.4,Low,Cloudy
2025-04-03,14:15,Ratnapark,369,36.2,Low,Fog
2025-04-07,8:00,Koteshwor,52,7.8,Medium,Fog
2025-01-17,14:45,Ratnapark,96,36.7,Medium,Cloudy
2025-02-01,15:00,Maharajgunj,53,35.3,High,Clear
2025-01-01,10:45,Lalitpur,51,34.0,Medium,Rain
2025-01-29,13:30,Kalanki,102,34.1,Low,Fog
2025-04-23,11:00,Lalitpur,824,35.4,Low,Cloudy
2025-02-28,13:45,Baneshwor,487,32.1,Low,Cloudy
2025-01-31,10:00,Maharajgunj,101,53.8,High,Fog
2025-04-29,13:45,Koteshwor,100,36.0,Medium,Fog
2025-03-26,10:45,Lalitpur,101,32.6,Medium,Fog
2025-03-06,12:30,Lalitpur,741,18.7,Low,Rain
2025-03-09,9:00,Lalitpur,52,34.0,Low,Fog
2025-04-03,14:15,Bhaktapur,51,36.6,Low,Fog
2025-04-23,8:15,Kalanki,98,35.0,Low,Fog
2025-05-01,8:00,Chabahil,95,36.3,High,Rain
2025-04-01,10:15,Baneshwor,52,33.0,Medium,Fog
2025-01-18,9:30,Lalitpur,104,35.3,High,Cloudy
2025-02-05,13:45,Ratnapark,51,33.6,High,Fog
2025-02-08,15:00,Lalitpur,102,47.6,Medium,Clear
2025-01-08,10:45,Maharajgunj,104,12.3,Low,Rain
2025-03-29,12:00,Lalitpur,45,33.9,Medium,Clear
2025-01-13,9:45,Kalanki,49,54.5,Low,Clear
2025-04-05,8:00,Koteshwor,569,48.9,Medium,Clear
2025-05-04,9:00,Baneshwor,99,32.5,Low,Cloudy
2025-03-25,12:00,Lalitpur,104,35.3,Low,Rain
2025-01-01,11:15,Baneshwor,97,35.1,Low,Fog
2025-03-28,15:00,Baneshwor,53,1.0,Low,Clear
2025-03-28,15:00,Chabahil,103,34.7,High,Cloudy
2025-05-01,11:30,Bhaktapur,444,37.0,Medium,Fog
2025-04-26,9:30,Koteshwor,557,36.3,Low,Cloudy
2025-01-05,8:00,Chabahil,448,31.2,Low,Fog
2025-01-11,10:00,Baneshwor,770,57.6,Medium,Rain
2025-05-05,15:00,Maharajgunj,751,40.8,High,Fog
2025-03-12,12:30,Koteshwor,105,37.1,High,Fog
2025-04-09,13:45,Ratnapark,99,36.0,High,Rain
2025-04-22,12:00,Baneshwor,100,32.7,High,Cloudy
2025-01-30,10:15,Koteshwor,97,36.9,High,Cloudy
2025-02-25,13:15,Baneshwor,100,34.0,Medium,Cloudy
2025-04-21,13:45,Maharajgunj,699,34.6,High,Clear
2025-03-09,10:45,Chabahil,54,24.6,High,Clear
2025-04-18,11:00,Ratnapark,55,32.5,High,Cloudy
2025-03-27,15:45,Maharajgunj,103,35.9,Low,Cloudy
2025-01-26,12:30,Maharajgunj,97,37.0,Low,Cloudy
2025-02-21,11:30,Ratnapark,52,36.4,Low,Cloudy
2025-01-12,11:15,Koteshwor,279,5.3,High,Rain
2025-03-10,11:00,Baneshwor,96,50.9,Low,Fog
2025-01-11,15:15,Koteshwor,49,34.2,High,Fog
2025-04-19,9:30,Chabahil,98,35.6,Low,Fog
2025-01-12,8:45,Bhaktapur,554,36.6,Medium,Fog
2025-04-18,14:45,Baneshwor,855,35.0,Low,Fog
2025-04-11,13:45,Kalanki,183,37.4,Low,Fog
2025-02-24,8:45,Koteshwor,562,34.6,Medium,Fog
2025-03-22,15:45,Kalanki,912,37.0,High,Rain
2025-01-16,9:45,Ratnapark,100,8.0,High,Clear
2025-04-20,13:45,Bhaktapur,96,28.2,Low,Cloudy
2025-03-14,11:30,Chabahil,96,34.8,High,Fog
2025-03-04,9:15,Ratnapark,45,34.6,Low,Cloudy
2025-04-17,9:00,Bhaktapur,103,36.6,Low,Cloudy
2025-02-06,10:15,Koteshwor,47,40.1,High,Clear
2025-01-10,12:00,Kalanki,96,38.1,High,Cloudy
2025-04-07,14:45,Chabahil,939,29.5,Low,Clear
2025-04-24,9:00,Kalanki,100,39.3,Medium,Cloudy
2025-01-12,8:45,Bhaktapur,550,34.4,Medium,Fog
2025-01-10,8:45,Bhaktapur,558,34.6,Medium,Fog
2025-02-28,13:00,Lalitpur,53,34.9,Low,Fog
2025-03-14,9:45,Baneshwor,309,22.8,Medium,Clear
2025-02-03,10:00,Bhaktapur,50,35.0,Medium,Clear
2025-03-14,15:00,Maharajgunj,185,34.7,High,Rain
2025-04-12,8:00,Maharajgunj,96,55.6,Medium,Clear
2025-02-18,12:00,Ratnapark,343,57.1,High,Cloudy
2025-04-02,14:45,Baneshwor,51,18.1,High,Rain
2025-03-14,9:15,Koteshwor,98,35.5,Low,Rain
2025-04-01,15:30,Maharajgunj,97,36.0,Medium,Fog
2025-04-09,14:30,Baneshwor,50,33.9,Low,Cloudy
2025-01-20,13:30,Lalitpur,95,6.6,Low,Cloudy
2025-04-28,15:45,Baneshwor,96,2.7,Low,Fog
2025-02-19,13:30,Ratnapark,556,48.6,Low,Fog
2025-01-10,9:15,Kalanki,383,34.5,Medium,Cloudy
2025-01-18,9:30,Baneshwor,759,2.1,Low,Cloudy
2025-02-13,12:00,Baneshwor,45,33.9,Medium,Clear
2025-03-13,14:15,Chabahil,96,47.4,High,Rain
2025-04-29,13:45,Koteshwor,104,37.0,Medium,Fog
2025-01-22,14:45,Maharajgunj,104,55.4,Medium,Rain
2025-01-21,14:30,Chabahil,103,36.9,Medium,Clear
2025-02-27,8:30,Baneshwor,782,34.4,Low,Fog
2025-03-25,9:30,Bhaktapur,101,32.6,High,Rain
2025-04-10,8:15,Koteshwor,398,39.4,High,Rain
2025-02-09,10:30,Ratnapark,52,32.9,Low,Rain
2025-03-25,11:30,Ratnapark,102,36.8,High,Cloudy
2025-03-26,14:15,Chabahil,53,13.5,Low,Fog
2025-02-27,8:15,Lalitpur,46,35.3,Medium,Clear
2025-04-03,12:45,Kalanki,52,16.2,High,Cloudy
2025-01-31,14:30,Baneshwor,102,32.5,Medium,Rain
2025-01-04,12:00,Lalitpur,997,36.0,Low,Fog
2025-01-27,11:00,Ratnapark,623,35.8,High,Fog
2025-04-11,9:30,Chabahil,48,16.3,High,Rain
2025-01-03,10:45,Lalitpur,49,34.9,Medium,Rain
2025-03-25,15:30,Ratnapark,46,56.4,Medium,Cloudy
2025-02-04,13:45,Chabahil,850,35.5,Medium,Clear
2025-03-18,11:45,Koteshwor,878,42.1,Medium,Fog
2025-01-02,15:00,Chabahil,55,18.3,High,Clear
2025-02-11,9:00,Kalanki,97,39.8,Low,Clear
2025-03-04,12:15,Baneshwor,95,8.0,Low,Fog
2025-01-05,14:45,Baneshwor,152,34.8,Low,Cloudy
2025-01-26,8:15,Lalitpur,936,35.4,High,Fog
2025-01-10,14:30,Baneshwor,54,33.4,High,Clear
2025-03-16,9:15,Koteshwor,46,3.2,Low,Rain
2025-02-08,12:30,Koteshwor,48,35.2,Medium,Cloudy
2025-02-02,9:45,Chabahil,46,32.6,Low,Fog
2025-02-06,12:30,Chabahil,51,36.3,High,Fog
2025-04-14,14:45,Ratnapark,54,31.6,High,Rain
2025-05-04,14:30,Maharajgunj,45,35.4,Medium,Rain
2025-02-09,11:45,Maharajgunj,828,38.5,Low,Rain
2025-03-11,13:30,Koteshwor,96,58.4,High,Clear
2025-04-23,10:30,Bhaktapur,105,36.3,Medium,Clear
2025-02-02,9:45,Koteshwor,99,33.2,High,Clear
2025-03-18,12:30,Lalitpur,46,38.5,High,Cloudy
2025-03-09,12:45,Baneshwor,562,47.8,Medium,Rain
2025-04-15,14:30,Kalanki,48,33.3,High,Cloudy
2025-04-04,9:15,Koteshwor,53,34.1,High,Cloudy
2025-03-20,13:30,Kalanki,822,37.5,Medium,Clear
2025-04-05,14:30,Baneshwor,45,38.6,Low,Cloudy
2025-04-19,13:45,Chabahil,654,32.5,High,Fog
2025-04-21,14:00,Bhaktapur,95,33.0,Medium,Rain
2025-02-28,11:00,Maharajgunj,98,10.7,Low,Cloudy
2025-01-26,10:30,Koteshwor,103,49.7,Low,Cloudy
2025-02-05,8:00,Bhaktapur,52,35.0,High,Rain
2025-04-09,8:30,Kalanki,917,37.4,Medium,Clear
2025-03-15,14:00,Lalitpur,289,33.1,Low,Rain
2025-01-09,8:00,Baneshwor,47,35.3,High,Cloudy
2025-02-03,11:45,Bhaktapur,103,7.8,Medium,Cloudy
2025-05-05,9:00,Ratnapark,893,28.3,High,Fog
2025-05-04,11:30,Chabahil,683,26.9,Medium,Clear
2025-02-02,11:00,Koteshwor,809,54.0,High,Cloudy
2025-02-01,9:45,Chabahil,55,33.8,Low,Fog
2025-05-04,15:00,Maharajgunj,750,36.5,High,Fog
2025-03-16,12:15,Kalanki,104,35.5,Low,Fog
2025-01-19,12:00,Lalitpur,102,21.7,Low,Rain
2025-04-05,10:30,Maharajgunj,45,25.4,Medium,Cloudy
2025-04-04,14:15,Bhaktapur,49,35.6,Low,Fog
2025-03-17,14:00,Chabahil,874,34.1,Medium,Clear
2025-05-03,10:30,Maharajgunj,346,33.6,Medium,Rain
2025-01-13,12:00,Kalanki,105,37.9,High,Cloudy
2025-02-12,14:45,Chabahil,726,36.1,Medium,Cloudy
2025-04-20,12:00,Ratnapark,49,36.3,Medium,Clear
2025-01-08,10:45,Ratnapark,101,34.2,Low,Fog
2025-03-26,13:30,Koteshwor,183,34.6,High,Clear
2025-01-01,13:00,Baneshwor,100,43.5,Medium,Cloudy
2025-01-04,10:30,Ratnapark,46,17.7,High,Cloudy
2025-04-23,10:45,Chabahil,442,17.3,Medium,Clear
2025-04-14,8:45,Koteshwor,49,34.9,Medium,Cloudy
2025-03-15,14:00,Lalitpur,292,34.4,Low,Rain
2025-01-11,11:15,Koteshwor,287,5.5,High,Rain
2025-04-26,12:15,Baneshwor,54,59.1,Medium,Clear
2025-04-19,8:30,Kalanki,49,46.1,Low,Fog
2025-02-16,13:00,Koteshwor,218,30.7,High,Rain
2025-01-18,9:45,Baneshwor,52,43.6,Low,Cloudy
2025-01-10,8:00,Bhaktapur,52,8.3,Medium,Clear
2025-01-08,11:00,Bhaktapur,948,55.9,High,Clear
2025-04-25,11:15,Maharajgunj,47,4.4,Medium,Clear
2025-03-08,8:45,Maharajgunj,525,30.3,Low,Fog
2025-02-07,9:30,Maharajgunj,107,17.2,Medium,Clear
2025-02-01,9:45,Chabahil,53,38.5,Low,Fog
2025-01-22,15:30,Lalitpur,828,5.9,High,Fog
2025-03-25,15:00,Lalitpur,99,37.7,Low,Cloudy
2025-02-13,9:30,Ratnapark,52,35.0,Medium,Clear
2025-04-15,13:15,Ratnapark,736,36.6,Low,Rain
2025-04-04,8:15,Kalanki,222,30.2,Low,Rain
2025-03-28,13:30,Koteshwor,185,37.9,High,Clear
2025-01-20,8:45,Kalanki,52,34.9,Medium,Rain
2025-01-18,10:15,Maharajgunj,53,32.2,Medium,Rain
2025-02-10,11:30,Maharajgunj,97,31.0,Medium,Cloudy
2025-04-11,12:30,Ratnapark,670,59.3,High,Clear
2025-02-08,13:45,Kalanki,103,4.0,High,Clear
2025-04-06,13:00,Baneshwor,96,36.1,High,Cloudy
2025-03-04,13:30,Koteshwor,98,56.0,Low,Cloudy
2025-02-17,12:45,Ratnapark,97,31.7,High,Cloudy
2025-02-13,12:30,Baneshwor,102,34.3,Medium,Rain
2025-03-16,11:00,Ratnapark,391,34.5,Low,Rain
2025-01-02,9:00,Chabahil,975,36.5,Medium,Clear
2025-01-08,10:30,Ratnapark,706,33.6,Low,Rain
2025-03-04,13:15,Ratnapark,830,5.6,Medium,Rain
2025-03-25,10:00,Ratnapark,98,32.6,High,Cloudy
2025-02-13,12:45,Lalitpur,97,42.3,Medium,Clear
2025-04-08,15:00,Kalanki,97,33.5,Medium,Clear
2025-03-15,8:45,Koteshwor,104,57.9,Low,Fog
2025-04-16,10:30,Maharajgunj,96,36.3,High,Rain
2025-03-23,12:15,Ratnapark,108,33.6,High,Fog
2025-01-17,9:45,Baneshwor,54,39.6,Low,Cloudy
2025-03-19,9:15,Ratnapark,640,31.8,High,Rain
2025-01-11,15:15,Koteshwor,102,34.9,Low,Cloudy
2025-01-06,15:15,Maharajgunj,325,36.0,High,Cloudy
2025-02-19,12:45,Baneshwor,102,34.6,High,Rain
2025-02-13,10:00,Lalitpur,104,35.9,Medium,Clear
2025-02-07,8:00,Bhaktapur,47,31.8,High,Rain
2025-03-07,9:00,Chabahil,46,31.9,High,Fog
2025-01-15,15:15,Bhaktapur,53,57.5,High,Rain
2025-04-23,8:45,Koteshwor,49,12.5,High,Clear
2025-04-26,10:30,Maharajgunj,49,36.5,Low,Fog
2025-01-10,15:15,Koteshwor,50,33.7,High,Fog
2025-01-23,14:30,Chabahil,98,34.5,Medium,Clear
2025-03-13,12:00,Kalanki,478,35.0,Low,Rain
2025-05-05,8:00,Koteshwor,101,37.6,Medium,Fog
2025-03-27,11:45,Baneshwor,105,35.8,Medium,Cloudy
2025-02-14,10:00,Bhaktapur,970,36.1,High,Cloudy
2025-01-18,8:45,Baneshwor,100,49.7,Low,Cloudy
2025-01-04,10:45,Baneshwor,45,36.6,Medium,Cloudy
2025-01-21,12:30,Kalanki,103,35.6,Medium,Rain
2025-04-29,13:45,Lalitpur,104,30.1,Medium,Clear
2025-03-24,8:00,Baneshwor,53,33.5,Medium,Clear
2025-01-04,11:15,Kalanki,297,34.8,High,Clear
2025-02-08,8:30,Chabahil,51,32.8,Low,Rain
2025-04-09,8:15,Koteshwor,389,34.9,High,Rain
2025-03-02,10:45,Koteshwor,151,36.2,Low,Cloudy
2025-02-21,14:45,Baneshwor,54,30.2,Medium,Rain
2025-01-01,8:15,Chabahil,98,34.5,High,Cloudy
2025-01-01,12:15,Lalitpur,319,32.6,Low,Clear
2025-05-02,14:30,Kalanki,698,36.0,Medium,Rain
2025-05-02,15:15,Maharajgunj,48,36.3,Medium,Clear
2025-04-18,10:15,Bhaktapur,100,34.1,High,Rain
2025-04-18,9:30,Bhaktapur,104,23.1,High,Cloudy
2025-01-08,13:45,Chabahil,352,39.2,Low,Rain
2025-01-28,14:45,Bhaktapur,97,15.5,Low,Cloudy
2025-03-16,12:45,Chabahil,53,38.1,Medium,Fog
2025-03-22,13:45,Maharajgunj,102,33.5,High,Rain
2025-04-05,8:15,Kalanki,219,32.9,Low,Rain
2025-02-19,15:45,Ratnapark,46,34.5,Low,Fog
2025-01-26,12:30,Maharajgunj,46,33.3,Medium,Fog
2025-01-06,11:15,Bhaktapur,104,34.3,High,Rain
2025-02-19,15:00,Kalanki,103,32.8,High,Cloudy
2025-03-29,9:30,Bhaktapur,103,36.6,High,Rain
2025-03-31,9:45,Koteshwor,103,5.8,Low,Rain
2025-04-17,15:30,Baneshwor,95,37.8,Low,Cloudy
2025-03-21,14:30,Koteshwor,101,33.1,High,Rain
2025-04-07,10:15,Bhaktapur,105,36.7,Low,Clear
2025-05-04,14:45,Lalitpur,97,35.0,Medium,Fog
2025-02-11,8:15,Ratnapark,55,35.5,Medium,Fog
2025-03-24,8:45,Ratnapark,53,33.8,Medium,Cloudy
2025-01-25,9:30,Chabahil,102,5.7,Low,Rain
2025-02-21,15:30,Chabahil,97,35.3,High,Cloudy
2025-03-26,12:15,Lalitpur,45,32.1,High,Fog
2025-02-22,11:00,Maharajgunj,53,49.1,Low,Fog
2025-04-10,15:15,Chabahil,104,34.9,Low,Rain
2025-03-26,13:45,Chabahil,45,33.5,Low,Fog
2025-03-22,10:00,Kalanki,891,37.5,Medium,Cloudy
2025-03-10,14:30,Ratnapark,50,35.0,Low,Rain
2025-02-17,14:15,Lalitpur,160,33.4,High,Fog
2025-01-19,14:30,Koteshwor,105,34.0,Medium,Fog
2025-02-15,10:00,Kalanki,54,15.0,Medium,Rain
2025-02-18,9:15,Maharajgunj,711,34.4,Medium,Rain
2025-03-29,8:30,Maharajgunj,46,32.8,Low,Rain
2025-04-03,14:15,Bhaktapur,54,33.4,Low,Fog
2025-02-22,15:45,Ratnapark,50,36.5,Low,Fog
2025-03-19,13:30,Kalanki,821,35.4,Medium,Clear
2025-03-07,8:30,Ratnapark,218,21.7,High,Cloudy
2025-02-02,12:45,Ratnapark,173,57.0,High,Fog
2025-03-19,8:15,Lalitpur,51,0.9,Low,Clear
2025-04-22,13:45,Maharajgunj,702,34.6,High,Clear
2025-03-12,10:30,Lalitpur,746,36.0,Medium,Fog
2025-02-04,13:45,Chabahil,855,35.9,Medium,Clear
2025-02-21,10:15,Chabahil,818,31.9,High,Fog
2025-04-16,8:45,Koteshwor,54,34.7,Medium,Cloudy
2025-01-01,10:45,Chabahil,99,32.0,Medium,Cloudy
2025-02-09,14:15,Ratnapark,484,36.3,Medium,Cloudy
2025-04-05,15:30,Maharajgunj,103,36.5,Medium,Fog
2025-01-16,15:45,Kalanki,401,33.8,High,Clear
2025-02-09,8:00,Kalanki,297,34.8,Medium,Clear
2025-04-03,14:15,Bhaktapur,51,30.8,Low,Fog
2025-03-06,14:30,Kalanki,46,36.9,Medium,Clear
2025-01-11,13:45,Maharajgunj,47,36.4,High,Clear
2025-02-17,14:15,Lalitpur,46,56.3,Medium,Fog
2025-03-21,15:00,Lalitpur,104,38.0,Low,Cloudy
2025-02-14,12:00,Baneshwor,54,32.6,Medium,Clear
2025-04-01,15:30,Maharajgunj,96,36.8,High,Fog
2025-01-03,13:45,Kalanki,97,38.0,Low,Fog
2025-02-04,11:45,Ratnapark,100,32.0,Medium,Rain
2025-01-30,14:45,Bhaktapur,99,15.7,Low,Cloudy
2025-02-04,11:45,Lalitpur,55,15.3,Low,Rain
2025-02-24,8:30,Chabahil,992,36.7,Low,Fog
2025-04-20,10:45,Chabahil,434,11.2,Medium,Clear
2025-04-22,12:45,Ratnapark,96,22.6,High,Cloudy
2025-02-20,12:15,Lalitpur,45,48.8,Low,Fog
2025-03-22,10:00,Kalanki,891,36.8,Medium,Cloudy
2025-03-06,9:00,Chabahil,55,34.9,High,Fog
2025-01-19,15:45,Bhaktapur,708,36.0,High,Fog
2025-02-06,8:30,Chabahil,55,30.4,Low,Rain
2025-03-10,9:00,Lalitpur,49,34.2,Low,Fog
2025-03-24,10:00,Bhaktapur,51,36.7,Low,Clear
2025-03-20,13:30,Kalanki,820,35.6,Medium,Clear
2025-02-26,11:15,Koteshwor,50,12.7,High,Clear
2025-01-19,10:00,Baneshwor,96,43.1,Low,Cloudy
2025-02-07,12:30,Chabahil,45,33.4,High,Fog
2025-02-20,9:30,Bhaktapur,45,5.2,High,Rain
2025-01-01,13:45,Kalanki,104,32.0,Low,Fog
2025-02-01,11:45,Ratnapark,103,36.2,Medium,Rain
2025-02-12,12:00,Chabahil,100,37.2,High,Clear
2025-03-31,9:30,Bhaktapur,254,39.2,High,Clear
2025-02-15,8:30,Chabahil,98,32.1,High,Cloudy
2025-02-20,14:45,Baneshwor,46,36.5,Medium,Rain
2025-01-26,10:45,Bhaktapur,104,36.7,Low,Rain
2025-04-24,10:30,Baneshwor,97,33.8,High,Clear
2025-05-05,10:45,Ratnapark,47,33.2,Medium,Rain
2025-01-22,9:15,Koteshwor,193,32.8,High,Clear
2025-03-02,12:15,Baneshwor,100,5.9,Low,Fog
2025-02-02,15:45,Chabahil,939,8.4,Medium,Rain
2025-01-31,10:45,Koteshwor,53,23.7,Low,Fog
2025-01-18,14:45,Maharajgunj,95,60.2,Medium,Rain
2025-03-25,10:00,Ratnapark,96,31.8,High,Cloudy
2025-01-26,12:45,Ratnapark,53,33.4,High,Rain
2025-02-21,10:30,Baneshwor,49,37.6,High,Cloudy
2025-04-23,12:00,Ratnapark,48,33.5,Medium,Clear
2025-01-10,10:30,Koteshwor,564,34.9,Medium,Clear
2025-02-22,8:15,Kalanki,371,31.6,Medium,Clear
2025-04-28,12:00,Koteshwor,105,37.3,High,Cloudy
2025-02-06,12:30,Koteshwor,812,36.2,High,Clear
2025-01-08,13:15,Maharajgunj,485,31.7,Medium,Rain
2025-02-16,14:15,Lalitpur,53,56.1,Medium,Fog
2025-04-08,10:15,Maharajgunj,54,38.8,Medium,Clear
2025-03-05,9:30,Koteshwor,45,34.4,High,Cloudy
2025-02-12,14:45,Lalitpur,976,28.9,High,Cloudy
2025-03-10,15:45,Lalitpur,45,36.8,Low,Fog
2025-03-17,12:30,Kalanki,98,55.6,Low,Rain
2025-04-30,8:00,Chabahil,49,34.3,Medium,Rain
2025-02-27,12:30,Maharajgunj,915,34.0,High,Cloudy
2025-02-18,13:15,Baneshwor,97,31.9,High,Cloudy
2025-02-15,15:30,Ratnapark,46,35.5,High,Rain
2025-01-13,8:30,Baneshwor,50,34.8,Medium,Rain
2025-02-12,12:45,Lalitpur,105,39.1,Medium,Clear
2025-02-14,8:45,Bhaktapur,97,33.0,Low,Clear
2025-02-20,13:30,Bhaktapur,104,33.2,High,Rain
2025-03-15,8:15,Lalitpur,45,2.2,Low,Clear
2025-04-05,12:00,Baneshwor,543,36.8,Medium,Fog
2025-04-07,14:30,Baneshwor,49,34.3,Low,Cloudy
2025-04-24,9:00,Kalanki,96,34.1,Medium,Cloudy
2025-02-12,12:00,Chabahil,96,33.3,High,Clear
2025-04-22,9:00,Kalanki,869,36.9,High,Clear
2025-01-16,11:15,Maharajgunj,813,35.1,Low,Rain
2025-02-01,12:30,Lalitpur,48,35.7,High,Cloudy
2025-01-24,13:00,Chabahil,101,20.7,High,Cloudy
2025-03-29,10:15,Ratnapark,575,34.4,High,Rain
2025-04-28,15:00,Ratnapark,102,14.7,Low,Rain
2025-04-06,10:15,Bhaktapur,104,33.0,Low,Clear
2025-04-11,9:30,Kalanki,560,37.3,High,Clear
2025-01-24,15:30,Bhaktapur,679,33.5,Low,Fog
2025-02-20,10:00,Koteshwor,732,50.2,Low,Cloudy
2025-02-22,8:15,Ratnapark,48,32.7,Medium,Cloudy
2025-03-28,12:15,Lalitpur,50,32.6,High,Fog
2025-04-11,11:30,Kalanki,280,33.5,Medium,Fog
2025-03-20,8:45,Baneshwor,101,28.4,Low,Cloudy
2025-01-02,10:45,Chabahil,100,36.3,Medium,Cloudy
2025-01-24,8:30,Lalitpur,779,33.9,Low,Rain
2025-04-08,9:15,Maharajgunj,95,57.2,High,Cloudy
2025-01-01,14:15,Ratnapark,555,46.7,Medium,Fog
2025-04-14,8:00,Maharajgunj,102,55.7,Medium,Clear
2025-02-07,8:30,Ratnapark,52,39.4,Medium,Cloudy
2025-02-22,9:00,Bhaktapur,54,37.1,Medium,Fog
2025-05-05,15:15,Koteshwor,103,35.2,High,Fog
2025-03-19,10:00,Ratnapark,424,36.4,Medium,Cloudy
2025-01-06,13:45,Chabahil,355,38.0,Low,Rain
2025-03-25,13:45,Chabahil,50,31.3,Low,Fog
2025-01-04,13:15,Ratnapark,51,33.7,Low,Clear
2025-03-19,10:30,Bhaktapur,99,33.1,Low,Clear
2025-01-03,8:15,Kalanki,55,4.6,Medium,Fog
2025-02-13,11:30,Bhaktapur,102,38.6,Medium,Clear
2025-02-27,9:00,Baneshwor,385,37.2,High,Cloudy
2025-03-28,14:15,Lalitpur,102,35.9,Medium,Rain
2025-04-18,8:30,Bhaktapur,881,36.6,Medium,Rain
2025-01-30,12:45,Ratnapark,168,53.2,High,Fog
2025-04-10,11:15,Chabahil,50,36.5,Low,Fog
2025-01-29,8:15,Bhaktapur,46,36.9,Low,Cloudy
2025-02-23,15:45,Chabahil,319,34.5,Medium,Fog
2025-02-06,10:15,Bhaktapur,103,36.5,Medium,Cloudy
2025-04-06,10:15,Koteshwor,47,32.2,Medium,Clear
2025-04-07,14:45,Baneshwor,104,31.1,Low,Rain
2025-03-17,14:30,Maharajgunj,98,37.7,Medium,Rain
2025-01-15,12:15,Kalanki,98,33.0,Low,Rain
2025-01-29,11:15,Ratnapark,48,13.6,Low,Rain
2025-01-10,10:45,Maharajgunj,97,16.0,Low,Rain
2025-05-02,15:00,Maharajgunj,749,34.4,High,Fog
2025-02-17,15:30,Chabahil,671,34.6,High,Clear
2025-04-20,11:15,Maharajgunj,105,34.6,Medium,Rain
2025-01-06,15:15,Bhaktapur,52,18.7,Low,Clear
2025-02-05,13:45,Ratnapark,54,34.5,High,Fog
2025-02-11,15:00,Koteshwor,46,35.2,Medium,Clear
2025-01-03,14:45,Baneshwor,53,34.0,Medium,Cloudy
2025-01-18,10:00,Ratnapark,54,35.7,Medium,Clear
2025-01-06,11:45,Maharajgunj,96,47.6,High,Fog
2025-01-14,13:15,Baneshwor,101,38.8,High,Rain
2025-02-02,11:45,Maharajgunj,49,34.2,Low,Clear
2025-03-10,14:30,Ratnapark,51,34.6,Low,Rain
2025-03-08,14:45,Koteshwor,99,35.5,High,Cloudy
2025-01-26,13:15,Bhaktapur,100,22.9,High,Fog
2025-02-08,12:45,Koteshwor,854,32.8,High,Cloudy
2025-03-28,9:15,Maharajgunj,457,35.2,High,Clear
2025-01-19,14:30,Chabahil,105,30.0,Medium,Clear
2025-03-15,10:15,Maharajgunj,95,11.5,High,Rain
2025-03-26,12:30,Lalitpur,99,37.1,Medium,Fog
2025-01-08,13:45,Ratnapark,45,11.5,Low,Cloudy
2025-04-10,8:00,Baneshwor,103,35.4,Low,Rain
2025-02-10,14:30,Ratnapark,104,33.9,Low,Clear
2025-03-04,11:00,Maharajgunj,103,9.3,Low,Cloudy
2025-04-07,8:00,Kalanki,101,36.9,Low,Cloudy
2025-04-19,11:00,Baneshwor,50,32.9,Medium,Fog
2025-01-10,12:30,Maharajgunj,800,42.6,High,Rain
2025-01-10,9:00,Maharajgunj,102,8.6,High,Clear
2025-02-06,11:45,Maharajgunj,823,33.3,Low,Rain
2025-04-21,11:00,Ratnapark,48,35.3,High,Cloudy
2025-04-11,12:00,Baneshwor,672,33.1,High,Fog
2025-02-21,15:00,Kalanki,98,36.0,High,Cloudy
2025-04-07,10:15,Koteshwor,50,32.4,Medium,Clear
2025-04-27,12:30,Chabahil,95,34.3,High,Fog
2025-02-21,11:30,Ratnapark,46,34.5,Low,Cloudy
2025-01-12,9:00,Koteshwor,934,37.2,High,Rain
2025-04-15,14:30,Kalanki,55,35.3,High,Cloudy
2025-02-27,12:30,Maharajgunj,905,36.9,High,Cloudy
2025-01-14,14:15,Kalanki,855,19.1,High,Rain
2025-02-09,9:30,Ratnapark,50,36.1,Medium,Clear
2025-01-23,10:00,Maharajgunj,842,34.3,Medium,Cloudy
2025-04-19,10:00,Baneshwor,95,37.0,Low,Rain
2025-05-01,10:15,Koteshwor,102,34.3,Low,Rain
2025-02-27,12:45,Bhaktapur,99,31.5,Low,Clear
2025-02-25,13:00,Lalitpur,49,34.6,Low,Fog
2025-02-02,8:45,Bhaktapur,50,39.9,Medium,Rain
2025-01-30,12:30,Bhaktapur,51,31.8,High,Fog
2025-03-26,8:00,Ratnapark,51,29.2,Low,Cloudy
2025-03-11,14:00,Baneshwor,99,32.5,High,Rain
2025-02-07,15:45,Chabahil,95,10.6,Medium,Clear
2025-03-17,8:45,Koteshwor,105,62.3,Low,Fog
2025-03-14,13:00,Lalitpur,934,34.6,Low,Rain
2025-04-27,13:15,Bhaktapur,100,36.1,Medium,Clear
2025-02-28,15:45,Baneshwor,53,36.0,High,Clear
2025-04-22,8:15,Lalitpur,427,38.1,Medium,Cloudy
2025-04-12,8:00,Baneshwor,104,33.7,Low,Rain
2025-03-22,10:45,Koteshwor,615,34.6,High,Rain
2025-03-20,8:45,Ratnapark,878,3.3,Medium,Rain
2025-04-21,15:00,Lalitpur,98,35.2,Low,Cloudy
2025-01-04,15:00,Maharajgunj,766,40.0,Low,Clear
2025-02-17,11:15,Ratnapark,102,35.1,High,Clear
2025-04-30,11:30,Koteshwor,97,36.3,Medium,Clear
2025-02-07,9:15,Chabahil,102,32.7,High,Cloudy
2025-01-12,10:00,Baneshwor,50,37.5,High,Cloudy
2025-01-30,13:00,Chabahil,98,33.3,Medium,Clear
2025-04-07,9:15,Baneshwor,461,36.3,Medium,Clear
2025-02-09,14:45,Chabahil,732,33.6,Medium,Cloudy
2025-02-19,10:00,Kalanki,49,13.5,Medium,Rain
2025-04-12,15:45,Baneshwor,49,23.2,Medium,Rain
2025-04-16,15:00,Lalitpur,510,33.7,High,Rain
2025-04-22,8:15,Lalitpur,419,35.9,Medium,Cloudy
2025-05-01,12:45,Ratnapark,679,36.0,Low,Cloudy
2025-02-04,14:15,Maharajgunj,98,36.1,Medium,Clear
2025-04-02,9:30,Bhaktapur,253,34.5,High,Clear
2025-01-20,8:45,Kalanki,45,36.4,Medium,Rain
2025-04-16,10:00,Ratnapark,805,33.2,High,Cloudy
2025-04-16,12:45,Kalanki,189,0.0,Medium,Clear
2025-04-19,9:30,Bhaktapur,100,23.4,High,Cloudy
2025-02-17,11:30,Bhaktapur,103,35.3,Medium,Clear
2025-01-25,11:15,Baneshwor,97,33.8,High,Clear
2025-04-14,9:30,Ratnapark,46,56.1,High,Clear
2025-03-02,15:00,Ratnapark,49,30.9,Medium,Clear
2025-04-27,13:45,Lalitpur,53,30.1,High,Rain
2025-01-21,13:15,Chabahil,105,10.3,Low,Clear
2025-04-14,13:15,Ratnapark,734,34.7,Low,Rain
2025-04-27,11:30,Chabahil,95,42.3,Medium,Fog
2025-01-15,12:45,Bhaktapur,646,58.0,High,Cloudy
2025-04-13,13:00,Baneshwor,800,15.4,High,Rain
2025-03-09,12:45,Baneshwor,563,46.5,Medium,Rain
2025-02-17,10:00,Kalanki,47,14.1,Medium,Rain
2025-02-13,15:15,Baneshwor,658,35.1,Low,Clear
2025-04-14,8:45,Koteshwor,98,35.7,Medium,Rain
2025-02-28,13:15,Baneshwor,100,32.9,Medium,Cloudy
2025-01-11,15:15,Koteshwor,102,36.5,Low,Cloudy
2025-01-31,8:00,Chabahil,52,33.4,Low,Rain
2025-02-24,10:00,Maharajgunj,55,2.0,Medium,Clear
2025-04-09,10:30,Maharajgunj,48,27.2,Medium,Cloudy
2025-01-12,10:15,Chabahil,95,34.8,High,Fog
2025-03-04,8:30,Bhaktapur,101,35.0,Medium,Fog
2025-01-25,13:00,Chabahil,100,18.5,High,Cloudy
2025-03-20,8:00,Bhaktapur,49,33.7,High,Cloudy
2025-03-19,15:00,Kalanki,528,24.3,Low,Rain
2025-03-27,12:00,Maharajgunj,593,35.9,Low,Clear
2025-01-14,14:15,Chabahil,102,33.1,Low,Rain
2025-02-21,12:00,Ratnapark,341,52.1,High,Cloudy
2025-04-14,13:15,Ratnapark,736,33.2,Low,Rain
2025-02-21,13:00,Chabahil,303,35.3,Low,Cloudy
2025-02-03,8:45,Ratnapark,764,16.7,High,Clear
2025-03-19,10:00,Ratnapark,424,33.6,Medium,Cloudy
2025-04-24,8:45,Koteshwor,49,8.8,High,Clear
2025-03-03,8:30,Koteshwor,105,34.9,High,Clear
2025-04-23,12:15,Baneshwor,46,60.6,Medium,Clear
2025-05-03,9:45,Bhaktapur,105,35.0,High,Fog
2025-03-10,9:15,Baneshwor,54,53.1,Medium,Fog
2025-02-01,8:15,Bhaktapur,55,34.6,Low,Cloudy
2025-03-20,12:30,Lalitpur,54,34.0,High,Cloudy
2025-03-25,15:30,Ratnapark,46,53.8,Medium,Cloudy
2025-05-04,15:30,Baneshwor,100,36.5,Low,Cloudy
2025-01-11,11:15,Koteshwor,278,8.1,High,Rain
2025-03-27,10:00,Lalitpur,104,52.2,Medium,Rain
2025-02-09,15:00,Maharajgunj,45,3.0,Medium,Cloudy
2025-03-30,14:45,Baneshwor,52,57.2,Low,Clear
2025-04-03,10:45,Bhaktapur,54,36.9,High,Clear
2025-04-03,11:15,Chabahil,543,33.4,High,Cloudy
2025-03-17,15:00,Kalanki,525,23.6,Low,Rain
2025-04-23,14:45,Koteshwor,109,27.5,Low,Fog
2025-01-25,15:45,Koteshwor,574,35.7,Low,Rain
2025-04-21,9:15,Maharajgunj,102,32.9,Low,Rain
2025-01-25,13:15,Bhaktapur,102,22.6,High,Fog
2025-01-01,12:15,Lalitpur,319,32.5,Low,Clear
2025-02-10,14:30,Ratnapark,97,35.5,Low,Clear
2025-01-08,15:15,Koteshwor,49,34.6,High,Fog
2025-01-09,11:15,Bhaktapur,95,35.2,High,Rain
2025-04-14,15:15,Bhaktapur,45,34.2,Medium,Rain
2025-01-20,12:45,Ratnapark,48,34.2,Low,Cloudy
2025-04-08,15:00,Kalanki,103,35.3,Medium,Clear
2025-01-18,8:45,Baneshwor,103,48.0,Low,Cloudy
2025-01-30,15:30,Ratnapark,95,33.0,Low,Cloudy
2025-02-07,9:00,Lalitpur,97,34.3,Low,Rain
2025-03-10,9:15,Baneshwor,48,52.2,Medium,Fog
2025-03-30,11:15,Bhaktapur,287,0.0,High,Cloudy
2025-01-23,9:45,Chabahil,51,36.8,Low,Rain
2025-01-28,15:45,Lalitpur,47,34.3,Medium,Fog
2025-02-20,12:45,Baneshwor,95,34.5,High,Rain
2025-01-10,8:30,Maharajgunj,45,32.3,Low,Fog
2025-03-08,8:30,Ratnapark,216,26.1,High,Cloudy
2025-02-16,14:15,Lalitpur,160,39.9,High,Fog
2025-05-02,15:00,Maharajgunj,98,33.4,High,Rain
2025-02-07,11:30,Koteshwor,278,37.5,High,Clear
2025-03-16,12:30,Kalanki,101,54.8,Low,Rain
2025-01-06,14:00,Koteshwor,522,11.2,High,Fog
2025-03-18,12:00,Baneshwor,113,23.7,Medium,Rain
2025-01-17,13:00,Bhaktapur,928,35.2,Low,Rain
2025-02-17,10:00,Lalitpur,101,30.0,Medium,Clear
2025-04-02,9:30,Maharajgunj,788,48.2,Medium,Rain
2025-02-14,12:45,Ratnapark,801,41.0,Low,Cloudy
2025-02-20,15:00,Lalitpur,54,35.4,High,Fog
2025-02-09,15:00,Koteshwor,105,32.6,High,Clear
2025-01-12,15:15,Bhaktapur,50,51.5,High,Rain
2025-04-13,15:15,Chabahil,51,36.1,High,Rain
2025-01-12,13:45,Maharajgunj,53,32.2,High,Clear
2025-02-25,10:45,Lalitpur,327,29.3,Low,Cloudy
2025-04-01,11:15,Chabahil,542,37.5,High,Cloudy
2025-04-13,9:15,Ratnapark,96,35.8,High,Clear
2025-04-03,14:15,Ratnapark,363,38.7,Low,Fog
2025-01-13,15:30,Ratnapark,96,31.0,Low,Cloudy
2025-03-11,9:30,Baneshwor,100,33.4,Low,Cloudy
2025-03-20,9:15,Bhaktapur,46,39.1,Low,Rain
2025-01-20,13:00,Kalanki,47,0.0,Low,Clear
2025-03-31,8:00,Ratnapark,102,37.5,High,Rain
2025-02-02,11:45,Ratnapark,102,33.8,Medium,Rain
2025-01-27,10:00,Ratnapark,105,6.4,High,Clear
2025-01-28,14:45,Lalitpur,98,36.0,Low,Cloudy
2025-04-25,13:45,Maharajgunj,53,33.2,High,Cloudy
2025-04-28,13:15,Koteshwor,102,35.8,Low,Clear
2025-03-05,13:00,Chabahil,45,32.4,Low,Rain
2025-04-04,9:30,Maharajgunj,785,47.7,Medium,Rain
2025-04-17,9:00,Baneshwor,801,33.2,High,Fog
2025-03-31,10:15,Baneshwor,48,33.9,Medium,Fog
2025-04-17,10:15,Bhaktapur,104,34.5,High,Rain
2025-02-06,8:00,Bhaktapur,50,37.1,High,Rain
2025-03-08,8:45,Maharajgunj,528,30.2,Low,Fog
2025-03-15,12:45,Chabahil,54,36.0,Medium,Fog
2025-01-13,11:45,Bhaktapur,191,35.3,High,Clear
2025-02-16,8:30,Maharajgunj,473,32.8,Low,Rain
2025-03-13,15:00,Baneshwor,52,35.0,Low,Fog
2025-05-02,10:45,Ratnapark,53,35.3,Medium,Rain
2025-02-16,11:15,Ratnapark,100,36.5,High,Clear
2025-03-25,14:15,Lalitpur,98,32.9,Medium,Rain
2025-03-22,15:45,Kalanki,910,34.9,High,Rain
2025-02-14,9:00,Kalanki,101,41.4,Low,Clear
2025-03-31,15:30,Maharajgunj,104,35.7,High,Fog
2025-01-22,15:45,Koteshwor,97,34.6,Medium,Cloudy
2025-02-13,8:30,Maharajgunj,476,35.1,Low,Rain
2025-04-14,14:45,Ratnapark,47,36.8,High,Rain
2025-02-05,15:00,Ratnapark,97,34.1,Medium,Cloudy
2025-04-28,10:30,Maharajgunj,48,34.4,Low,Fog
2025-04-08,10:30,Maharajgunj,46,27.2,Medium,Cloudy
2025-01-29,10:30,Koteshwor,99,51.6,Low,Cloudy
2025-01-29,15:30,Ratnapark,97,34.7,Low,Cloudy
2025-02-08,8:30,Lalitpur,54,14.9,Low,Cloudy
2025-03-30,10:45,Lalitpur,99,38.3,High,Rain
2025-04-10,15:15,Maharajgunj,115,34.4,Low,Rain
2025-04-08,10:15,Koteshwor,53,35.4,Medium,Clear
2025-03-02,12:15,Baneshwor,497,36.8,Medium,Rain
2025-03-07,8:30,Bhaktapur,103,33.3,Medium,Fog
2025-01-03,11:15,Kalanki,302,37.8,High,Clear
2025-03-13,12:30,Koteshwor,100,38.5,High,Fog
2025-01-12,14:15,Kalanki,852,17.9,High,Rain
2025-02-06,13:30,Kalanki,228,7.9,Medium,Cloudy
2025-01-02,13:00,Koteshwor,47,38.3,Low,Fog
2025-03-17,12:45,Chabahil,54,36.6,Medium,Fog
2025-04-02,9:15,Baneshwor,103,35.2,Low,Clear
2025-04-23,15:00,Ratnapark,48,39.9,High,Rain
2025-04-16,10:30,Maharajgunj,99,37.6,High,Rain
2025-01-29,9:30,Baneshwor,47,34.3,Medium,Rain
2025-02-13,11:15,Chabahil,465,35.5,Medium,Clear
2025-04-18,8:30,Kalanki,52,50.2,Low,Fog
2025-04-15,9:15,Ratnapark,52,35.1,Medium,Fog
2025-02-02,8:45,Ratnapark,769,15.2,High,Clear
2025-02-12,15:00,Lalitpur,100,33.1,Medium,Fog
2025-01-07,8:00,Chabahil,438,27.3,Low,Fog
2025-04-10,14:00,Ratnapark,105,36.0,Low,Rain
2025-03-17,8:00,Bhaktapur,54,32.6,High,Cloudy
2025-03-21,8:45,Ratnapark,50,35.4,Medium,Cloudy
2025-01-04,12:15,Lalitpur,325,38.7,Low,Clear
2025-04-27,14:45,Ratnapark,313,37.9,High,Clear
2025-02-20,10:00,Koteshwor,733,47.3,Low,Cloudy
2025-02-18,10:00,Kalanki,53,13.4,Medium,Rain
2025-03-18,10:45,Koteshwor,621,33.4,High,Rain
2025-02-15,11:45,Baneshwor,105,44.7,High,Fog
2025-04-25,14:45,Koteshwor,107,25.7,Low,Fog
2025-04-13,15:00,Kalanki,191,35.0,High,Cloudy
2025-01-29,10:45,Koteshwor,46,22.4,Low,Fog
2025-01-10,11:15,Koteshwor,277,5.9,High,Rain
2025-04-10,8:30,Kalanki,912,34.1,Medium,Clear
2025-04-13,10:00,Baneshwor,100,34.5,Low,Rain
2025-03-22,12:15,Ratnapark,100,35.7,High,Fog
2025-01-08,15:30,Lalitpur,104,46.8,Low,Rain
2025-03-08,10:00,Koteshwor,98,4.6,High,Rain
2025-02-05,12:45,Ratnapark,54,35.9,High,Clear
2025-03-12,13:30,Kalanki,97,40.2,Low,Cloudy
2025-01-30,13:00,Chabahil,100,31.3,High,Cloudy
2025-05-02,11:15,Bhaktapur,102,38.0,Low,Clear
2025-04-24,15:15,Lalitpur,805,33.6,Low,Fog
2025-03-22,8:30,Ratnapark,170,35.7,High,Rain
2025-01-16,11:30,Baneshwor,361,31.2,Low,Cloudy
2025-01-04,9:00,Chabahil,971,35.0,Medium,Clear
2025-02-11,10:00,Bhaktapur,972,35.2,High,Cloudy
2025-01-23,8:30,Lalitpur,774,35.3,Low,Rain
2025-03-15,8:45,Chabahil,53,41.0,Low,Clear
2025-03-29,9:15,Maharajgunj,462,33.7,High,Clear
2025-01-07,12:15,Baneshwor,54,36.6,Low,Rain
2025-04-10,14:00,Ratnapark,99,36.0,Low,Rain
2025-04-27,13:15,Koteshwor,95,33.6,Low,Clear
2025-04-29,9:15,Ratnapark,823,21.6,Low,Fog
2025-05-05,8:00,Lalitpur,99,34.7,Medium,Rain
2025-04-14,12:30,Ratnapark,668,57.8,High,Clear
2025-03-01,13:00,Lalitpur,50,38.9,Low,Fog
2025-01-28,9:00,Baneshwor,648,35.3,Medium,Rain
2025-04-28,10:15,Lalitpur,98,34.4,Low,Cloudy
2025-01-01,9:45,Bhaktapur,51,26.1,Low,Rain
2025-03-13,8:30,Lalitpur,99,21.8,Medium,Fog
2025-04-06,9:15,Koteshwor,50,33.2,High,Cloudy
2025-04-22,9:30,Bhaktapur,98,21.1,High,Cloudy
2025-04-02,13:15,Bhaktapur,102,36.4,Low,Fog
2025-02-14,14:15,Lalitpur,163,34.7,High,Fog
2025-03-22,14:15,Maharajgunj,454,33.1,High,Rain
2025-04-15,15:00,Kalanki,195,36.1,High,Cloudy
2025-03-27,15:00,Baneshwor,48,3.3,Low,Clear
2025-01-23,9:30,Baneshwor,105,34.3,Low,Clear
2025-04-08,9:00,Koteshwor,52,0.1,Medium,Fog
2025-01-12,15:00,Kalanki,52,33.8,High,Rain
2025-01-20,12:30,Kalanki,103,32.8,Medium,Rain
2025-01-30,10:45,Bhaktapur,97,34.0,Low,Rain
2025-02-04,10:30,Koteshwor,191,35.1,High,Rain
2025-01-08,9:30,Maharajgunj,242,38.0,Low,Fog
2025-04-27,11:30,Chabahil,95,42.2,Medium,Fog
2025-03-10,11:00,Baneshwor,97,51.2,Low,Fog
2025-01-19,12:00,Lalitpur,101,24.4,Low,Rain
2025-04-11,14:00,Ratnapark,103,34.4,Low,Rain
2025-04-12,14:45,Bhaktapur,45,32.5,Low,Rain
2025-04-09,9:15,Baneshwor,461,34.6,Medium,Clear
2025-02-08,8:00,Kalanki,294,33.9,Medium,Clear
2025-04-26,8:00,Koteshwor,101,36.1,Low,Cloudy
2025-02-22,9:15,Maharajgunj,95,34.3,Low,Rain
2025-01-08,13:15,Maharajgunj,491,29.6,Medium,Rain
2025-01-26,8:30,Lalitpur,778,42.4,Low,Rain
2025-03-17,13:00,Lalitpur,933,35.3,Low,Rain
2025-02-11,13:30,Maharajgunj,104,35.2,Medium,Clear
2025-04-01,14:15,Lalitpur,54,31.9,Medium,Fog
2025-03-15,15:00,Baneshwor,46,32.1,Low,Fog
2025-03-22,10:00,Ratnapark,97,34.8,High,Cloudy
2025-04-05,15:15,Baneshwor,102,17.7,Medium,Clear
2025-01-27,14:45,Lalitpur,97,36.4,Low,Cloudy
2025-03-11,14:15,Bhaktapur,95,35.5,Medium,Clear
2025-01-18,11:15,Ratnapark,53,32.6,Low,Rain
2025-02-02,10:00,Kalanki,102,30.0,Medium,Clear
2025-01-17,9:30,Lalitpur,98,34.8,High,Cloudy
2025-03-01,14:45,Maharajgunj,320,33.9,High,Rain
2025-01-08,8:15,Chabahil,99,20.5,High,Rain
2025-02-18,15:00,Maharajgunj,47,51.7,High,Rain
2025-03-24,10:00,Bhaktapur,45,31.8,Low,Clear
2025-01-24,11:15,Ratnapark,104,57.2,Low,Cloudy
2025-01-28,12:30,Maharajgunj,99,32.2,Low,Cloudy
2025-04-06,9:15,Maharajgunj,105,55.3,High,Cloudy
2025-03-17,15:00,Baneshwor,50,36.9,Low,Fog
2025-04-17,15:00,Lalitpur,505,34.3,High,Rain
2025-04-16,12:00,Kalanki,51,38.4,High,Clear
2025-03-31,12:00,Lalitpur,47,38.8,Medium,Clear
2025-04-25,12:00,Baneshwor,101,35.5,High,Cloudy
2025-04-27,12:15,Kalanki,95,9.1,Medium,Cloudy
2025-03-26,13:45,Chabahil,51,37.1,Low,Fog
2025-02-26,15:45,Chabahil,313,40.1,Medium,Fog
2025-04-26,12:30,Baneshwor,441,35.9,Low,Cloudy
2025-02-11,11:15,Chabahil,461,34.0,Medium,Clear
2025-02-28,13:00,Lalitpur,46,31.6,Low,Fog
2025-04-18,11:30,Lalitpur,96,0.2,Medium,Cloudy
2025-02-06,9:15,Chabahil,98,39.8,High,Cloudy
2025-01-30,9:45,Ratnapark,215,35.6,Low,Cloudy
2025-01-08,8:00,Baneshwor,48,34.5,High,Cloudy
2025-05-05,13:45,Ratnapark,46,38.5,Medium,Cloudy
2025-03-16,12:30,Koteshwor,98,33.5,High,Fog
2025-04-04,8:30,Baneshwor,342,50.2,Low,Fog
2025-03-09,8:45,Bhaktapur,821,24.2,High,Rain
2025-04-23,9:00,Kalanki,874,35.9,High,Clear
2025-05-04,8:30,Maharajgunj,206,34.3,Low,Cloudy
2025-04-30,8:00,Chabahil,99,33.1,High,Rain
2025-01-07,12:15,Baneshwor,51,33.4,Low,Rain
2025-02-20,12:15,Chabahil,99,33.4,High,Fog
2025-02-05,11:45,Ratnapark,99,35.0,Medium,Rain
2025-03-18,10:30,Bhaktapur,96,31.9,Low,Clear
2025-01-29,8:45,Kalanki,277,32.5,Medium,Clear
2025-04-15,11:45,Bhaktapur,51,37.3,Low,Clear
2025-01-03,15:45,Chabahil,104,34.7,High,Fog
2025-01-05,9:45,Maharajgunj,259,3.4,Medium,Clear
2025-02-22,8:45,Koteshwor,565,34.9,Medium,Fog
2025-03-02,8:45,Ratnapark,95,10.0,Medium,Clear
2025-03-17,11:15,Lalitpur,674,40.3,High,Rain
2025-02-24,15:30,Chabahil,98,34.2,High,Cloudy
2025-02-14,13:30,Ratnapark,48,2.2,Medium,Rain
2025-02-17,14:45,Baneshwor,893,62.0,Medium,Clear
2025-04-15,9:00,Baneshwor,807,34.9,High,Fog
2025-01-22,14:30,Chabahil,103,36.4,Medium,Clear
2025-03-17,8:45,Koteshwor,103,59.8,Low,Fog
2025-02-25,10:45,Lalitpur,331,28.4,Low,Cloudy
2025-01-09,9:15,Kalanki,99,35.2,Low,Fog
2025-02-10,14:45,Lalitpur,981,32.2,High,Cloudy
2025-02-25,10:45,Lalitpur,332,29.5,Low,Cloudy
2025-02-24,15:45,Chabahil,315,37.0,Medium,Fog
2025-01-08,9:00,Maharajgunj,97,7.4,High,Clear
2025-03-16,10:30,Bhaktapur,100,30.8,Low,Clear
2025-02-02,13:45,Chabahil,849,35.3,Medium,Clear
2025-01-11,14:30,Ratnapark,101,37.6,High,Fog
2025-04-05,11:30,Lalitpur,859,32.3,Medium,Clear
2025-04-30,9:30,Maharajgunj,49,35.3,Low,Rain
2025-03-21,9:15,Bhaktapur,51,37.0,Low,Rain
2025-02-27,15:30,Bhaktapur,784,48.2,Medium,Cloudy
2025-04-13,8:45,Koteshwor,53,37.6,Medium,Cloudy
2025-02-05,11:45,Ratnapark,95,31.3,Medium,Rain
2025-03-31,10:15,Ratnapark,577,36.0,High,Rain
2025-03-04,9:45,Koteshwor,53,23.0,High,Clear
2025-04-10,8:30,Kalanki,918,33.0,Medium,Clear
2025-03-26,11:45,Baneshwor,96,36.6,Medium,Cloudy
2025-01-07,10:30,Ratnapark,713,35.3,Low,Rain
2025-03-28,12:00,Maharajgunj,595,36.5,Low,Clear
2025-02-09,15:00,Kalanki,672,51.1,Medium,Clear
2025-02-24,11:00,Maharajgunj,102,37.9,Low,Clear
2025-02-25,11:15,Koteshwor,47,17.4,High,Clear
2025-01-01,9:45,Bhaktapur,51,25.8,Low,Rain
2025-04-23,9:30,Chabahil,103,32.8,Low,Fog
2025-05-05,11:30,Chabahil,682,30.3,Medium,Clear
2025-01-17,11:00,Baneshwor,462,34.4,Low,Clear
2025-05-03,15:15,Koteshwor,100,33.8,High,Fog
2025-02-15,11:15,Bhaktapur,799,36.3,Medium,Rain
2025-02-23,11:00,Maharajgunj,55,52.2,Low,Fog
2025-03-18,12:00,Baneshwor,119,21.3,Medium,Rain
2025-04-14,9:15,Ratnapark,49,39.1,Medium,Fog
2025-03-15,9:15,Koteshwor,45,6.6,Low,Rain
2025-04-19,12:30,Ratnapark,97,36.2,Low,Cloudy
2025-02-26,8:15,Baneshwor,566,35.9,High,Fog
2025-04-29,9:00,Koteshwor,53,35.7,High,Rain
2025-02-27,11:15,Koteshwor,47,12.9,High,Clear
2025-03-24,11:45,Baneshwor,105,35.2,Medium,Cloudy
2025-03-12,13:30,Kalanki,105,41.2,Low,Cloudy
2025-01-10,15:15,Maharajgunj,334,33.8,High,Cloudy
2025-03-13,13:45,Koteshwor,46,34.4,Low,Fog
2025-01-22,12:45,Lalitpur,48,30.2,Medium,Fog
2025-02-07,14:00,Ratnapark,49,32.8,High,Clear
2025-01-06,15:30,Lalitpur,101,48.8,Low,Rain
2025-01-22,10:15,Bhaktapur,51,38.5,High,Cloudy
2025-02-05,8:00,Bhaktapur,53,33.1,High,Rain
2025-02-25,15:30,Chabahil,102,35.4,High,Cloudy
2025-04-21,8:00,Kalanki,46,37.2,High,Clear
2025-01-19,9:30,Lalitpur,102,34.0,High,Cloudy
2025-01-29,9:30,Koteshwor,102,36.4,Low,Rain
2025-01-19,14:30,Koteshwor,99,34.9,Medium,Fog
2025-02-01,11:45,Bhaktapur,97,11.4,Medium,Cloudy
2025-04-15,15:00,Kalanki,193,32.4,High,Cloudy
2025-03-26,15:30,Ratnapark,51,49.8,Medium,Cloudy
2025-04-02,15:15,Chabahil,45,21.6,Low,Clear
2025-02-20,11:45,Ratnapark,584,35.2,High,Clear
2025-01-12,13:45,Bhaktapur,104,18.9,Medium,Fog
2025-03-22,13:30,Kalanki,816,36.2,Medium,Clear
2025-04-09,15:30,Maharajgunj,841,33.1,Low,Cloudy
2025-01-07,9:30,Maharajgunj,242,38.3,Low,Fog
2025-01-10,12:00,Kalanki,104,34.0,High,Cloudy
2025-01-12,12:00,Kalanki,102,34.2,High,Cloudy
2025-04-04,15:30,Maharajgunj,105,34.4,Medium,Fog
2025-04-08,9:15,Maharajgunj,97,57.5,High,Cloudy
2025-01-25,11:15,Ratnapark,49,16.5,Low,Rain
2025-04-30,13:45,Koteshwor,98,38.1,Medium,Fog
2025-02-19,12:00,Ratnapark,336,56.4,High,Cloudy
2025-03-20,9:15,Bhaktapur,49,34.1,Low,Rain
2025-03-02,9:15,Ratnapark,54,30.3,Low,Cloudy
2025-03-15,12:00,Baneshwor,115,20.6,Medium,Rain
2025-04-13,13:15,Ratnapark,734,33.6,Low,Rain
2025-03-19,13:30,Kalanki,815,34.9,Medium,Clear
2025-04-17,10:15,Bhaktapur,100,32.7,High,Rain
2025-03-11,9:30,Baneshwor,105,35.3,Low,Cloudy
2025-01-30,11:45,Ratnapark,53,34.6,High,Clear
2025-01-12,13:15,Maharajgunj,492,34.2,Medium,Rain
2025-01-08,11:00,Bhaktapur,950,57.3,High,Clear
2025-03-31,9:30,Bhaktapur,250,30.1,High,Clear
2025-03-11,8:45,Chabahil,55,34.2,Low,Clear
2025-01-29,14:30,Bhaktapur,97,30.3,Low,Fog
2025-01-01,11:00,Baneshwor,54,35.5,Medium,Clear
2025-04-16,12:00,Lalitpur,909,1.5,Low,Fog
2025-02-21,13:30,Maharajgunj,105,20.3,Medium,Fog
2025-01-06,8:15,Koteshwor,101,32.6,Medium,Cloudy
2025-01-21,12:00,Kalanki,97,31.6,Medium,Cloudy
2025-01-29,14:00,Koteshwor,101,43.1,Medium,Fog
2025-04-06,8:45,Baneshwor,99,12.3,Medium,Clear
2025-01-22,10:00,Chabahil,861,53.4,Low,Clear
2025-04-19,12:45,Maharajgunj,750,34.3,Low,Rain
2025-03-14,14:00,Lalitpur,294,34.1,Low,Rain
2025-02-13,10:15,Maharajgunj,55,37.3,High,Fog
2025-02-28,15:00,Ratnapark,55,35.5,Medium,Fog
2025-01-09,13:45,Bhaktapur,98,16.6,Medium,Fog
2025-03-26,11:00,Baneshwor,102,33.6,Medium,Rain
2025-04-13,10:00,Baneshwor,103,33.3,Low,Rain
2025-04-18,11:00,Baneshwor,46,37.8,Medium,Fog
2025-04-12,12:00,Lalitpur,53,36.4,High,Rain
2025-03-03,13:45,Ratnapark,55,9.7,High,Rain
2025-03-30,11:15,Baneshwor,98,38.4,Low,Rain
2025-04-06,8:00,Koteshwor,566,52.9,Medium,Clear
2025-01-14,8:30,Koteshwor,970,15.5,Medium,Rain
2025-02-09,13:45,Kalanki,98,2.2,High,Clear
2025-05-04,10:30,Maharajgunj,353,34.3,Medium,Rain
2025-04-18,13:45,Maharajgunj,54,37.1,Low,Clear
2025-03-24,12:30,Lalitpur,102,38.5,Medium,Fog
2025-02-20,14:45,Baneshwor,888,58.0,Medium,Clear
2025-01-02,8:15,Kalanki,52,7.7,Medium,Fog
2025-03-07,10:30,Ratnapark,208,36.4,Medium,Fog
2025-02-14,13:00,Baneshwor,47,34.4,Medium,Clear
2025-05-02,8:30,Maharajgunj,210,38.6,Low,Cloudy
2025-04-08,8:45,Baneshwor,104,9.9,Medium,Clear
2025-04-25,11:15,Baneshwor,675,34.8,Medium,Clear
2025-03-05,10:00,Ratnapark,836,59.0,Medium,Cloudy
2025-02-22,11:00,Kalanki,365,37.9,High,Clear
2025-01-16,9:30,Ratnapark,48,40.7,High,Fog
2025-03-15,13:30,Kalanki,98,37.5,Low,Cloudy
2025-04-27,10:00,Koteshwor,48,59.5,High,Cloudy
2025-01-13,10:45,Chabahil,50,36.0,High,Rain
2025-04-15,10:30,Maharajgunj,101,32.9,High,Rain
2025-03-15,10:15,Maharajgunj,99,11.3,High,Rain
2025-04-15,12:00,Lalitpur,914,0.0,Low,Fog
2025-03-24,12:15,Ratnapark,106,34.7,High,Fog
2025-03-17,8:00,Chabahil,101,35.3,Low,Rain
2025-03-26,8:30,Baneshwor,102,34.3,Medium,Cloudy
2025-02-14,14:30,Koteshwor,442,34.1,Medium,Clear
2025-02-11,14:30,Koteshwor,446,31.8,Medium,Clear
2025-05-03,13:45,Lalitpur,100,30.7,Medium,Clear
2025-04-28,13:45,Lalitpur,47,26.2,High,Rain
2025-04-09,9:00,Koteshwor,197,50.1,Low,Fog
2025-01-19,15:45,Bhaktapur,708,31.4,High,Fog
2025-01-16,8:45,Baneshwor,104,50.1,Low,Cloudy
2025-01-10,11:30,Kalanki,783,35.0,Low,Cloudy
2025-03-29,11:15,Bhaktapur,296,2.8,High,Cloudy
2025-03-27,10:30,Chabahil,48,46.7,High,Fog
2025-03-29,13:30,Koteshwor,182,37.1,High,Clear
2025-02-20,15:30,Chabahil,672,31.8,High,Clear
2025-03-17,9:15,Koteshwor,97,33.9,Low,Rain
2025-01-09,14:30,Baneshwor,46,39.0,High,Clear
2025-03-07,10:00,Koteshwor,102,3.2,High,Rain
2025-03-26,9:15,Maharajgunj,464,33.3,High,Clear
2025-03-02,15:30,Bhaktapur,782,45.8,Medium,Cloudy
2025-02-25,9:00,Baneshwor,387,34.2,High,Cloudy
2025-04-22,15:00,Ratnapark,55,34.6,High,Rain
2025-02-27,12:15,Ratnapark,495,36.7,High,Clear
2025-02-24,12:00,Koteshwor,95,36.2,Medium,Fog
2025-02-10,13:15,Baneshwor,576,32.3,High,Clear
2025-05-01,13:45,Koteshwor,100,36.8,Medium,Fog
2025-03-29,9:45,Koteshwor,98,7.9,Low,Rain
2025-01-25,8:00,Bhaktapur,48,31.8,Medium,Rain
2025-03-19,12:45,Bhaktapur,97,42.2,Medium,Rain
2025-03-26,13:45,Ratnapark,248,32.5,Low,Rain
2025-03-02,8:45,Ratnapark,97,4.9,Medium,Clear
2025-03-02,14:45,Maharajgunj,320,34.1,High,Rain
2025-01-25,10:00,Ratnapark,96,5.1,High,Clear
2025-02-28,12:15,Baneshwor,98,6.2,Low,Fog
2025-04-28,12:15,Baneshwor,45,36.5,Medium,Cloudy
2025-02-17,8:00,Ratnapark,55,35.7,Low,Clear
2025-01-01,9:45,Bhaktapur,49,26.0,Low,Rain
2025-03-24,12:45,Chabahil,355,34.5,High,Rain
2025-02-16,9:15,Maharajgunj,718,38.2,Medium,Rain
2025-01-09,10:30,Koteshwor,564,35.7,Medium,Clear
2025-02-26,12:15,Ratnapark,492,34.0,High,Clear
2025-03-24,12:00,Ratnapark,46,10.2,Low,Cloudy
2025-01-24,10:15,Bhaktapur,49,32.5,High,Cloudy
2025-01-25,12:30,Maharajgunj,103,34.4,Low,Cloudy
2025-04-17,8:30,Kalanki,50,49.9,Low,Fog
2025-02-12,13:30,Maharajgunj,98,36.2,Medium,Clear
2025-03-02,12:15,Baneshwor,498,34.2,Medium,Rain
2025-01-24,8:30,Ratnapark,102,40.5,Low,Fog
2025-03-30,8:00,Ratnapark,605,7.7,High,Fog
2025-03-25,9:30,Bhaktapur,95,31.6,High,Rain
2025-02-05,10:15,Koteshwor,48,45.4,High,Clear
2025-01-01,14:15,Baneshwor,399,36.2,Low,Fog
2025-05-01,12:45,Ratnapark,674,35.5,Low,Cloudy
2025-03-13,11:45,Koteshwor,297,34.1,Low,Clear
2025-03-21,15:15,Ratnapark,49,35.8,Medium,Rain
2025-04-24,11:00,Lalitpur,830,38.2,Low,Cloudy
2025-04-22,10:30,Bhaktapur,102,35.4,Medium,Clear
2025-03-15,12:00,Baneshwor,112,20.1,Medium,Rain
2025-03-18,15:15,Baneshwor,53,28.1,Low,Cloudy
2025-04-12,15:15,Chabahil,45,35.8,High,Rain
2025-01-22,12:45,Lalitpur,49,33.0,Medium,Fog
2025-01-29,12:00,Koteshwor,49,44.8,High,Cloudy
2025-01-26,9:30,Baneshwor,49,33.4,Medium,Rain
2025-03-11,8:45,Chabahil,52,33.2,Low,Clear
2025-04-17,11:45,Bhaktapur,53,35.5,Low,Clear
2025-03-03,10:15,Lalitpur,47,33.7,Medium,Cloudy
2025-01-10,13:45,Bhaktapur,103,20.6,Medium,Fog
2025-03-10,10:00,Ratnapark,105,36.1,Medium,Rain
2025-02-22,15:30,Chabahil,102,32.6,High,Cloudy
2025-04-13,11:15,Chabahil,47,32.9,Low,Fog
2025-02-17,13:30,Bhaktapur,96,35.8,High,Rain
2025-02-21,14:00,Chabahil,98,37.1,Low,Fog
2025-04-29,10:15,Bhaktapur,867,25.1,High,Clear
2025-04-15,15:00,Lalitpur,505,33.0,High,Rain
2025-03-29,10:30,Chabahil,49,37.0,High,Clear
2025-01-16,15:45,Kalanki,398,31.4,High,Clear
2025-03-05,11:30,Lalitpur,102,34.6,Medium,Cloudy
2025-01-07,8:00,Chabahil,438,31.0,Low,Fog
2025-04-03,9:15,Koteshwor,47,30.8,High,Cloudy
2025-03-04,9:15,Ratnapark,51,36.2,Low,Cloudy
2025-05-05,14:45,Chabahil,727,37.7,Low,Cloudy
2025-03-24,13:15,Lalitpur,45,3.3,Medium,Rain
2025-03-01,12:15,Baneshwor,105,5.1,Low,Fog
2025-04-15,15:15,Bhaktapur,46,34.9,Medium,Rain
2025-04-22,9:00,Kalanki,868,36.6,High,Clear
2025-01-16,13:00,Bhaktapur,922,32.8,Low,Rain
2025-03-05,14:00,Maharajgunj,46,34.6,High,Rain
2025-01-18,11:45,Baneshwor,684,49.8,High,Cloudy
2025-03-23,13:15,Lalitpur,50,0.0,Medium,Rain
2025-04-19,8:30,Bhaktapur,51,35.7,Low,Fog
2025-04-23,9:30,Chabahil,100,31.5,Low,Fog
2025-03-12,13:45,Koteshwor,55,33.1,Low,Fog
2025-04-24,9:00,Kalanki,871,34.0,High,Clear
2025-03-23,8:45,Kalanki,407,36.0,Low,Rain
2025-04-11,11:45,Bhaktapur,52,33.6,High,Clear
2025-01-05,11:15,Kalanki,300,35.3,High,Clear
2025-03-12,11:45,Koteshwor,298,33.6,Low,Clear
2025-04-25,9:15,Ratnapark,818,18.9,Low,Fog
2025-04-11,11:15,Chabahil,53,37.5,Low,Fog
2025-01-29,11:30,Koteshwor,356,47.7,Low,Clear
2025-01-05,14:45,Baneshwor,150,36.5,Low,Cloudy
2025-01-22,15:30,Kalanki,250,35.0,Low,Clear
2025-04-11,8:00,Lalitpur,653,33.8,High,Rain
2025-04-18,9:00,Bhaktapur,98,32.6,Low,Cloudy
2025-01-30,13:45,Kalanki,53,32.7,Low,Rain
2025-01-25,12:45,Ratnapark,51,33.5,High,Rain
2025-03-17,8:45,Koteshwor,96,58.7,Low,Fog
2025-03-25,13:45,Baneshwor,742,36.2,Low,Rain
2025-05-02,10:00,Bhaktapur,99,34.4,Medium,Fog
2025-01-12,14:00,Chabahil,682,36.5,Low,Rain
2025-02-10,9:00,Baneshwor,104,31.8,High,Cloudy
2025-03-11,11:30,Bhaktapur,814,36.0,Low,Clear
2025-02-01,11:45,Ratnapark,95,36.3,Medium,Rain
2025-03-11,14:15,Bhaktapur,97,32.2,Medium,Clear
2025-03-09,14:15,Bhaktapur,95,34.4,Medium,Clear
2025-01-08,13:45,Chabahil,350,40.5,Low,Rain
2025-02-13,12:30,Baneshwor,102,32.4,Medium,Rain
2025-01-25,11:00,Lalitpur,51,35.1,High,Cloudy
2025-05-04,9:00,Baneshwor,103,34.7,Low,Cloudy
2025-01-08,13:45,Ratnapark,46,11.9,Low,Cloudy
2025-03-25,12:15,Ratnapark,106,38.2,High,Fog
2025-02-11,8:15,Ratnapark,52,35.1,Medium,Fog
2025-03-30,10:15,Ratnapark,580,38.0,High,Rain
2025-04-13,8:00,Maharajgunj,97,53.0,Medium,Clear
2025-04-18,9:30,Bhaktapur,96,22.9,High,Cloudy
2025-01-28,8:30,Kalanki,502,12.8,Low,Fog
2025-04-22,12:45,Ratnapark,100,17.9,High,Cloudy
2025-01-09,12:45,Bhaktapur,646,34.8,Low,Fog
2025-03-06,8:15,Bhaktapur,198,43.9,Medium,Fog
2025-01-03,13:15,Ratnapark,49,36.2,Low,Clear
2025-05-04,14:45,Chabahil,726,35.8,Low,Cloudy
2025-03-22,15:00,Lalitpur,103,32.3,Low,Cloudy
2025-01-08,11:15,Bhaktapur,102,33.4,High,Rain
2025-03-30,14:30,Maharajgunj,227,36.7,High,Rain
2025-02-04,14:15,Ratnapark,46,31.1,Medium,Clear
2025-03-20,8:00,Bhaktapur,47,35.6,High,Cloudy
2025-04-15,9:15,Ratnapark,52,34.8,Medium,Fog
2025-03-20,11:30,Lalitpur,49,36.7,High,Rain
2025-03-16,11:00,Ratnapark,101,35.8,High,Fog
2025-04-01,12:00,Lalitpur,52,33.7,Medium,Clear
2025-01-25,9:00,Kalanki,938,33.6,High,Rain
2025-01-04,11:15,Kalanki,297,34.0,High,Clear
2025-04-14,10:30,Lalitpur,52,36.2,Medium,Fog
2025-01-17,10:30,Ratnapark,45,30.4,High,Clear
2025-02-05,15:00,Lalitpur,95,50.3,Medium,Clear
2025-04-20,9:30,Bhaktapur,95,20.2,High,Cloudy
2025-03-07,11:45,Ratnapark,47,35.4,High,Clear
2025-01-24,15:45,Koteshwor,578,35.7,Low,Rain
2025-03-06,12:15,Kalanki,100,32.7,Medium,Rain
2025-03-14,11:15,Lalitpur,679,39.5,High,Rain
2025-03-08,8:30,Ratnapark,218,22.3,High,Cloudy
2025-03-08,8:15,Chabahil,330,39.2,High,Cloudy
2025-03-25,11:45,Baneshwor,99,34.8,Medium,Cloudy
2025-01-07,13:45,Ratnapark,46,10.6,Low,Cloudy
2025-04-14,12:00,Kalanki,48,32.9,High,Clear
2025-02-28,14:30,Lalitpur,467,32.2,Medium,Clear
2025-02-06,14:45,Ratnapark,452,36.1,Medium,Clear
2025-03-21,9:15,Bhaktapur,48,34.8,Low,Rain
2025-02-24,15:30,Chabahil,98,34.9,High,Cloudy
2025-01-17,8:15,Ratnapark,98,31.6,High,Rain
2025-01-27,10:00,Ratnapark,97,6.9,High,Clear
2025-04-27,12:30,Baneshwor,438,36.3,Low,Cloudy
2025-04-22,10:30,Baneshwor,98,31.3,High,Clear
2025-02-22,8:00,Lalitpur,102,33.9,Low,Rain
2025-01-30,14:15,Maharajgunj,53,31.9,Medium,Cloudy
2025-04-14,12:30,Ratnapark,664,55.2,High,Clear
2025-04-04,15:00,Kalanki,98,33.2,Medium,Clear
2025-02-25,15:30,Chabahil,100,35.8,High,Cloudy
2025-05-01,9:15,Bhaktapur,102,35.3,Low,Rain
2025-01-23,15:30,Lalitpur,824,6.6,High,Fog
2025-02-21,10:45,Lalitpur,50,34.9,Medium,Rain
2025-03-04,9:15,Maharajgunj,54,35.7,Low,Fog
2025-04-23,14:00,Maharajgunj,48,33.9,Low,Clear
2025-01-30,12:15,Kalanki,53,32.8,Low,Fog
2025-03-30,8:45,Maharajgunj,101,36.7,High,Fog
2025-03-03,10:30,Ratnapark,55,37.5,Low,Rain
2025-02-03,14:00,Lalitpur,100,29.4,Medium,Clear
2025-02-01,12:45,Ratnapark,168,57.3,High,Fog
2025-01-24,11:00,Lalitpur,46,33.1,High,Cloudy
2025-04-09,10:30,Maharajgunj,50,29.3,Medium,Cloudy
2025-01-31,10:15,Koteshwor,105,36.2,High,Cloudy
2025-02-07,10:30,Koteshwor,191,39.0,High,Rain
2025-01-07,10:45,Baneshwor,55,32.7,Medium,Cloudy
2025-01-16,8:45,Baneshwor,99,51.7,Low,Cloudy
2025-01-31,11:15,Maharajgunj,95,36.1,Low,Cloudy
2025-02-07,10:15,Bhaktapur,97,34.3,Medium,Cloudy
2025-03-22,8:45,Baneshwor,101,27.7,Low,Cloudy
2025-02-02,12:00,Chabahil,100,35.8,Low,Cloudy
2025-03-10,14:45,Baneshwor,104,33.1,Low,Clear
2025-04-08,12:00,Lalitpur,45,34.8,High,Rain
2025-04-20,11:30,Baneshwor,926,33.1,Low,Rain
2025-03-03,9:00,Baneshwor,102,34.1,High,Fog
2025-03-01,15:30,Bhaktapur,788,47.4,Medium,Cloudy
2025-04-09,9:30,Chabahil,53,16.0,High,Rain
2025-01-11,11:00,Bhaktapur,949,55.4,High,Clear
2025-03-09,14:30,Lalitpur,97,11.5,Low,Clear
2025-01-22,15:45,Bhaktapur,707,35.8,High,Fog
2025-03-30,13:45,Lalitpur,47,29.4,High,Fog
2025-05-05,12:00,Koteshwor,104,31.1,High,Clear
2025-04-13,13:15,Lalitpur,464,30.2,High,Clear
2025-02-11,9:00,Kalanki,98,40.6,Low,Clear
2025-04-28,9:00,Kalanki,97,36.9,Medium,Cloudy
2025-05-05,12:45,Chabahil,562,35.8,High,Clear
2025-04-27,13:00,Baneshwor,50,36.0,Medium,Cloudy
2025-01-17,13:30,Lalitpur,99,4.0,Low,Cloudy
2025-01-04,14:00,Koteshwor,531,8.0,High,Fog
2025-01-18,10:00,Baneshwor,103,44.9,Low,Cloudy
2025-04-24,11:15,Baneshwor,103,34.9,Medium,Clear
2025-02-15,8:00,Chabahil,97,51.3,High,Clear
2025-03-08,9:30,Koteshwor,53,31.9,High,Cloudy
2025-02-21,11:15,Maharajgunj,47,14.9,Low,Clear
2025-01-10,8:00,Bhaktapur,48,6.0,Medium,Clear
2025-02-11,12:30,Koteshwor,45,34.0,Medium,Cloudy
2025-04-24,9:30,Koteshwor,558,35.1,Low,Cloudy
2025-02-25,14:00,Lalitpur,103,36.5,Low,Rain
2025-02-24,15:30,Chabahil,96,33.0,High,Cloudy
2025-03-27,8:00,Ratnapark,48,31.7,Low,Cloudy
2025-04-17,12:45,Lalitpur,545,32.9,Medium,Cloudy
2025-02-14,11:15,Chabahil,462,33.7,Medium,Clear
2025-04-04,11:15,Chabahil,541,31.9,High,Cloudy
2025-03-29,11:15,Baneshwor,103,35.6,Low,Rain
2025-01-12,13:45,Bhaktapur,97,16.6,Medium,Fog
2025-01-05,14:45,Baneshwor,53,33.4,Medium,Cloudy
2025-01-17,8:30,Koteshwor,969,17.8,Medium,Rain
2025-03-14,14:00,Lalitpur,294,39.8,Low,Rain
2025-04-26,11:15,Baneshwor,101,33.0,Medium,Clear
2025-04-03,14:45,Baneshwor,49,18.5,High,Rain
2025-03-13,14:00,Chabahil,879,34.1,Medium,Clear
2025-03-25,14:15,Lalitpur,105,33.9,Medium,Rain
2025-03-02,12:15,Baneshwor,496,38.9,Medium,Rain
2025-01-10,13:15,Maharajgunj,484,33.9,Medium,Rain
2025-03-12,15:45,Bhaktapur,103,34.2,Low,Cloudy
2025-03-04,12:15,Kalanki,99,39.2,Medium,Rain
2025-03-17,15:00,Maharajgunj,49,36.2,High,Fog
2025-02-20,10:45,Lalitpur,52,37.0,Medium,Rain
2025-04-01,10:45,Bhaktapur,55,33.2,High,Clear
2025-04-24,12:15,Kalanki,105,6.9,Medium,Cloudy
2025-03-15,14:00,Chabahil,875,32.9,Medium,Clear
2025-05-03,13:30,Maharajgunj,934,36.6,Low,Clear
2025-02-27,10:45,Lalitpur,330,31.5,Low,Cloudy
2025-02-25,10:00,Maharajgunj,51,3.8,Medium,Clear
2025-03-03,14:30,Lalitpur,471,34.3,Medium,Clear
2025-03-20,15:15,Baneshwor,50,34.4,Low,Cloudy
2025-03-22,14:30,Koteshwor,98,31.9,High,Rain
2025-04-28,10:15,Chabahil,101,33.7,High,Cloudy
2025-04-08,14:30,Baneshwor,45,36.5,Low,Cloudy
2025-02-01,12:15,Koteshwor,48,33.2,Medium,Clear
2025-03-15,13:15,Maharajgunj,97,42.2,Low,Rain
2025-01-15,12:30,Baneshwor,393,21.4,Low,Clear
2025-01-07,13:45,Ratnapark,45,12.7,Low,Cloudy
2025-03-14,12:00,Baneshwor,110,21.9,Medium,Rain
2025-05-05,15:15,Koteshwor,105,32.6,High,Fog
2025-02-11,15:00,Lalitpur,103,36.6,Medium,Fog
2025-04-30,10:15,Koteshwor,101,36.7,Low,Rain
2025-04-04,8:30,Bhaktapur,100,33.1,High,Fog
2025-03-03,11:45,Bhaktapur,340,31.6,Low,Fog
2025-03-08,10:30,Ratnapark,199,35.1,Medium,Fog
2025-04-04,13:45,Lalitpur,46,31.4,Medium,Fog
2025-03-31,8:45,Maharajgunj,101,32.2,High,Fog
2025-02-04,15:15,Chabahil,96,37.6,Low,Clear
2025-05-04,15:15,Koteshwor,97,32.9,High,Fog
2025-04-30,11:45,Ratnapark,102,14.5,High,Fog
2025-03-22,9:15,Baneshwor,408,56.3,Medium,Rain
2025-02-11,10:00,Chabahil,190,53.3,High,Cloudy
2025-02-10,15:00,Maharajgunj,55,3.4,Medium,Cloudy
2025-04-12,12:30,Chabahil,105,34.7,Low,Rain
2025-01-14,14:45,Chabahil,53,38.7,Medium,Cloudy
2025-01-15,12:30,Chabahil,227,32.5,Medium,Rain
2025-03-25,15:30,Ratnapark,51,53.2,Medium,Cloudy
2025-03-02,13:30,Koteshwor,763,53.1,Low,Rain
2025-03-02,11:00,Maharajgunj,105,17.7,Low,Cloudy
2025-05-04,9:00,Baneshwor,105,32.8,Low,Cloudy
2025-01-17,14:00,Koteshwor,96,33.7,Low,Clear
2025-05-02,13:30,Maharajgunj,934,36.6,Low,Clear
2025-05-04,11:15,Bhaktapur,96,34.6,Low,Clear
2025-01-12,13:15,Bhaktapur,958,31.1,Low,Clear
2025-01-24,12:15,Maharajgunj,104,41.9,High,Fog
2025-04-15,13:15,Baneshwor,103,51.5,High,Clear
2025-03-04,8:30,Bhaktapur,105,33.2,Medium,Fog
2025-03-23,11:00,Maharajgunj,662,12.5,Medium,Clear
2025-04-13,9:15,Ratnapark,104,35.8,High,Clear
2025-04-27,11:00,Chabahil,101,26.4,High,Fog
2025-04-11,10:00,Baneshwor,95,34.3,Low,Rain
2025-01-06,8:45,Chabahil,52,33.2,High,Cloudy
2025-03-12,11:45,Koteshwor,301,36.5,Low,Clear
2025-03-06,15:30,Koteshwor,49,5.3,High,Cloudy
2025-03-03,14:00,Maharajgunj,50,33.5,High,Rain
2025-01-21,11:30,Chabahil,105,32.4,High,Cloudy
2025-02-07,12:30,Chabahil,52,35.8,High,Fog
2025-01-28,14:00,Lalitpur,273,34.0,Low,Fog
2025-04-14,11:45,Ratnapark,46,28.0,Medium,Clear
2025-03-08,14:00,Baneshwor,104,32.6,High,Rain
2025-04-30,8:00,Chabahil,102,34.5,High,Rain
2025-03-30,11:15,Bhaktapur,287,1.6,High,Cloudy
2025-03-05,13:00,Chabahil,49,33.5,Low,Rain
2025-02-02,12:15,Koteshwor,50,34.2,Medium,Clear
2025-02-18,14:45,Baneshwor,892,57.0,Medium,Clear
2025-01-30,8:45,Bhaktapur,50,37.3,Medium,Rain
2025-01-14,11:15,Kalanki,50,37.4,High,Cloudy
2025-01-10,8:30,Maharajgunj,47,37.1,Low,Fog
2025-01-08,13:00,Lalitpur,55,36.2,High,Clear
2025-04-15,15:00,Lalitpur,512,36.0,High,Rain
2025-03-05,15:30,Kalanki,47,36.8,High,Clear
2025-01-07,11:00,Kalanki,496,32.8,Low,Cloudy
2025-01-04,11:00,Baneshwor,47,35.1,Medium,Clear
2025-04-22,10:15,Chabahil,47,32.8,Medium,Rain
2025-04-11,8:30,Kalanki,921,32.8,Medium,Clear
2025-04-20,9:30,Chabahil,96,35.7,Low,Fog
2025-03-23,11:45,Baneshwor,101,36.9,Medium,Cloudy
2025-01-13,10:45,Chabahil,54,34.6,High,Rain
2025-02-02,8:45,Bhaktapur,54,42.3,Medium,Rain
2025-03-27,13:45,Ratnapark,243,35.4,Low,Rain
2025-01-17,9:45,Ratnapark,95,6.4,High,Clear
2025-04-01,9:15,Ratnapark,50,32.8,High,Rain
2025-03-11,14:00,Baneshwor,99,37.0,High,Rain
2025-03-05,12:15,Baneshwor,506,35.3,Medium,Rain
2025-04-10,8:00,Baneshwor,102,36.4,Low,Rain
2025-04-23,14:00,Baneshwor,324,20.7,Low,Cloudy
2025-04-25,15:45,Baneshwor,95,3.5,Low,Fog
2025-02-22,10:45,Lalitpur,47,34.0,Medium,Rain
2025-02-01,9:45,Ratnapark,218,32.2,Low,Cloudy
2025-03-06,15:30,Koteshwor,47,7.9,High,Clear
2025-04-09,8:00,Baneshwor,106,37.2,Low,Rain
2025-02-22,13:30,Ratnapark,55,39.5,Low,Clear
2025-03-02,12:15,Ratnapark,98,35.5,Medium,Fog
2025-03-25,9:30,Bhaktapur,95,33.6,High,Rain
2025-04-29,12:00,Koteshwor,99,33.5,High,Cloudy
2025-04-05,13:15,Bhaktapur,99,36.9,Low,Fog
2025-03-24,11:30,Ratnapark,103,33.0,High,Cloudy
2025-03-25,14:00,Ratnapark,549,36.2,Low,Fog
2025-01-02,14:30,Lalitpur,453,42.6,High,Clear
2025-03-30,12:00,Maharajgunj,592,35.4,Low,Clear
2025-03-22,9:15,Bhaktapur,52,31.9,Low,Rain
2025-04-18,15:45,Baneshwor,104,30.3,Low,Fog
2025-05-01,9:15,Bhaktapur,101,32.1,Low,Rain
2025-01-27,9:30,Baneshwor,45,33.8,Medium,Rain
2025-02-25,15:30,Chabahil,101,36.8,High,Cloudy
2025-02-25,14:45,Lalitpur,105,37.5,Low,Rain
2025-02-27,13:30,Chabahil,233,35.4,Low,Fog
2025-03-08,15:30,Koteshwor,47,4.9,High,Cloudy
2025-01-12,10:15,Ratnapark,53,38.2,High,Cloudy
2025-01-20,12:30,Kalanki,102,33.8,Medium,Rain
2025-02-18,13:30,Bhaktapur,96,32.7,High,Rain
2025-03-02,8:30,Koteshwor,100,36.4,High,Clear
2025-01-12,10:30,Koteshwor,567,35.9,Medium,Clear
2025-04-19,8:15,Kalanki,97,11.9,Medium,Clear
2025-03-09,9:00,Lalitpur,55,35.2,Low,Fog
2025-04-15,8:45,Koteshwor,50,35.9,Medium,Cloudy
2025-03-01,13:45,Ratnapark,54,10.4,High,Rain
2025-02-05,13:15,Lalitpur,53,35.9,High,Rain
2025-02-03,10:15,Koteshwor,46,42.0,High,Clear
2025-04-07,13:45,Baneshwor,104,36.1,High,Cloudy
2025-01-03,13:00,Baneshwor,104,44.0,Medium,Cloudy
2025-03-04,9:45,Koteshwor,54,25.1,High,Clear
2025-04-09,15:00,Lalitpur,49,34.5,Medium,Clear
2025-03-05,9:45,Koteshwor,50,25.8,High,Clear
2025-04-06,14:00,Chabahil,48,32.1,Low,Fog
2025-02-11,9:30,Baneshwor,101,33.7,Medium,Fog
2025-03-10,8:15,Bhaktapur,966,44.1,Medium,Rain
2025-04-25,14:30,Chabahil,51,32.3,Low,Cloudy
2025-01-10,13:45,Maharajgunj,46,33.8,High,Clear
2025-03-06,10:00,Ratnapark,826,64.8,Medium,Cloudy
2025-04-05,9:30,Maharajgunj,788,47.7,Medium,Rain
2025-02-15,15:15,Lalitpur,99,34.2,Medium,Rain
2025-01-12,9:15,Kalanki,374,33.3,Medium,Cloudy
2025-02-20,10:45,Lalitpur,52,34.8,Medium,Rain
2025-01-11,11:15,Kalanki,52,33.4,High,Cloudy
2025-02-07,12:30,Koteshwor,45,34.5,Medium,Cloudy
2025-04-21,10:30,Bhaktapur,98,33.6,Medium,Clear
2025-01-23,11:00,Maharajgunj,103,37.1,Low,Clear
2025-02-26,11:45,Kalanki,49,35.2,Low,Fog
2025-04-08,9:00,Koteshwor,200,48.0,Low,Fog
2025-01-29,11:00,Ratnapark,628,36.7,High,Fog
2025-04-08,10:30,Maharajgunj,50,25.1,Medium,Cloudy
2025-02-23,12:00,Koteshwor,97,31.9,Medium,Fog
2025-03-04,10:30,Ratnapark,203,35.0,Medium,Fog
2025-03-27,9:15,Maharajgunj,45,38.8,High,Cloudy
2025-02-25,9:00,Bhaktapur,52,31.3,Medium,Fog
2025-01-21,13:15,Kalanki,105,53.3,Medium,Clear
2025-01-03,11:15,Baneshwor,100,36.5,Low,Fog
2025-04-20,11:00,Lalitpur,824,33.7,Low,Cloudy
2025-03-23,13:45,Chabahil,48,36.2,Low,Fog
2025-03-04,12:15,Baneshwor,499,33.3,Medium,Rain
2025-01-14,9:45,Kalanki,53,52.3,Low,Clear
2025-04-24,14:30,Bhaktapur,103,38.5,High,Rain
2025-01-05,14:30,Lalitpur,210,32.6,High,Fog
2025-03-17,9:15,Ratnapark,641,37.0,High,Rain
2025-04-17,11:45,Bhaktapur,45,38.4,Low,Clear
2025-01-02,14:45,Baneshwor,50,32.0,Medium,Cloudy
2025-05-05,8:00,Lalitpur,102,36.1,Medium,Rain
2025-02-20,11:30,Ratnapark,45,35.1,Low,Cloudy
2025-02-06,13:45,Chabahil,859,35.2,Medium,Clear
2025-01-03,10:45,Chabahil,95,35.7,Medium,Cloudy
2025-02-14,14:00,Chabahil,1002,34.3,High,Rain
2025-04-20,10:45,Chabahil,439,16.1,Medium,Clear
2025-03-11,12:45,Chabahil,434,35.5,Low,Fog
2025-03-17,8:45,Koteshwor,96,60.5,Low,Fog
2025-01-25,8:00,Bhaktapur,47,31.9,Medium,Rain
2025-04-02,12:30,Bhaktapur,96,37.6,High,Cloudy
2025-02-12,11:45,Baneshwor,100,44.7,High,Fog
2025-03-04,8:30,Bhaktapur,102,36.5,Medium,Fog
2025-01-04,12:30,Kalanki,904,35.2,Low,Cloudy
2025-03-23,15:00,Lalitpur,95,32.4,Low,Cloudy
2025-01-27,9:00,Kalanki,943,36.1,High,Rain
2025-04-11,12:30,Ratnapark,672,54.1,High,Clear
2025-03-12,14:15,Chabahil,105,48.1,High,Rain
2025-01-01,9:00,Chabahil,974,33.6,Medium,Clear
2025-03-17,9:30,Lalitpur,53,32.0,High,Cloudy
2025-01-25,13:00,Chabahil,103,23.1,High,Cloudy
2025-02-10,14:15,Ratnapark,489,35.4,Medium,Cloudy
2025-04-01,14:15,Bhaktapur,50,36.7,Low,Fog
2025-03-16,12:30,Kalanki,97,53.3,Low,Rain
2025-03-04,8:15,Lalitpur,350,31.2,High,Cloudy
2025-04-24,14:45,Koteshwor,110,32.4,Low,Fog
2025-03-22,15:30,Ratnapark,52,52.0,Medium,Cloudy
2025-02-23,12:15,Ratnapark,501,36.0,High,Clear
2025-04-23,8:00,Kalanki,47,36.3,High,Clear
2025-01-06,14:45,Baneshwor,150,34.3,Low,Cloudy
2025-02-28,13:15,Baneshwor,104,35.5,Medium,Cloudy
2025-01-13,14:45,Chabahil,50,38.2,Medium,Cloudy
2025-03-05,14:45,Koteshwor,97,34.9,High,Cloudy
2025-04-12,15:15,Bhaktapur,50,36.9,Medium,Rain
2025-03-28,14:45,Koteshwor,306,31.0,High,Fog
2025-02-03,15:45,Chabahil,103,11.2,Medium,Clear
2025-02-02,10:00,Kalanki,95,32.0,Medium,Clear
2025-01-04,8:15,Chabahil,102,37.0,High,Cloudy
2025-03-01,12:15,Ratnapark,99,35.8,Medium,Fog
2025-04-14,10:30,Maharajgunj,98,34.8,High,Rain
2025-02-03,11:30,Koteshwor,278,34.8,High,Clear
2025-05-04,15:00,Maharajgunj,753,34.5,High,Fog
2025-04-15,13:45,Chabahil,662,33.4,High,Fog
2025-01-01,15:45,Kalanki,292,34.6,Medium,Rain
2025-01-28,13:00,Chabahil,105,39.4,High,Cloudy
2025-04-28,11:45,Ratnapark,103,14.6,High,Fog
2025-03-25,15:30,Ratnapark,54,50.3,Medium,Cloudy
2025-01-16,13:00,Bhaktapur,929,35.5,Low,Rain
2025-01-04,10:30,Ratnapark,51,17.2,High,Cloudy
2025-03-07,8:15,Chabahil,331,38.7,High,Cloudy
2025-01-27,11:15,Ratnapark,45,13.0,Low,Rain
2025-03-09,12:15,Lalitpur,417,35.9,High,Clear
2025-04-16,9:00,Baneshwor,810,36.7,High,Fog
2025-05-05,8:00,Lalitpur,104,33.3,Medium,Rain
2025-03-08,13:30,Lalitpur,383,38.9,Low,Clear
2025-02-24,8:30,Chabahil,996,38.0,Low,Fog
2025-03-21,9:30,Lalitpur,47,36.1,High,Cloudy
2025-04-16,10:30,Lalitpur,54,32.5,Medium,Fog
2025-04-01,15:30,Maharajgunj,104,35.8,High,Fog
2025-04-24,10:30,Bhaktapur,95,35.6,Medium,Clear
2025-04-18,10:15,Chabahil,55,36.0,Medium,Rain
2025-02-13,8:30,Maharajgunj,470,38.2,Low,Rain
2025-02-25,15:00,Chabahil,101,34.6,High,Clear
2025-02-26,11:30,Baneshwor,986,53.1,Low,Fog
2025-01-17,14:45,Ratnapark,103,35.8,Medium,Cloudy
2025-02-18,10:45,Lalitpur,50,34.4,Medium,Rain
2025-01-02,9:45,Maharajgunj,258,7.8,Medium,Clear
2025-03-10,8:15,Bhaktapur,196,44.7,Medium,Fog
2025-02-14,11:15,Chabahil,470,34.1,Medium,Clear
2025-04-02,13:45,Baneshwor,104,29.2,Low,Clear
2025-04-01,9:45,Koteshwor,99,10.3,Low,Rain
2025-02-12,12:30,Baneshwor,104,34.7,Medium,Rain
2025-04-03,12:30,Ratnapark,100,35.3,Medium,Rain
2025-04-25,8:30,Ratnapark,98,33.4,Low,Fog
2025-01-15,11:30,Ratnapark,47,26.6,High,Rain
2025-03-13,14:15,Chabahil,99,46.2,High,Rain
2025-03-24,10:00,Ratnapark,101,35.3,High,Cloudy
2025-01-19,13:00,Kalanki,55,2.1,Low,Clear
2025-04-25,15:45,Baneshwor,100,1.8,Low,Fog
2025-05-04,12:45,Chabahil,554,32.3,High,Clear
2025-01-31,13:45,Lalitpur,95,38.1,Low,Clear
2025-04-13,14:15,Ratnapark,49,48.1,Low,Fog
2025-04-23,8:00,Kalanki,49,33.7,High,Clear
2025-03-04,13:30,Koteshwor,100,52.1,Low,Cloudy
2025-01-06,15:45,Chabahil,97,34.4,High,Fog
2025-02-25,8:45,Kalanki,588,11.8,High,Fog
2025-03-24,11:00,Baneshwor,98,33.6,Medium,Rain
2025-04-23,14:00,Baneshwor,322,24.3,Low,Cloudy
2025-04-10,9:15,Baneshwor,464,37.8,Medium,Clear
2025-02-28,14:45,Chabahil,96,36.4,High,Clear
2025-04-18,8:30,Bhaktapur,884,37.5,Medium,Rain
2025-02-17,13:30,Ratnapark,555,51.9,Low,Fog
2025-02-17,8:30,Chabahil,97,30.3,High,Cloudy
2025-01-21,12:00,Kalanki,95,35.7,Medium,Cloudy
2025-03-14,12:45,Chabahil,55,33.8,Medium,Fog
2025-03-26,13:30,Koteshwor,184,37.2,High,Clear
2025-04-30,12:15,Baneshwor,52,33.5,Medium,Cloudy
2025-04-17,11:00,Baneshwor,48,32.9,Medium,Fog
2025-03-13,14:45,Baneshwor,97,32.1,Low,Clear
2025-01-20,10:00,Baneshwor,105,42.4,Low,Cloudy
2025-03-17,13:15,Kalanki,98,36.8,High,Fog
2025-03-28,13:45,Baneshwor,749,35.5,Low,Rain
2025-04-08,11:15,Chabahil,465,32.6,Medium,Cloudy
2025-03-16,9:45,Chabahil,658,39.3,Low,Clear
2025-04-23,12:00,Baneshwor,98,36.3,High,Cloudy
2025-02-17,8:30,Chabahil,105,36.6,High,Cloudy
2025-02-03,14:15,Maharajgunj,103,37.6,Medium,Clear
2025-04-23,10:45,Chabahil,436,12.7,Medium,Clear
2025-03-31,14:45,Baneshwor,45,57.2,Low,Clear
2025-04-14,11:30,Baneshwor,680,36.6,High,Rain
2025-02-02,13:45,Chabahil,849,33.4,Medium,Clear
2025-01-24,15:45,Koteshwor,99,34.4,Medium,Cloudy
2025-04-10,8:00,Lalitpur,652,34.8,High,Rain
2025-04-08,8:45,Baneshwor,100,10.4,Medium,Clear
2025-01-06,10:30,Ratnapark,50,16.3,High,Cloudy
2025-02-19,14:00,Koteshwor,103,50.8,Low,Clear
2025-01-31,11:45,Ratnapark,45,36.5,High,Clear
2025-03-12,13:45,Koteshwor,54,37.2,Low,Fog
2025-02-28,11:45,Kalanki,50,37.0,Low,Fog
2025-03-07,8:30,Ratnapark,221,22.8,High,Cloudy
2025-02-22,15:00,Kalanki,102,35.7,High,Cloudy
2025-03-06,15:45,Ratnapark,635,35.5,Low,Rain
2025-04-03,13:00,Baneshwor,99,33.7,High,Cloudy
2025-05-05,13:00,Koteshwor,54,32.9,Low,Clear
2025-01-02,12:30,Ratnapark,98,33.6,Low,Clear
2025-01-05,8:45,Chabahil,45,34.3,High,Cloudy
2025-04-24,12:00,Baneshwor,103,33.7,High,Cloudy
2025-03-19,13:45,Maharajgunj,99,35.8,High,Rain
2025-01-21,13:15,Kalanki,96,56.4,Medium,Clear
2025-01-05,8:15,Kalanki,46,6.6,Medium,Fog
2025-01-07,9:00,Maharajgunj,105,8.7,High,Clear
2025-01-31,9:45,Ratnapark,221,37.4,Low,Cloudy
2025-03-14,14:00,Lalitpur,292,36.0,Low,Rain
2025-01-09,13:45,Ratnapark,45,15.0,Low,Cloudy
2025-01-26,12:15,Maharajgunj,99,41.0,High,Fog
2025-03-29,10:45,Lalitpur,96,37.3,Medium,Fog
2025-04-21,14:45,Chabahil,51,38.2,Low,Fog
2025-01-05,11:15,Kalanki,301,36.2,High,Clear
2025-03-21,13:30,Kalanki,812,35.2,Medium,Clear
2025-04-09,8:00,Baneshwor,102,35.2,Low,Rain
2025-01-28,14:00,Koteshwor,105,42.1,Medium,Fog
2025-04-29,11:30,Koteshwor,100,37.0,Medium,Clear
2025-04-30,15:15,Maharajgunj,52,36.8,Medium,Clear
2025-03-13,11:45,Koteshwor,299,33.1,Low,Clear
2025-01-19,8:15,Ratnapark,363,38.2,High,Cloudy
2025-03-01,13:45,Ratnapark,46,9.7,High,Rain
2025-04-20,13:45,Bhaktapur,103,33.7,Low,Cloudy
2025-04-12,14:15,Ratnapark,48,44.6,Low,Fog
2025-03-14,15:45,Bhaktapur,105,35.5,Low,Cloudy
2025-03-21,11:45,Ratnapark,47,34.3,High,Cloudy
2025-04-02,13:45,Baneshwor,101,27.4,Low,Clear
2025-03-25,13:45,Chabahil,49,37.1,Low,Fog
2025-02-03,12:45,Ratnapark,172,54.8,High,Fog
2025-02-12,9:30,Ratnapark,46,33.6,Medium,Clear
2025-03-19,14:30,Baneshwor,100,36.2,Medium,Rain
2025-04-13,13:45,Kalanki,186,36.5,Low,Fog
2025-04-06,12:45,Kalanki,48,15.2,High,Cloudy
2025-04-05,10:15,Maharajgunj,49,36.2,Medium,Clear
2025-04-29,9:15,Ratnapark,820,20.3,Low,Fog
2025-03-22,13:45,Maharajgunj,102,33.2,High,Rain
2025-03-12,9:15,Koteshwor,50,1.4,Low,Rain
2025-01-25,15:30,Koteshwor,618,30.9,Low,Rain
2025-05-05,9:00,Baneshwor,97,38.4,Low,Cloudy
2025-02-03,13:15,Lalitpur,51,37.0,High,Rain
2025-03-01,15:00,Ratnapark,52,32.4,Medium,Clear
2025-04-27,11:30,Chabahil,97,44.6,Medium,Fog
2025-01-21,12:45,Lalitpur,49,33.9,Medium,Fog
2025-04-11,10:00,Baneshwor,105,36.8,Low,Fog
2025-01-16,13:00,Bhaktapur,922,34.0,Low,Rain
2025-02-14,11:45,Baneshwor,104,46.3,High,Fog
2025-01-23,11:00,Lalitpur,54,34.4,High,Cloudy
2025-04-21,13:45,Bhaktapur,98,26.7,Low,Cloudy
2025-03-28,12:00,Lalitpur,98,37.8,Low,Rain
2025-01-06,14:45,Baneshwor,151,36.8,Low,Cloudy
2025-04-03,8:15,Kalanki,221,30.2,Low,Rain
2025-03-03,13:45,Baneshwor,488,34.0,Low,Cloudy
2025-04-14,11:45,Bhaktapur,55,31.7,High,Clear
2025-02-03,14:15,Ratnapark,49,32.5,Medium,Clear
2025-02-18,13:15,Baneshwor,96,35.9,High,Cloudy
2025-01-14,11:30,Ratnapark,53,31.5,High,Rain
2025-01-19,9:00,Maharajgunj,98,7.6,Low,Cloudy
2025-01-04,10:45,Baneshwor,53,31.2,Medium,Cloudy
2025-04-28,13:00,Baneshwor,53,32.9,Medium,Cloudy
2025-01-30,15:00,Koteshwor,96,35.8,High,Clear
2025-01-01,14:15,Baneshwor,397,39.9,Low,Fog
2025-03-02,9:15,Maharajgunj,53,37.4,Low,Fog
2025-04-06,11:30,Lalitpur,858,38.2,Medium,Clear
2025-03-08,14:30,Kalanki,55,35.7,Medium,Clear
2025-03-17,13:15,Maharajgunj,100,42.7,Low,Rain
2025-01-10,14:30,Ratnapark,103,32.9,High,Fog
2025-01-12,11:30,Kalanki,782,36.9,Low,Cloudy
2025-03-11,15:15,Chabahil,96,4.9,Low,Clear
2025-03-16,10:00,Ratnapark,427,36.4,Medium,Cloudy
2025-02-02,8:45,Maharajgunj,53,35.1,Medium,Fog
2025-01-10,13:45,Maharajgunj,50,35.6,High,Clear
2025-04-30,14:45,Ratnapark,549,5.8,High,Clear
2025-01-28,13:00,Chabahil,105,35.4,High,Cloudy
2025-01-30,10:15,Koteshwor,98,37.0,High,Cloudy
2025-04-19,13:45,Lalitpur,595,32.5,Low,Rain
2025-02-06,11:45,Maharajgunj,48,32.0,Low,Clear
2025-05-01,12:15,Baneshwor,47,35.9,Medium,Cloudy
2025-02-07,14:00,Ratnapark,51,37.9,High,Clear
2025-01-30,10:45,Bhaktapur,105,38.4,Low,Rain
2025-02-11,8:00,Chabahil,105,48.6,High,Clear
2025-01-13,8:45,Bhaktapur,559,34.2,Medium,Fog
2025-02-08,9:15,Chabahil,99,32.0,High,Cloudy
2025-01-08,8:00,Chabahil,440,28.9,Low,Fog
2025-03-24,8:45,Ratnapark,46,37.2,Medium,Cloudy
2025-01-28,14:00,Lalitpur,271,35.0,Low,Fog
2025-02-23,12:15,Ratnapark,496,34.3,High,Clear
2025-01-30,8:15,Bhaktapur,52,36.1,Low,Cloudy
2025-04-25,11:30,Chabahil,102,41.4,Medium,Fog
2025-02-23,11:00,Maharajgunj,49,54.2,Low,Fog
2025-01-20,11:00,Maharajgunj,96,35.0,Low,Clear
2025-03-09,14:30,Ratnapark,48,34.2,Low,Rain
2025-02-24,13:30,Maharajgunj,101,24.2,Medium,Fog
2025-02-15,15:15,Baneshwor,659,36.9,Low,Clear
2025-01-23,12:00,Lalitpur,108,25.2,Low,Rain
2025-02-04,15:00,Ratnapark,101,34.6,Medium,Cloudy
2025-01-11,8:45,Bhaktapur,554,37.2,Medium,Fog
2025-04-11,14:45,Bhaktapur,46,35.2,Low,Rain
2025-03-07,11:30,Kalanki,789,32.8,Low,Cloudy
2025-01-20,8:45,Kalanki,46,33.4,Medium,Rain
2025-03-15,11:00,Ratnapark,395,32.8,Low,Rain
2025-02-28,11:45,Koteshwor,729,33.5,Medium,Fog
2025-04-08,9:00,Koteshwor,192,52.2,Low,Fog
2025-01-20,13:15,Chabahil,98,8.4,Low,Clear
2025-01-03,14:15,Ratnapark,557,44.5,Medium,Fog
2025-01-30,8:30,Kalanki,498,10.5,Low,Fog
2025-01-25,8:30,Ratnapark,103,32.8,Low,Fog
2025-04-24,15:15,Lalitpur,801,33.4,Low,Fog
2025-03-11,15:15,Chabahil,95,4.4,Low,Clear
2025-02-17,11:15,Ratnapark,95,37.3,High,Clear
2025-04-23,10:30,Bhaktapur,98,33.9,Medium,Clear
2025-02-12,13:00,Baneshwor,53,38.4,Medium,Clear
2025-02-27,12:15,Ratnapark,495,31.6,High,Clear
2025-03-07,9:30,Koteshwor,49,34.3,High,Cloudy
2025-04-17,11:30,Baneshwor,926,36.6,Low,Rain
2025-03-07,10:00,Ratnapark,827,61.7,Medium,Cloudy
2025-04-16,15:45,Maharajgunj,105,34.3,High,Clear
2025-03-02,15:30,Bhaktapur,781,48.0,Medium,Cloudy
2025-02-25,11:00,Maharajgunj,98,36.6,Low,Clear
2025-02-14,12:45,Ratnapark,804,39.6,Low,Cloudy
2025-04-08,8:00,Koteshwor,54,7.6,Medium,Fog
2025-04-28,13:45,Lalitpur,50,31.4,High,Rain
2025-01-21,15:45,Bhaktapur,707,33.8,High,Fog
2025-02-05,8:30,Lalitpur,52,38.4,Medium,Clear
2025-02-08,13:45,Kalanki,103,1.3,High,Clear
2025-04-19,11:30,Kalanki,658,56.3,Medium,Rain
2025-01-18,9:30,Baneshwor,757,4.5,Low,Cloudy
2025-05-03,12:30,Kalanki,50,35.2,Medium,Cloudy
2025-04-11,9:15,Baneshwor,458,32.9,Medium,Clear
2025-03-21,13:00,Ratnapark,105,47.4,High,Rain
2025-02-17,10:00,Kalanki,48,12.8,Medium,Rain
2025-01-11,14:00,Chabahil,681,38.6,Low,Rain
2025-04-07,11:00,Ratnapark,53,35.7,Low,Cloudy
2025-01-20,15:30,Kalanki,255,37.2,Low,Clear
2025-03-04,15:30,Koteshwor,47,7.3,High,Clear
2025-01-12,9:15,Kalanki,377,37.3,Medium,Cloudy
2025-01-13,8:45,Bhaktapur,559,35.1,Medium,Fog
2025-03-26,8:00,Ratnapark,45,31.2,Low,Cloudy
2025-03-10,13:30,Lalitpur,387,39.2,Low,Clear
2025-03-03,12:15,Chabahil,435,34.0,High,Fog
2025-03-20,15:00,Kalanki,525,24.5,Low,Rain
2025-03-18,11:00,Koteshwor,54,1.0,Medium,Clear
2025-03-20,15:15,Baneshwor,50,33.9,Low,Cloudy
2025-04-11,12:30,Ratnapark,664,53.4,High,Clear
2025-01-14,12:15,Kalanki,97,32.9,Low,Rain
2025-03-01,10:30,Ratnapark,49,37.3,Low,Rain
2025-03-04,13:15,Ratnapark,833,11.5,Medium,Rain
2025-02-16,8:30,Maharajgunj,472,35.2,Low,Rain
2025-03-31,12:00,Lalitpur,50,35.3,Medium,Clear
2025-03-11,11:45,Koteshwor,295,36.6,Low,Clear
2025-04-28,14:00,Maharajgunj,55,35.1,Low,Fog
2025-03-04,11:15,Lalitpur,102,37.2,Medium,Rain
2025-04-07,14:45,Chabahil,943,35.6,Low,Clear
2025-03-22,8:45,Kalanki,400,35.3,Low,Rain
2025-01-30,15:00,Maharajgunj,51,33.6,High,Clear
2025-01-04,8:15,Chabahil,95,33.1,High,Cloudy
2025-01-06,10:45,Maharajgunj,96,7.7,Low,Rain
2025-01-10,8:45,Bhaktapur,557,37.5,Medium,Fog
2025-04-07,9:15,Koteshwor,45,34.7,High,Cloudy
2025-03-08,13:00,Chabahil,46,33.2,Low,Rain
2025-02-12,15:00,Kalanki,671,49.1,Medium,Clear
2025-04-19,12:00,Lalitpur,909,0.0,Low,Fog
2025-04-16,13:45,Maharajgunj,51,37.5,Low,Clear
2025-04-20,11:15,Maharajgunj,100,33.4,Medium,Rain
2025-03-22,11:30,Ratnapark,100,35.7,High,Cloudy
2025-04-25,9:30,Lalitpur,50,35.2,Low,Clear
2025-01-21,9:30,Baneshwor,102,32.3,Low,Clear
2025-02-04,8:30,Chabahil,49,32.4,Low,Rain
2025-01-05,11:15,Lalitpur,54,32.4,Low,Clear
2025-01-08,8:15,Chabahil,101,26.6,High,Rain
2025-01-29,8:45,Bhaktapur,47,42.0,Medium,Rain
2025-02-19,10:00,Kalanki,53,14.3,Medium,Rain
2025-04-04,13:45,Lalitpur,54,31.0,Medium,Fog
2025-04-23,13:45,Bhaktapur,97,28.3,Low,Cloudy
2025-05-04,15:30,Baneshwor,100,35.1,Low,Cloudy
2025-02-08,8:00,Kalanki,295,35.6,Medium,Clear
2025-01-16,11:30,Baneshwor,360,36.5,Low,Cloudy
2025-01-04,12:30,Kalanki,897,35.9,Low,Cloudy
2025-02-03,11:45,Ratnapark,97,32.8,Medium,Rain
2025-02-10,13:30,Kalanki,221,9.6,Medium,Cloudy
2025-05-02,10:00,Bhaktapur,96,55.7,Low,Rain
2025-01-03,15:45,Bhaktapur,53,8.6,High,Clear
2025-04-24,10:00,Koteshwor,55,57.6,High,Cloudy
2025-02-27,8:15,Lalitpur,52,33.9,Medium,Clear
2025-03-14,13:00,Kalanki,97,39.0,Low,Cloudy
2025-03-16,12:45,Chabahil,51,32.3,Medium,Fog
2025-01-08,9:15,Kalanki,98,37.3,Low,Fog
2025-04-03,13:45,Baneshwor,99,25.7,Low,Clear
2025-03-17,12:15,Kalanki,98,38.6,Low,Fog
2025-04-06,12:45,Kalanki,53,15.7,High,Cloudy
2025-01-24,12:45,Ratnapark,55,35.4,High,Rain
2025-02-26,12:45,Bhaktapur,101,31.7,Low,Clear
2025-01-17,14:15,Chabahil,98,32.3,Low,Rain
2025-01-25,14:15,Lalitpur,137,32.8,High,Clear
2025-04-12,14:00,Lalitpur,46,39.1,Low,Rain
2025-01-13,10:00,Baneshwor,51,35.5,High,Cloudy
2025-04-20,11:00,Ratnapark,55,36.5,High,Cloudy
2025-04-20,13:00,Maharajgunj,95,37.1,Medium,Fog
2025-02-27,13:30,Koteshwor,770,50.6,Low,Rain
2025-01-18,15:30,Maharajgunj,370,32.2,Medium,Cloudy
2025-04-24,10:30,Baneshwor,99,35.0,High,Clear
2025-04-28,12:00,Koteshwor,103,33.8,High,Cloudy
2025-02-12,14:30,Koteshwor,447,35.8,Medium,Clear
2025-03-23,8:45,Kalanki,401,36.1,Low,Rain
2025-04-18,15:00,Lalitpur,103,33.6,Low,Cloudy
2025-04-10,10:00,Baneshwor,103,36.4,Low,Fog
2025-03-04,10:45,Koteshwor,149,37.3,Low,Cloudy
2025-03-18,10:45,Koteshwor,618,36.4,High,Rain
2025-03-16,11:15,Lalitpur,684,39.2,High,Rain
2025-02-21,8:15,Ratnapark,46,36.6,Medium,Cloudy
2025-03-14,9:45,Baneshwor,302,23.0,Medium,Clear
2025-01-12,10:30,Koteshwor,570,36.3,Medium,Clear
2025-04-13,12:30,Ratnapark,667,59.4,High,Clear
2025-01-05,8:00,Kalanki,702,35.7,Low,Clear
2025-03-23,11:30,Ratnapark,98,33.8,High,Cloudy
2025-04-19,10:00,Baneshwor,100,32.8,Low,Rain
2025-03-04,12:15,Chabahil,443,37.3,High,Fog
2025-01-10,9:00,Maharajgunj,96,8.7,High,Clear
2025-02-01,15:00,Maharajgunj,52,38.3,High,Clear
2025-03-26,13:00,Chabahil,48,0.0,Medium,Cloudy
2025-01-22,9:15,Maharajgunj,102,36.8,High,Fog
2025-04-17,8:45,Koteshwor,97,34.5,Medium,Rain
2025-02-26,11:15,Koteshwor,55,15.3,High,Clear
2025-05-02,12:30,Kalanki,49,33.5,Medium,Cloudy
2025-03-01,8:15,Lalitpur,47,36.8,Medium,Clear
2025-04-13,8:45,Koteshwor,51,36.2,Medium,Cloudy
2025-04-25,15:00,Ratnapark,97,14.7,Low,Rain
2025-03-04,8:30,Ratnapark,221,22.3,High,Cloudy
2025-01-25,10:00,Ratnapark,103,8.4,High,Clear
2025-03-15,15:00,Maharajgunj,183,35.4,High,Rain
2025-04-17,8:15,Kalanki,97,15.2,Medium,Clear
2025-02-25,11:00,Maharajgunj,51,50.4,Low,Fog
2025-01-31,11:00,Koteshwor,808,46.5,High,Cloudy
2025-03-19,13:15,Kalanki,104,35.4,High,Fog
2025-03-27,13:45,Ratnapark,246,35.4,Low,Rain
2025-01-21,15:30,Kalanki,246,35.6,Low,Clear
2025-04-08,15:00,Lalitpur,48,37.2,Medium,Clear
2025-02-05,9:45,Koteshwor,95,31.1,High,Clear
2025-03-06,9:15,Ratnapark,49,31.5,Low,Cloudy
2025-04-15,13:15,Baneshwor,102,50.2,High,Clear
2025-02-23,15:30,Chabahil,95,32.6,High,Cloudy
2025-01-21,10:15,Bhaktapur,51,34.9,High,Cloudy
2025-02-11,9:30,Ratnapark,51,36.4,Medium,Clear
2025-01-18,12:45,Bhaktapur,101,35.6,Low,Clear
2025-03-04,11:45,Bhaktapur,339,30.6,Low,Fog
2025-02-16,8:30,Chabahil,105,34.7,High,Cloudy
2025-03-02,11:30,Baneshwor,985,50.9,Low,Fog
2025-01-02,10:45,Maharajgunj,55,54.4,Medium,Clear
2025-01-09,8:15,Chabahil,96,21.9,High,Rain
2025-02-13,12:30,Baneshwor,99,33.8,Medium,Rain
2025-03-21,15:00,Lalitpur,96,31.6,Low,Cloudy
2025-03-20,9:30,Lalitpur,49,34.1,High,Cloudy
2025-03-08,13:30,Koteshwor,99,53.5,High,Clear
2025-04-01,10:30,Chabahil,48,39.1,High,Clear
2025-03-01,13:30,Koteshwor,773,50.3,Low,Rain
2025-02-03,14:15,Maharajgunj,101,37.2,Medium,Clear
2025-03-24,12:30,Lalitpur,104,38.6,Medium,Fog
2025-04-18,11:30,Kalanki,663,56.4,Medium,Rain
2025-01-24,14:15,Lalitpur,131,30.8,High,Clear
2025-03-14,8:45,Koteshwor,98,56.4,Low,Fog
2025-04-01,13:15,Bhaktapur,105,34.0,Low,Fog
2025-03-13,8:15,Bhaktapur,971,47.2,Medium,Rain
2025-02-24,11:15,Koteshwor,53,16.7,High,Clear
2025-02-09,9:15,Chabahil,103,35.1,High,Cloudy
2025-04-29,9:15,Bhaktapur,97,37.6,Low,Rain
2025-03-13,10:00,Ratnapark,45,22.4,Medium,Fog
2025-03-07,12:30,Lalitpur,749,17.7,Low,Rain
2025-02-26,12:45,Ratnapark,553,35.4,Low,Fog
2025-04-12,9:30,Kalanki,558,33.5,High,Clear
2025-02-09,10:30,Ratnapark,50,33.9,Low,Rain
2025-01-10,11:15,Kalanki,54,34.6,High,Cloudy
2025-04-17,14:00,Bhaktapur,101,36.1,Medium,Rain
2025-02-24,15:00,Chabahil,105,32.5,High,Clear
2025-03-14,14:45,Baneshwor,103,35.2,Low,Clear
2025-01-01,15:45,Bhaktapur,50,9.2,High,Clear
2025-04-21,10:15,Chabahil,54,33.2,Medium,Rain
2025-04-15,12:45,Lalitpur,538,29.2,Medium,Cloudy
2025-03-14,12:30,Koteshwor,97,30.4,High,Fog
2025-03-10,13:30,Lalitpur,383,33.5,Low,Clear
2025-04-11,15:15,Maharajgunj,118,32.8,Low,Rain
2025-03-29,12:45,Kalanki,129,47.4,Medium,Fog
2025-03-07,13:00,Chabahil,52,29.4,Low,Rain
2025-04-05,8:30,Baneshwor,348,49.4,Low,Fog
2025-03-01,14:30,Lalitpur,475,36.8,Medium,Clear
2025-01-12,12:30,Maharajgunj,800,41.8,High,Rain
2025-03-16,9:15,Ratnapark,649,36.0,High,Rain
2025-05-05,9:00,Ratnapark,894,24.0,High,Fog
2025-03-30,12:45,Kalanki,121,44.9,Medium,Fog
2025-04-02,11:15,Bhaktapur,289,2.0,High,Cloudy
2025-01-21,11:15,Ratnapark,48,36.4,Low,Rain
2025-01-21,8:15,Ratnapark,356,32.4,High,Cloudy
2025-03-15,15:00,Maharajgunj,189,34.1,High,Rain
2025-04-04,11:15,Chabahil,536,34.5,High,Cloudy
2025-04-19,10:45,Chabahil,434,21.7,Medium,Clear
2025-01-31,10:00,Maharajgunj,101,52.4,High,Fog
2025-02-04,11:45,Lalitpur,45,12.2,Low,Rain
2025-04-01,15:00,Chabahil,100,30.7,High,Cloudy
2025-04-17,11:30,Baneshwor,928,36.5,Low,Rain
2025-02-24,15:45,Chabahil,315,44.0,Medium,Fog
2025-01-05,9:45,Bhaktapur,99,34.4,Medium,Rain
2025-03-08,15:30,Lalitpur,47,34.3,High,Rain
2025-04-02,13:45,Lalitpur,48,28.9,High,Fog
2025-03-29,8:45,Maharajgunj,97,33.4,High,Fog
2025-01-31,15:30,Ratnapark,101,29.9,Low,Cloudy
2025-02-08,9:30,Ratnapark,47,37.1,Medium,Rain
2025-01-13,10:00,Baneshwor,54,33.8,High,Cloudy
2025-02-22,12:15,Chabahil,99,37.1,High,Fog
2025-01-28,13:15,Bhaktapur,96,19.5,High,Fog
2025-03-11,14:15,Bhaktapur,96,35.2,Medium,Clear
2025-04-13,14:45,Bhaktapur,53,36.7,Low,Rain
2025-04-29,13:00,Baneshwor,55,37.1,Medium,Cloudy
2025-05-01,14:45,Ratnapark,539,6.5,High,Clear
2025-02-18,11:30,Ratnapark,45,35.4,Low,Cloudy
2025-02-26,8:15,Baneshwor,565,36.2,High,Fog
2025-01-04,10:30,Ratnapark,45,17.9,High,Cloudy
2025-02-03,14:15,Ratnapark,47,32.4,Medium,Clear
2025-01-29,13:00,Chabahil,96,32.5,Medium,Clear
2025-03-08,10:15,Koteshwor,748,30.8,Medium,Fog
2025-04-25,12:00,Baneshwor,99,36.5,High,Cloudy
2025-02-11,14:15,Chabahil,703,34.2,Medium,Clear
2025-04-09,8:45,Baneshwor,96,14.6,Medium,Clear
2025-04-17,13:00,Maharajgunj,55,49.8,High,Cloudy
2025-01-12,8:15,Chabahil,95,21.0,High,Rain
2025-02-28,10:00,Bhaktapur,55,19.8,Low,Fog
2025-02-25,9:30,Chabahil,317,59.1,Medium,Fog
2025-04-18,8:30,Kalanki,47,47.8,Low,Fog
2025-02-16,9:15,Maharajgunj,714,36.8,Medium,Rain
2025-04-11,11:15,Chabahil,50,40.0,Low,Fog
2025-03-02,15:30,Koteshwor,55,10.2,High,Clear
2025-01-22,10:00,Baneshwor,101,42.9,Low,Cloudy
2025-01-04,8:00,Kalanki,702,37.5,Low,Clear
2025-02-27,8:45,Kalanki,588,16.4,High,Fog
2025-04-08,8:30,Kalanki,913,32.2,Medium,Clear
2025-04-21,13:45,Bhaktapur,97,30.4,Low,Cloudy
2025-01-23,14:15,Lalitpur,101,36.5,High,Clear
2025-04-21,12:30,Ratnapark,97,37.4,Low,Cloudy
2025-02-11,11:15,Chabahil,471,36.6,Medium,Clear
2025-04-24,8:45,Koteshwor,49,9.5,High,Clear
2025-03-29,11:15,Baneshwor,98,39.1,Low,Rain
2025-04-22,14:45,Koteshwor,103,29.7,Low,Fog
2025-02-12,11:00,Maharajgunj,51,26.1,High,Clear
2025-04-17,14:45,Ratnapark,45,36.0,High,Rain
2025-01-02,10:45,Maharajgunj,51,54.9,Medium,Clear
2025-01-04,14:00,Koteshwor,528,8.2,High,Fog
2025-01-23,8:45,Bhaktapur,97,35.8,High,Fog
2025-04-25,14:30,Bhaktapur,97,35.2,High,Rain
2025-04-29,13:45,Lalitpur,98,28.7,Medium,Clear
2025-02-19,14:00,Koteshwor,100,47.4,Low,Clear
2025-04-08,10:15,Koteshwor,51,32.2,Medium,Clear
2025-04-26,14:30,Bhaktapur,45,37.0,Low,Cloudy
2025-04-19,11:30,Baneshwor,929,34.6,Low,Rain
2025-02-20,15:45,Ratnapark,51,28.1,Low,Fog
2025-01-31,8:00,Chabahil,55,35.8,Low,Rain
2025-01-31,9:00,Baneshwor,643,35.8,Medium,Rain
2025-03-13,15:00,Baneshwor,45,31.3,Low,Fog
2025-01-02,14:45,Baneshwor,45,33.3,Medium,Cloudy
2025-04-25,8:45,Koteshwor,54,8.2,High,Clear
2025-01-07,14:45,Baneshwor,149,33.5,Low,Cloudy
2025-04-26,14:30,Chabahil,49,37.4,Low,Cloudy
2025-04-29,12:00,Koteshwor,95,34.7,High,Cloudy
2025-02-13,15:15,Baneshwor,663,34.1,Low,Clear
2025-05-01,10:00,Bhaktapur,97,37.2,Medium,Fog
2025-03-01,11:30,Baneshwor,993,50.0,Low,Fog
2025-01-26,11:30,Koteshwor,361,46.5,Low,Clear
2025-01-14,14:15,Chabahil,103,33.8,Low,Rain
2025-01-24,12:30,Maharajgunj,53,35.6,Medium,Fog
2025-03-09,10:45,Bhaktapur,100,28.1,Medium,Fog
2025-04-30,13:45,Koteshwor,97,41.1,Medium,Fog
2025-04-07,15:30,Maharajgunj,836,35.2,Low,Cloudy
2025-03-31,9:00,Kalanki,808,0.0,High,Rain
2025-03-17,9:15,Ratnapark,648,32.8,High,Rain
2025-04-24,12:30,Chabahil,96,36.9,High,Fog
2025-03-12,11:45,Koteshwor,303,33.7,Low,Clear
2025-02-01,10:00,Bhaktapur,49,35.8,Medium,Clear
2025-04-23,8:15,Kalanki,102,32.7,Low,Fog
2025-01-12,15:15,Koteshwor,49,35.1,High,Fog
2025-03-16,8:00,Chabahil,95,33.7,Low,Rain
2025-02-02,12:00,Chabahil,98,34.4,Low,Cloudy
2025-02-13,9:30,Ratnapark,49,33.4,Medium,Clear
2025-04-18,10:00,Baneshwor,101,37.1,Low,Rain
2025-01-12,13:15,Bhaktapur,957,31.0,Low,Clear
2025-04-20,11:00,Ratnapark,54,34.7,High,Cloudy
2025-01-05,9:45,Maharajgunj,257,2.8,Medium,Clear
2025-02-24,9:45,Koteshwor,770,38.2,Medium,Rain
2025-01-21,12:00,Kalanki,102,36.8,Medium,Cloudy
2025-03-17,11:45,Koteshwor,881,42.6,Medium,Fog
2025-01-14,11:45,Bhaktapur,194,31.8,High,Clear
2025-04-05,10:30,Maharajgunj,47,25.7,Medium,Cloudy
2025-04-28,14:00,Maharajgunj,55,37.4,Low,Fog
2025-03-09,14:30,Lalitpur,96,10.7,Low,Clear
2025-01-24,8:00,Bhaktapur,45,35.2,Medium,Rain
2025-03-31,8:30,Bhaktapur,100,32.9,High,Fog
2025-01-25,14:15,Lalitpur,103,33.1,High,Clear
2025-01-01,8:15,Maharajgunj,47,46.4,High,Unknown
2025-04-29,13:15,Koteshwor,99,36.4,Low,Clear
2025-04-06,11:15,Chabahil,470,37.0,Medium,Cloudy
2025-01-11,10:00,Baneshwor,53,36.6,High,Cloudy
2025-03-15,13:00,Lalitpur,932,34.7,Low,Rain
2025-02-13,14:15,Ratnapark,482,33.6,Medium,Cloudy
2025-02-18,10:45,Baneshwor,130,34.2,Medium,Fog
2025-02-17,12:00,Ratnapark,337,55.6,High,Cloudy
2025-04-05,9:15,Koteshwor,46,38.6,High,Cloudy
2025-03-23,10:00,Kalanki,892,32.3,Medium,Cloudy
2025-02-12,10:45,Kalanki,301,37.9,Low,Clear
2025-04-17,10:00,Ratnapark,802,33.2,High,Cloudy
2025-02-03,13:00,Chabahil,55,61.1,High,Cloudy
2025-03-08,11:45,Koteshwor,50,59.7,High,Rain
2025-03-28,12:45,Kalanki,125,48.6,Medium,Fog
2025-03-15,13:30,Kalanki,101,41.8,Low,Cloudy
2025-04-28,12:00,Koteshwor,99,35.2,High,Cloudy
2025-05-04,11:30,Chabahil,687,28.9,Medium,Clear
2025-03-21,10:00,Ratnapark,96,36.5,High,Cloudy
2025-04-05,14:45,Baneshwor,46,20.9,High,Rain
2025-04-27,10:15,Bhaktapur,869,24.0,High,Clear
2025-02-05,10:15,Koteshwor,98,36.6,Medium,Rain
2025-02-10,12:30,Koteshwor,48,31.4,Medium,Cloudy
2025-05-05,10:30,Maharajgunj,346,35.0,Medium,Rain
2025-01-19,10:00,Baneshwor,98,43.6,Low,Cloudy
2025-03-29,11:15,Baneshwor,99,35.8,Low,Rain
2025-02-18,14:00,Chabahil,103,34.7,Low,Fog
2025-04-17,13:45,Chabahil,656,35.3,High,Fog
2025-03-31,14:15,Lalitpur,47,33.6,Medium,Fog
2025-01-21,15:45,Koteshwor,99,31.5,Medium,Cloudy
2025-02-11,10:30,Ratnapark,104,37.0,High,Clear
2025-01-27,12:15,Kalanki,50,32.7,Low,Fog
2025-04-29,8:30,Maharajgunj,97,34.7,Low,Rain
2025-02-03,8:00,Bhaktapur,45,33.5,High,Rain
2025-01-06,12:15,Baneshwor,54,38.2,Low,Rain
2025-02-08,13:30,Kalanki,225,8.8,Medium,Cloudy
2025-03-03,14:30,Lalitpur,467,34.4,Medium,Clear
2025-01-27,11:30,Koteshwor,356,51.5,Low,Clear
2025-03-31,10:15,Baneshwor,47,39.3,Medium,Fog
2025-04-04,15:15,Chabahil,100,44.8,High,Cloudy
2025-02-01,13:00,Chabahil,98,34.2,Medium,Clear
2025-02-17,13:30,Ratnapark,553,50.4,Low,Fog
2025-03-30,13:45,Baneshwor,103,25.9,Low,Clear
2025-04-21,13:45,Bhaktapur,100,28.1,Low,Cloudy
2025-01-29,8:30,Kalanki,496,18.0,Low,Fog
2025-04-24,11:15,Baneshwor,674,35.3,Medium,Clear
2025-03-04,13:00,Ratnapark,47,5.2,High,Clear
2025-03-24,13:15,Lalitpur,53,2.0,Medium,Rain
2025-03-06,13:00,Chabahil,50,33.2,Low,Rain
2025-04-26,12:30,Baneshwor,438,35.6,Low,Cloudy
2025-04-08,10:30,Maharajgunj,45,28.6,Medium,Cloudy
2025-03-19,9:30,Lalitpur,46,34.3,High,Cloudy
2025-04-10,8:30,Kalanki,916,30.0,Medium,Clear
2025-02-20,11:30,Ratnapark,47,35.9,Low,Cloudy
2025-03-31,14:45,Baneshwor,45,63.3,Low,Clear
2025-02-26,9:00,Baneshwor,388,34.2,High,Cloudy
2025-04-02,11:45,Bhaktapur,406,32.1,Medium,Clear
2025-03-25,10:00,Kalanki,353,36.4,Medium,Fog
2025-04-06,8:00,Koteshwor,50,10.5,Medium,Fog
2025-04-14,8:45,Koteshwor,99,36.1,Medium,Rain
2025-02-17,9:15,Maharajgunj,708,38.4,Medium,Rain
2025-01-25,8:00,Baneshwor,905,36.6,Low,Rain
2025-04-25,12:15,Kalanki,105,9.4,Medium,Cloudy
2025-01-21,13:00,Kalanki,45,0.0,Low,Clear
2025-04-21,11:00,Ratnapark,51,35.6,High,Cloudy
2025-03-26,14:00,Ratnapark,547,34.9,Low,Fog
2025-02-28,12:15,Ratnapark,99,34.9,Medium,Fog
2025-01-20,10:00,Ratnapark,48,34.5,Medium,Clear
2025-03-21,14:15,Maharajgunj,463,35.5,High,Rain
2025-01-30,11:00,Ratnapark,629,32.4,High,Fog
2025-01-11,8:00,Baneshwor,52,36.6,High,Cloudy
2025-03-04,13:00,Ratnapark,55,3.2,High,Clear
2025-03-24,11:00,Baneshwor,102,34.5,Medium,Rain
2025-01-06,10:45,Baneshwor,49,35.7,Medium,Cloudy
2025-02-08,13:30,Kalanki,221,7.1,Medium,Cloudy
2025-01-03,10:45,Lalitpur,46,31.1,Medium,Rain
2025-05-02,13:45,Koteshwor,101,36.2,Medium,Fog
2025-04-04,15:15,Chabahil,99,41.1,High,Cloudy
2025-01-17,9:45,Kalanki,47,53.4,Low,Clear
2025-01-29,10:45,Koteshwor,53,18.7,Low,Fog
2025-02-20,10:00,Koteshwor,103,38.0,Low,Rain
2025-02-15,13:30,Ratnapark,560,49.0,Low,Fog
2025-02-27,13:15,Baneshwor,105,35.1,Medium,Cloudy
2025-04-30,9:15,Bhaktapur,104,31.0,Low,Rain
2025-01-02,11:15,Baneshwor,105,35.3,Low,Fog
2025-02-03,8:45,Ratnapark,769,17.8,High,Clear
2025-04-28,9:30,Maharajgunj,45,32.4,Low,Rain
2025-01-24,8:00,Bhaktapur,47,35.2,Medium,Rain
2025-01-05,10:30,Ratnapark,46,34.2,High,Clear
2025-02-20,9:15,Maharajgunj,98,34.6,Low,Rain
2025-03-04,14:00,Maharajgunj,46,35.1,High,Rain
2025-01-02,8:15,Kalanki,55,5.1,Medium,Fog
2025-04-04,11:30,Lalitpur,864,35.5,Medium,Clear
2025-01-13,9:00,Koteshwor,929,34.8,High,Rain
2025-03-07,9:00,Chabahil,48,35.9,High,Fog
2025-03-14,8:45,Chabahil,49,33.9,Low,Clear
2025-01-25,12:30,Maharajgunj,104,32.9,Low,Cloudy
2025-03-07,14:30,Lalitpur,98,11.6,Low,Clear
2025-04-30,15:15,Bhaktapur,413,39.9,Low,Rain
2025-02-20,14:45,Baneshwor,46,36.9,Medium,Rain
2025-01-26,10:45,Bhaktapur,103,37.4,Low,Rain
2025-03-23,13:15,Lalitpur,46,4.6,Medium,Rain
2025-01-20,13:00,Kalanki,46,0.1,Low,Clear
2025-04-28,11:00,Koteshwor,96,35.6,Medium,Cloudy
2025-01-12,12:30,Maharajgunj,802,42.2,High,Rain
2025-04-27,10:00,Koteshwor,52,58.3,High,Cloudy
2025-04-17,14:00,Bhaktapur,97,34.4,Medium,Rain
2025-04-27,10:00,Koteshwor,54,57.2,High,Cloudy
2025-01-30,14:15,Maharajgunj,55,35.1,Medium,Cloudy
2025-05-01,15:15,Maharajgunj,54,36.1,Medium,Clear
2025-04-10,12:00,Lalitpur,52,36.3,High,Rain
2025-01-20,13:15,Chabahil,101,7.2,Low,Clear
2025-04-25,15:00,Ratnapark,104,17.2,Low,Rain
2025-01-22,13:15,Kalanki,98,56.5,Medium,Clear
2025-03-09,14:30,Lalitpur,101,16.3,Low,Clear
2025-03-15,8:00,Chabahil,105,31.5,Low,Rain
2025-02-05,13:00,Ratnapark,106,30.1,High,Rain
2025-02-17,11:15,Ratnapark,100,36.3,High,Clear
2025-02-18,11:30,Ratnapark,50,35.5,Low,Cloudy
2025-04-26,9:30,Koteshwor,556,35.5,Low,Cloudy
2025-04-29,12:45,Ratnapark,674,36.3,Low,Cloudy
2025-05-02,10:15,Lalitpur,104,35.4,Low,Cloudy
2025-03-10,14:15,Bhaktapur,96,33.9,Medium,Clear
2025-04-20,11:00,Baneshwor,49,36.3,Medium,Fog
2025-01-22,13:15,Chabahil,99,7.0,Low,Clear
2025-03-19,10:00,Baneshwor,101,34.1,High,Rain
2025-02-09,12:30,Koteshwor,48,36.4,Medium,Cloudy
2025-02-14,8:30,Maharajgunj,476,36.3,Low,Rain
2025-01-08,8:00,Bhaktapur,50,10.4,Medium,Clear
2025-02-11,8:00,Chabahil,103,54.4,High,Clear
2025-01-15,10:30,Baneshwor,608,37.7,High,Clear
2025-05-03,15:00,Maharajgunj,755,37.0,High,Fog
2025-04-01,8:15,Kalanki,224,35.1,Low,Rain
2025-01-30,10:30,Koteshwor,53,34.7,Medium,Fog
2025-04-23,15:15,Lalitpur,804,34.1,Low,Fog
2025-03-19,8:45,Baneshwor,95,26.7,Low,Cloudy
2025-04-23,8:00,Kalanki,52,34.5,High,Clear
2025-02-22,15:00,Lalitpur,45,35.0,High,Fog
2025-03-06,13:00,Chabahil,48,32.0,Low,Rain
2025-04-05,10:15,Maharajgunj,47,36.2,Medium,Clear
2025-03-22,12:30,Lalitpur,48,32.1,High,Cloudy
2025-02-10,10:30,Ratnapark,51,34.8,Low,Rain
2025-03-01,12:15,Baneshwor,103,7.0,Low,Fog
2025-01-28,11:30,Koteshwor,363,49.1,Low,Clear
2025-04-01,14:45,Baneshwor,54,55.5,Low,Clear
2025-01-05,15:45,Chabahil,95,31.5,High,Fog
2025-01-19,9:30,Lalitpur,104,33.5,High,Cloudy
2025-01-25,8:30,Ratnapark,95,36.1,Low,Fog
2025-03-08,13:30,Koteshwor,103,57.6,High,Clear
2025-04-09,14:45,Bhaktapur,48,35.0,Low,Rain
2025-03-26,11:00,Baneshwor,97,33.2,Medium,Rain
2025-01-03,8:15,Maharajgunj,53,43.7,High,Unknown
2025-03-13,9:15,Koteshwor,49,0.0,Low,Rain
2025-01-11,12:45,Bhaktapur,642,53.2,High,Cloudy
2025-04-02,15:30,Maharajgunj,95,34.5,Medium,Fog
2025-02-25,11:00,Maharajgunj,95,33.9,Low,Clear
2025-03-10,9:15,Baneshwor,51,55.0,Medium,Fog
2025-04-25,8:45,Ratnapark,340,22.3,Low,Cloudy
2025-02-27,13:15,Lalitpur,499,38.3,Low,Fog
2025-01-29,11:30,Koteshwor,365,48.9,Low,Clear
2025-02-17,10:00,Lalitpur,102,36.0,Medium,Clear
2025-04-11,9:30,Chabahil,51,13.5,High,Rain
2025-04-27,9:30,Koteshwor,564,37.8,Low,Cloudy
2025-03-06,15:30,Koteshwor,53,7.6,High,Clear
2025-04-20,8:15,Lalitpur,417,36.7,Medium,Cloudy
2025-02-22,11:15,Maharajgunj,46,12.8,Low,Clear
2025-02-13,11:30,Bhaktapur,97,34.2,Medium,Clear
2025-02-21,14:45,Lalitpur,99,34.8,Low,Rain
2025-04-26,9:15,Ratnapark,817,22.5,Low,Fog
2025-04-29,9:00,Koteshwor,48,30.6,High,Rain
2025-04-25,10:30,Maharajgunj,52,34.3,Low,Fog
2025-01-09,11:15,Bhaktapur,102,34.3,High,Rain
2025-01-11,11:30,Kalanki,789,30.8,Low,Cloudy
2025-01-05,13:45,Lalitpur,101,34.1,High,Clear
2025-01-07,13:45,Ratnapark,45,9.9,Low,Cloudy
2025-03-24,15:00,Koteshwor,54,21.3,High,Fog
2025-04-25,12:15,Kalanki,98,7.5,Medium,Cloudy
2025-03-29,15:00,Baneshwor,45,1.4,Low,Clear
2025-04-09,10:00,Baneshwor,105,34.5,Low,Fog
2025-03-22,10:00,Ratnapark,99,35.5,High,Cloudy
2025-04-01,9:45,Koteshwor,97,7.2,Low,Rain
2025-03-06,15:30,Koteshwor,47,11.6,High,Clear
2025-03-01,8:30,Koteshwor,98,34.9,High,Clear
2025-01-17,13:30,Lalitpur,96,7.6,Low,Cloudy
2025-02-16,14:15,Lalitpur,161,31.6,High,Fog
2025-04-02,12:45,Maharajgunj,48,33.3,Medium,Cloudy
2025-03-02,9:15,Maharajgunj,49,36.4,Low,Fog
2025-03-20,14:30,Koteshwor,96,34.5,High,Rain
2025-04-27,11:30,Chabahil,100,40.9,Medium,Fog
2025-03-17,8:00,Bhaktapur,53,31.3,High,Cloudy
2025-04-28,9:30,Maharajgunj,52,36.5,Low,Rain
2025-03-28,8:00,Ratnapark,52,32.3,Low,Cloudy
2025-02-26,9:30,Chabahil,313,60.5,Medium,Fog
2025-03-09,11:45,Bhaktapur,48,19.0,Low,Clear
2025-01-15,10:30,Baneshwor,612,32.8,High,Clear
2025-01-29,12:30,Maharajgunj,105,34.9,Low,Cloudy
2025-01-04,12:30,Ratnapark,95,32.4,Low,Clear
2025-03-02,11:30,Baneshwor,990,47.5,Low,Fog
2025-04-05,10:15,Bhaktapur,97,37.5,Low,Clear
2025-03-03,12:15,Baneshwor,102,3.3,Low,Fog
2025-02-06,9:00,Lalitpur,100,36.4,Low,Rain
2025-01-19,13:00,Chabahil,51,38.0,High,Rain
2025-01-27,14:45,Lalitpur,96,36.6,Low,Cloudy
2025-02-06,11:45,Maharajgunj,45,35.8,Low,Clear
2025-03-30,8:00,Ratnapark,100,34.1,High,Rain
2025-01-14,13:15,Baneshwor,97,33.7,High,Rain
2025-05-03,12:30,Kalanki,48,30.5,Medium,Cloudy
2025-02-27,10:45,Lalitpur,330,29.1,Low,Cloudy
2025-04-28,13:45,Koteshwor,97,36.2,Medium,Fog
2025-03-05,9:30,Koteshwor,46,33.6,High,Cloudy
2025-02-25,11:45,Kalanki,46,35.0,Low,Fog
2025-04-10,10:45,Baneshwor,96,35.1,High,Clear
2025-04-02,11:15,Bhaktapur,291,0.7,High,Cloudy
2025-01-21,14:30,Chabahil,96,38.2,Medium,Clear
2025-01-24,9:15,Koteshwor,196,36.5,High,Clear
2025-03-06,11:30,Lalitpur,101,36.8,Medium,Cloudy
2025-02-09,9:00,Baneshwor,101,31.8,High,Cloudy
2025-02-22,8:15,Ratnapark,51,36.0,Medium,Cloudy
2025-03-26,12:30,Kalanki,96,24.2,Medium,Cloudy
2025-04-12,15:15,Chabahil,51,36.3,High,Rain
2025-03-31,14:15,Lalitpur,54,34.6,Medium,Fog
2025-03-31,12:00,Maharajgunj,595,33.0,Low,Clear
2025-04-28,8:30,Maharajgunj,102,35.0,Low,Rain
2025-03-30,10:30,Chabahil,46,44.4,High,Fog
2025-03-04,11:00,Maharajgunj,99,15.6,Low,Cloudy
2025-02-16,15:00,Ratnapark,50,35.9,Low,Rain
2025-03-13,12:45,Chabahil,53,38.2,Medium,Fog
2025-03-26,11:45,Baneshwor,100,37.3,Medium,Cloudy
2025-04-25,9:30,Koteshwor,563,35.1,Low,Cloudy
2025-02-02,9:45,Koteshwor,100,34.1,High,Clear
2025-01-31,13:00,Chabahil,104,31.5,High,Cloudy
2025-03-01,8:15,Lalitpur,54,33.3,Medium,Clear
2025-01-12,11:30,Ratnapark,50,31.3,High,Rain
2025-04-22,14:45,Koteshwor,108,28.4,Low,Fog
2025-04-19,8:15,Lalitpur,426,35.8,Medium,Cloudy
2025-03-02,11:15,Lalitpur,101,30.9,Medium,Rain
2025-03-30,15:30,Ratnapark,95,17.9,Medium,Clear
2025-04-11,15:15,Maharajgunj,109,37.2,Low,Rain
2025-01-25,11:15,Ratnapark,328,15.4,High,Cloudy
2025-04-04,13:15,Bhaktapur,96,35.7,Low,Fog
2025-03-03,14:00,Chabahil,899,37.7,High,Fog
2025-04-05,14:00,Chabahil,51,38.4,Low,Fog
2025-03-11,8:30,Lalitpur,101,18.0,Medium,Fog
2025-04-09,9:30,Chabahil,47,15.6,High,Rain
2025-02-22,14:00,Lalitpur,96,37.9,Low,Rain
2025-04-19,11:00,Ratnapark,45,35.8,High,Cloudy
2025-03-24,13:45,Chabahil,53,37.6,Low,Fog
2025-03-19,14:15,Ratnapark,54,31.9,Medium,Cloudy
2025-04-19,10:00,Baneshwor,97,35.8,Low,Rain
2025-01-18,9:45,Baneshwor,53,41.8,Low,Cloudy
2025-01-08,8:00,Bhaktapur,48,9.7,Medium,Clear
2025-03-07,12:45,Baneshwor,563,45.9,Medium,Rain
2025-03-29,8:00,Ratnapark,608,6.6,High,Fog
2025-03-12,14:45,Baneshwor,101,34.6,Low,Clear
2025-02-24,8:45,Koteshwor,571,36.5,Medium,Fog
2025-01-31,15:30,Ratnapark,100,39.1,Low,Cloudy
2025-03-30,10:30,Chabahil,45,40.9,High,Fog
2025-02-08,14:00,Ratnapark,50,39.0,High,Clear
2025-04-06,9:00,Koteshwor,55,0.0,Medium,Fog
2025-01-15,10:45,Chabahil,50,36.9,High,Rain
2025-05-05,14:45,Chabahil,722,37.3,Low,Cloudy
2025-03-31,8:00,Ratnapark,605,11.1,High,Fog
2025-02-04,8:30,Lalitpur,54,33.5,Medium,Clear
2025-04-09,8:15,Koteshwor,391,34.5,High,Rain
2025-01-18,8:45,Baneshwor,105,49.9,Low,Cloudy
2025-02-06,14:30,Ratnapark,104,34.3,Low,Clear
2025-04-10,12:30,Chabahil,101,37.6,Low,Rain
2025-02-21,11:30,Ratnapark,52,34.8,Low,Cloudy
2025-03-13,9:15,Koteshwor,47,0.0,Low,Rain
2025-04-25,13:45,Lalitpur,47,28.7,High,Rain
2025-04-22,9:30,Chabahil,101,31.8,Low,Fog
2025-03-07,11:45,Ratnapark,54,34.5,High,Clear
2025-02-08,8:30,Ratnapark,51,36.3,Medium,Cloudy
2025-02-14,15:30,Ratnapark,55,33.7,High,Rain
2025-03-18,15:00,Maharajgunj,53,34.2,High,Fog
2025-03-03,11:00,Maharajgunj,100,10.5,Low,Cloudy
2025-02-25,15:00,Chabahil,101,35.3,High,Clear
2025-01-17,10:30,Baneshwor,615,36.0,High,Clear
2025-01-28,12:15,Maharajgunj,104,41.6,High,Fog
2025-02-01,10:45,Koteshwor,45,25.5,Low,Fog
2025-01-13,15:00,Kalanki,51,35.2,High,Rain
2025-02-22,9:00,Bhaktapur,46,36.5,Medium,Fog
2025-01-03,15:45,Kalanki,294,31.8,Medium,Rain
2025-03-14,12:45,Chabahil,430,34.2,Low,Fog
2025-03-05,8:30,Koteshwor,103,34.5,High,Clear
2025-02-13,14:15,Ratnapark,483,33.0,Medium,Cloudy
2025-02-21,8:00,Kalanki,101,33.9,Medium,Cloudy
2025-02-02,14:15,Maharajgunj,102,34.8,Medium,Clear
2025-01-27,12:30,Maharajgunj,46,34.0,Medium,Fog
2025-04-21,15:15,Lalitpur,805,40.2,Low,Fog
2025-03-28,12:45,Kalanki,120,49.0,Medium,Fog
2025-01-08,11:00,Bhaktapur,949,59.0,High,Clear
2025-02-28,15:00,Chabahil,100,38.0,High,Clear
2025-01-29,11:00,Ratnapark,624,33.7,High,Fog
2025-04-14,12:45,Lalitpur,537,30.1,Medium,Cloudy
2025-01-12,11:30,Ratnapark,47,29.1,High,Rain
2025-03-11,15:45,Bhaktapur,98,34.7,Low,Cloudy
2025-05-03,8:30,Maharajgunj,208,33.0,Low,Cloudy
2025-03-03,11:45,Bhaktapur,340,31.1,Low,Fog
2025-03-31,14:45,Koteshwor,306,35.7,High,Fog
2025-04-06,11:45,Lalitpur,414,35.7,Low,Rain
2025-04-13,10:45,Bhaktapur,53,35.5,Medium,Clear
2025-03-11,9:45,Maharajgunj,98,17.9,Low,Cloudy
2025-04-02,12:30,Ratnapark,100,36.7,Medium,Rain
2025-05-04,12:30,Kalanki,45,34.5,Medium,Cloudy
2025-01-27,15:30,Bhaktapur,675,37.8,Low,Fog
2025-03-04,8:30,Bhaktapur,97,31.3,Medium,Fog
2025-04-30,13:15,Koteshwor,103,36.3,Low,Clear
2025-02-15,14:30,Koteshwor,442,36.0,Medium,Clear
2025-02-26,12:45,Bhaktapur,101,33.7,Low,Clear
2025-01-27,9:30,Chabahil,98,4.3,Low,Rain
2025-04-22,8:45,Ratnapark,341,22.9,Low,Cloudy
2025-02-02,11:00,Koteshwor,809,52.8,High,Cloudy
2025-03-07,8:45,Bhaktapur,819,20.5,High,Rain
2025-01-29,9:45,Koteshwor,46,36.3,High,Fog
2025-03-27,14:45,Baneshwor,152,34.1,Medium,Fog
2025-03-30,8:00,Ratnapark,608,10.3,High,Fog
2025-03-04,15:45,Baneshwor,52,31.3,High,Clear
2025-04-24,12:30,Chabahil,100,39.9,High,Fog
2025-03-24,15:45,Maharajgunj,96,33.2,Low,Cloudy
2025-01-30,10:45,Koteshwor,48,23.9,Low,Fog
2025-02-05,11:30,Koteshwor,278,34.9,High,Clear
2025-01-19,11:00,Maharajgunj,101,33.4,Low,Clear
2025-02-02,11:00,Koteshwor,811,51.5,High,Cloudy
2025-02-07,8:30,Chabahil,54,37.1,Low,Rain
2025-02-28,11:45,Kalanki,46,31.9,Low,Fog
2025-05-05,9:00,Baneshwor,104,36.4,Low,Cloudy
2025-04-16,14:45,Baneshwor,854,35.0,Low,Fog
2025-02-05,13:45,Ratnapark,55,36.2,High,Fog
2025-03-07,9:45,Maharajgunj,102,18.0,Low,Cloudy
2025-01-11,12:00,Kalanki,105,33.9,High,Cloudy
2025-04-17,15:00,Lalitpur,509,32.8,High,Rain
2025-04-30,15:15,Maharajgunj,49,36.3,Medium,Clear
2025-03-25,8:00,Baneshwor,52,36.3,Medium,Clear
2025-03-08,15:45,Bhaktapur,50,45.3,Low,Fog
2025-03-20,15:00,Kalanki,529,22.9,Low,Rain
2025-04-12,10:00,Baneshwor,105,36.9,Low,Rain
2025-02-02,14:15,Maharajgunj,48,37.8,Medium,Cloudy
2025-03-28,9:30,Bhaktapur,99,31.2,High,Rain
2025-04-06,9:00,Koteshwor,193,45.3,Low,Fog
2025-04-01,12:45,Kalanki,120,51.4,Medium,Fog
2025-01-30,13:30,Kalanki,97,32.3,Low,Fog
2025-01-17,12:30,Baneshwor,348,57.8,High,Rain
2025-03-05,13:00,Chabahil,51,33.4,Low,Rain
2025-01-25,14:00,Lalitpur,276,31.7,Low,Fog
2025-04-29,9:30,Maharajgunj,55,34.2,Low,Rain
2025-03-14,8:45,Chabahil,47,33.1,Low,Clear
2025-03-06,14:30,Lalitpur,103,12.5,Low,Clear
2025-03-25,14:15,Lalitpur,100,35.6,Medium,Rain
2025-03-06,8:30,Ratnapark,221,21.3,High,Cloudy
2025-01-01,14:30,Lalitpur,453,41.2,High,Clear
2025-02-02,13:00,Chabahil,97,35.5,Medium,Clear
2025-04-02,8:30,Baneshwor,342,51.1,Low,Fog
2025-04-14,14:30,Kalanki,50,38.2,High,Cloudy
2025-03-27,11:45,Baneshwor,96,34.6,Medium,Cloudy
2025-02-22,14:45,Lalitpur,105,38.6,Low,Rain
2025-01-20,14:30,Koteshwor,101,36.8,Medium,Fog
2025-01-02,12:30,Ratnapark,96,32.5,Low,Clear
2025-02-19,12:45,Ratnapark,105,32.5,High,Cloudy
2025-02-07,14:15,Chabahil,699,33.8,Medium,Clear
